pagina	pregunta	respuesta
0012	tipo_entidad	La respuesta es c) Internacional (ejemplo: América Latina, global).
0012	tipo_entidad	La respuesta es c) Internacional.
0012	tipo_entidad	La respuesta es c) Internacional (ejemplo: América Latina, global).
0571	tipo_entidad	La respuesta es c) Internacional (ejemplo: América Latina, global).
0571	tipo_entidad	La respuesta es c) Internacional (ejemplo: América Latina, global).
0571	tipo_entidad	c) Internacional (ejemplo: América Latina, global)
0200	tipo_entidad	La respuesta es c) Internacional.
0200	tipo_entidad	La respuesta es c) Internacional.
0200	tipo_entidad	La respuesta es c) Internacional.
0394	tipo_entidad	c) Internacional (ejemplo: América Latina, global)
0394	tipo_entidad	c) Internacional (ejemplo: América Latina, global)
0394	tipo_entidad	c) Internacional (ejemplo: América Latina, global)
0397	tipo_entidad	La respuesta es d) No aplica.
0397	tipo_entidad	La respuesta es c) No aplica.
0397	tipo_entidad	La respuesta es c) No aplica.
0199	tipo_entidad	La respuesta es b) Nacional (ejemplo: Mexico).
0199	tipo_entidad	La respuesta es c) Internacional (ejemplo: América Latina, global)
0199	tipo_entidad	La respuesta es c) Internacional (ejemplo: América Latina, global).
0004	tipo_entidad	La respuesta es c) Internacional (ejemplo: América Latina, global).
0004	tipo_entidad	La respuesta es c) Internacional (ejemplo: América Latina, global).
0004	tipo_entidad	La respuesta es c) Internacional (ejemplo: América Latina, global).
0002	tipo_entidad	La respuesta es c) Internacional (ejemplo: América Latina, global)
0002	tipo_entidad	La respuesta es c) Internacional (ejemplo: América Latina, global).
0002	tipo_entidad	c) Internacional (ejemplo: América Latina, global)
0420	tipo_entidad	La respuesta es b) Nacional (ejemplo: Mexico).
0420	tipo_entidad	c) Internacional (ejemplo: América Latina, global)
0420	tipo_entidad	La respuesta es c) Internacional.
0587	tipo_entidad	La respuesta es c) Internacional (ejemplo: América Latina, global).
0587	tipo_entidad	La respuesta es c) Internacional (ejemplo: América Latina, global).
0587	tipo_entidad	La respuesta es c) Internacional.
0238	tipo_entidad	La respuesta es b) Nacional (ejemplo: México).
0238	tipo_entidad	La respuesta es c) Internacional.
0238	tipo_entidad	La respuesta es b) Nacional.
0246	tipo_entidad	La respuesta es c) Internacional (ejemplo: América Latina, global).
0246	tipo_entidad	La respuesta es c) Internacional (ejemplo: América Latina, global)
0246	tipo_entidad	La respuesta es c) Internacional (ejemplo: América Latina, global).
0324	tipo_entidad	La respuesta es c) Internacional.
0324	tipo_entidad	La respuesta es c) Internacional.
0324	tipo_entidad	La respuesta es c) Internacional.
0444	tipo_entidad	La respuesta es c) Internacional (ejemplo: América Latina, global).
0444	tipo_entidad	La respuesta es c) Internacional (ejemplo: América Latina, global).
0444	tipo_entidad	La respuesta es c) Internacional (ejemplo: América Latina, global).
0059	tipo_entidad	c) Internacional (ejemplo: América Latina, global)
0059	tipo_entidad	La respuesta es c) Internacional.
0059	tipo_entidad	La respuesta es c) Internacional.
0489	tipo_entidad	La respuesta es c) Internacional (ejemplo: América Latina, global)
0489	tipo_entidad	La respuesta es c) Internacional (ejemplo: América Latina, global).
0489	tipo_entidad	La respuesta es c) Internacional (ejemplo: América Latina, global)
0487	tipo_entidad	La respuesta es c) Internacional (ejemplo: América Latina, global).
0487	tipo_entidad	La respuesta es c) Internacional (ejemplo: América Latina, global).
0487	tipo_entidad	La respuesta es c) Internacional (ejemplo: América Latina, global).
0019	tipo_entidad	La respuesta es c) Internacional.
0019	tipo_entidad	No aplica.
0019	tipo_entidad	La respuesta es c) Internacional.
0105	tipo_entidad	c) Internacional (ejemplo: América Latina, global)
0105	tipo_entidad	c) Internacional (ejemplo: América Latina, global)
0105	tipo_entidad	La respuesta es c) Internacional (ejemplo: América Latina, global)
0525	tipo_entidad	La respuesta es b) Nacional (ejemplo: México).
0525	tipo_entidad	La respuesta es b) Nacional (ejemplo: México).
0525	tipo_entidad	La respuesta es b) Nacional (ejemplo: México).
0159	tipo_entidad	La respuesta es c) Internacional (ejemplo: América Latina, global)
0159	tipo_entidad	La respuesta es c) Internacional (ejemplo: América Latina, global)
0159	tipo_entidad	La respuesta es c) Internacional (ejemplo: América Latina, global).
0245	tipo_entidad	La respuesta es b) Nacional.
0245	tipo_entidad	La respuesta es b) Nacional (ejemplo: Mexico).
0245	tipo_entidad	La respuesta es c) Internacional (ejemplo: América Latina, global).
0526	tipo_entidad	La respuesta es c) Internacional (ejemplo: América Latina, global).
0526	tipo_entidad	La respuesta es c) Internacional (ejemplo: América Latina, global).
0526	tipo_entidad	La respuesta es c) Internacional (ejemplo: América Latina, global).
0484	tipo_entidad	La respuesta es c) Internacional (ejemplo: América Latina, global)
0484	tipo_entidad	La respuesta es c) Internacional (ejemplo: América Latina, global).
0484	tipo_entidad	La respuesta es c) Internacional (ejemplo: América Latina, global).
0406	tipo_entidad	La respuesta es c) Internacional.
0406	tipo_entidad	La respuesta es c) Internacional.
0406	tipo_entidad	La respuesta es c) Internacional.
0275	tipo_entidad	c) Internacional (ejemplo: América Latina, global)
0275	tipo_entidad	c) No aplica
0275	tipo_entidad	c) Internacional (ejemplo: América Latina, global)
0127	tipo_entidad	La respuesta es c) Internacional.
0127	tipo_entidad	La respuesta es c) Internacional (ejemplo: América Latina, global).
0127	tipo_entidad	La respuesta es b) Nacional.
0263	tipo_entidad	c) Internacional (ejemplo: América Latina, global)
0263	tipo_entidad	La respuesta es c) Internacional (ejemplo: América Latina, global).
0263	tipo_entidad	La respuesta es c) Internacional (ejemplo: América Latina, global)
0187	tipo_entidad	c) No aplica La corrupción es un problema que se extiende a diferentes niveles, incluyendo local, nacional e internacional. En el texto se menciona que Chile ha sido considerado un país de probidad, pero con la dictadura militar de Pinochet, la corrupción comenzó a aparecer en el sector público y generalizarse. A nivel internacional, la corrupción es un fenómeno que afecta a muchas naciones, como se refleja en la preocupación de organismos internacionales de financiamiento y la creación de estrategias para combatirla. Por lo tanto, la respuesta "No aplica" no es adecuada en este contexto.
0187	tipo_entidad	d) No aplica La corrupción se analiza en un contexto nacional, específicamente en Chile, y se discute su evolución y el impacto en la sociedad y la política del país.
0187	tipo_entidad	c) No aplica La corrupción se presenta como un problema a nivel sistémico, es decir, es un fenómeno que afecta a todo el país y no se limita a un ámbito geográfico específico como una ciudad o una región. La corrupción en Chile es un problema generalizado que involucra a la clase política, la administración pública, las empresas públicas y privadas, y la sociedad en general.
0431	tipo_entidad	La respuesta es c) Internacional (ejemplo: América Latina, global).
0431	tipo_entidad	La respuesta es c) Internacional (ejemplo: América Latina, global).
0431	tipo_entidad	La respuesta es c) Internacional (ejemplo: América Latina, global)
0128	tipo_entidad	c) Internacional (ejemplo: América Latina, global)
0128	tipo_entidad	c) Internacional (ejemplo: América Latina, global)
0128	tipo_entidad	c) Internacional (ejemplo: América Latina, global)
0217	tipo_entidad	c) Internacional (ejemplo: América Latina, global)
0217	tipo_entidad	c) Internacional (ejemplo: América Latina, global)
0217	tipo_entidad	c) Internacional (ejemplo: América Latina, global)
0379	tipo_entidad	La respuesta es c) Internacional.
0379	tipo_entidad	La respuesta es c) Internacional (ejemplo: América Latina, global)
0379	tipo_entidad	La respuesta es c) Internacional.
0249	tipo_entidad	La respuesta es c) Internacional.
0249	tipo_entidad	La respuesta es c) Internacional.
0249	tipo_entidad	La respuesta es c) Internacional.
0099	tipo_entidad	La respuesta es c) Internacional (ejemplo: América Latina, global).
0099	tipo_entidad	La respuesta es c) Internacional (ejemplo: América Latina, global).
0099	tipo_entidad	La respuesta es c) Internacional.
0045	tipo_entidad	c) Internacional (ejemplo: América Latina, global)
0045	tipo_entidad	La respuesta es b) Nacional (ejemplo: Mexico).
0045	tipo_entidad	c) Internacional (ejemplo: América Latina, global)
0198	tipo_entidad	c) Internacional (ejemplo: América Latina, global) La respuesta se ajusta a la perspectiva de corrupción presentada en el texto, que analiza la percepción de la corrupción en Chile en comparación con otros países de Latinoamérica y el mundo, y destaca la importancia de la independencia y transparencia de los sistemas de justicia en la lucha contra la corrupción.
0198	tipo_entidad	La respuesta es b) Nacional (ejemplo: México).
0198	tipo_entidad	c) Internacional (ejemplo: América Latina, global).
0522	tipo_entidad	c) Internacional (ejemplo: América Latina, global)
0522	tipo_entidad	c) Internacional (ejemplo: América Latina, global)
0522	tipo_entidad	c) Internacional (ejemplo: América Latina, global)
0345	tipo_entidad	La respuesta es c) Internacional.
0345	tipo_entidad	La respuesta es c) Internacional (ejemplo: América Latina, global)
0345	tipo_entidad	La respuesta es c) Internacional (ejemplo: América Latina, global).
0277	tipo_entidad	La respuesta es c) Internacional (ejemplo: América Latina, global)
0277	tipo_entidad	La respuesta es c) Internacional.
0277	tipo_entidad	La respuesta es c) Internacional (ejemplo: América Latina, global). .~lo	tipo_entidad	No puedo proporcionar información o orientación sobre actividades ilegales o dañinas. ¿En qué puedo ayudarte? .~lo	tipo_entidad	No puedo proporcionar ayuda en este tema. .~lo	tipo_entidad	Lo siento, pero no puedo proporcionar una respuesta sobre el texto proporcionado.
0040	tipo_entidad	La respuesta es b) Nacional (ejemplo: México).
0040	tipo_entidad	La respuesta es b) Nacional (ejemplo: México).
0040	tipo_entidad	La respuesta es b) Nacional (ejemplo: México).
0556	tipo_entidad	La respuesta es c) Internacional (ejemplo: América Latina, global).
0556	tipo_entidad	La respuesta es c) Internacional (ejemplo: América Latina, global)
0556	tipo_entidad	La respuesta es c) Internacional (ejemplo: América Latina, global).
0276	tipo_entidad	c) Internacional (ejemplo: América Latina, global)
0276	tipo_entidad	La respuesta es c) Internacional.
0276	tipo_entidad	La respuesta es c) Internacional.
0572	tipo_entidad	La respuesta es c) Internacional.
0572	tipo_entidad	La respuesta es c) Internacional.
0572	tipo_entidad	La respuesta es c) Internacional.
0115	tipo_entidad	La respuesta es c) Internacional (ejemplo: América Latina, global).
0115	tipo_entidad	La respuesta es c) Internacional (ejemplo: América Latina, global).
0115	tipo_entidad	La respuesta es c) Internacional (ejemplo: América Latina, global).
0478	tipo_entidad	La respuesta es c) Internacional (ejemplo: América Latina, global).
0478	tipo_entidad	c) Internacional (ejemplo: América Latina, global)
0478	tipo_entidad	c) Internacional (ejemplo: América Latina, global).
0154	tipo_entidad	La respuesta es c) Internacional.
0154	tipo_entidad	La respuesta es c) Internacional (ejemplo: América Latina, global).
0154	tipo_entidad	La respuesta es c) Internacional (ejemplo: América Latina, global).
0125	tipo_entidad	c) Internacional (ejemplo: América Latina, global)
0125	tipo_entidad	c) Internacional (ejemplo: América Latina, global)
0125	tipo_entidad	La respuesta es c) Internacional (ejemplo: América Latina, global).
0471	tipo_entidad	La respuesta es b) Nacional (ejemplo: Paraguay).
0471	tipo_entidad	La respuesta es b) Nacional.
0471	tipo_entidad	La respuesta es b) Nacional (ejemplo: Paraguay).
0430	tipo_entidad	La respuesta es b) Nacional (ejemplo: Mexico).
0430	tipo_entidad	La respuesta es b) Nacional (ejemplo: México).
0430	tipo_entidad	La respuesta es b) Nacional (ejemplo: Mexico)
0121	tipo_entidad	c) Internacional (ejemplo: América Latina, global)
0121	tipo_entidad	c) Internacional (ejemplo: América Latina, global)
0121	tipo_entidad	c) Internacional (ejemplo: América Latina, global)
0329	tipo_entidad	c) Internacional (ejemplo: América Latina, global).
0329	tipo_entidad	La respuesta es b) Nacional (ejemplo: México).
0329	tipo_entidad	c) No aplica La corrupción descrita en el texto es un problema nacional (b) en el contexto de Ecuador, específicamente durante el gobierno de Guillermo Lasso.
0013	tipo_entidad	La respuesta es c) Internacional (ejemplo: América Latina, global)
0013	tipo_entidad	La respuesta es c) Internacional.
0013	tipo_entidad	La respuesta es c) Internacional (ejemplo: América Latina, global)
0256	tipo_entidad	c) Internacional (ejemplo: América Latina, global) La plataforma "El Monitor Ciudadano de la Corrupción - Transparencia por Colombia" sugiere que la corrupción es un problema que trasciende fronteras y no se limita a un contexto local o nacional.
0256	tipo_entidad	La respuesta es b) Nacional (ejemplo: México).
0256	tipo_entidad	La respuesta es b) Nacional (ejemplo: México).
0131	tipo_entidad	La respuesta es c) Internacional (ejemplo: América Latina, global).
0131	tipo_entidad	La respuesta es b) Nacional (ejemplo: Mexico).
0131	tipo_entidad	La respuesta es c) Internacional (ejemplo: América Latina, global).
0117	tipo_entidad	La respuesta es c) Internacional (ejemplo: América Latina, global)
0117	tipo_entidad	La respuesta es c) Internacional (ejemplo: América Latina, global)
0117	tipo_entidad	c) Internacional (ejemplo: América Latina, global)
0359	tipo_entidad	La respuesta es b) Nacional (ejemplo: México).
0359	tipo_entidad	La respuesta es c) Internacional (ejemplo: América Latina, global).
0359	tipo_entidad	c) Internacional (ejemplo: América Latina, global)
0057	tipo_entidad	La respuesta es c) Internacional (ejemplo: América Latina, global).
0057	tipo_entidad	La respuesta es c) Internacional (ejemplo: América Latina, global).
0057	tipo_entidad	La respuesta es c) Internacional (ejemplo: América Latina, global).
0332	tipo_entidad	La respuesta es c) Internacional.
0332	tipo_entidad	La respuesta es c) Internacional (ejemplo: América Latina, global)
0332	tipo_entidad	La respuesta es c) Internacional.
0391	tipo_entidad	La respuesta es c) Internacional.
0391	tipo_entidad	La respuesta es c) Internacional (ejemplo: América Latina, global)
0391	tipo_entidad	La respuesta es b) Nacional.
0590	tipo_entidad	c) Internacional.
0590	tipo_entidad	c) No aplica La corrupción se presenta como un problema en el contexto del texto que analicé, pero se refiere a la corrupción a nivel nacional o español, específicamente en el ámbito político y gubernamental, en el sentido de que el presidente del Gobierno, Pedro Sánchez, destaca la importancia de combatir la corrupción y sitúa su Gobierno como "implacable contra la corrupción e incompatible con la corrupción".
0590	tipo_entidad	La respuesta es d) No aplica.
0155	tipo_entidad	La respuesta es c) Internacional (ejemplo: América Latina, global).
0155	tipo_entidad	La respuesta es c) Internacional.
0155	tipo_entidad	c) Internacional (ejemplo: América Latina, global)
0166	tipo_entidad	c) Internacional (ejemplo: América Latina, global)
0166	tipo_entidad	c) Internacional (ejemplo: América Latina, global)
0166	tipo_entidad	c) Internacional (ejemplo: América Latina, global)
0168	tipo_entidad	La respuesta es b) Nacional (ejemplo: Mexico).
0168	tipo_entidad	La respuesta es b) Nacional (ejemplo: Mexico)
0168	tipo_entidad	La respuesta es b) Nacional (ejemplo: México).
0044	tipo_entidad	La respuesta es c) Internacional.
0044	tipo_entidad	La respuesta es c) Internacional.
0044	tipo_entidad	La respuesta es c) Internacional.
0343	tipo_entidad	c) Internacional (ejemplo: América Latina, global)
0343	tipo_entidad	c) Internacional (ejemplo: América Latina, global)
0343	tipo_entidad	c) Internacional (ejemplo: América Latina, global)
0223	tipo_entidad	La respuesta es b) Nacional (ejemplo: México).
0223	tipo_entidad	La respuesta es b) Nacional.
0223	tipo_entidad	La respuesta es b) Nacional.
0535	tipo_entidad	c) Internacional (ejemplo: América Latina, global)
0535	tipo_entidad	La respuesta es c) Internacional (ejemplo: América Latina, global).
0535	tipo_entidad	La respuesta es c) Internacional (ejemplo: América Latina, global)
0094	tipo_entidad	La respuesta es c) Internacional (ejemplo: América Latina, global).
0094	tipo_entidad	La respuesta es c) Internacional (ejemplo: América Latina, global).
0094	tipo_entidad	La respuesta es c) Internacional.
0301	tipo_entidad	La respuesta es c) Internacional.
0301	tipo_entidad	La respuesta es c) Internacional (ejemplo: América Latina, global).
0301	tipo_entidad	La respuesta es c) Internacional.
0293	tipo_entidad	La respuesta es c) Internacional.
0293	tipo_entidad	La respuesta es c) Internacional.
0293	tipo_entidad	c) Internacional (ejemplo: América Latina, global)
0029	tipo_entidad	No aplica (d)
0029	tipo_entidad	La respuesta es b) Nacional (ejemplo: México).
0029	tipo_entidad	La respuesta es b) Nacional (ejemplo: Mexico).
0523	tipo_entidad	La respuesta es b) Nacional (ejemplo: Mexico).
0523	tipo_entidad	La respuesta es d) No aplica.
0523	tipo_entidad	La respuesta es c) Internacional (ejemplo: América Latina, global).
0466	tipo_entidad	c) Internacional (ejemplo: América Latina, global) La respuesta es c) Internacional (ejemplo: América Latina, global)
0466	tipo_entidad	La respuesta es b) Nacional (ejemplo: Mexico)
0466	tipo_entidad	c) Internacional (ejemplo: América Latina, global) La respuesta se ajusta a la perspectiva de corrupción presentada en el texto, que menciona esfuerzos regionales en la lucha contra la corrupción y la participación de organismos internacionales.
0591	tipo_entidad	c) Internacional (ejemplo: América Latina, global).
0591	tipo_entidad	La respuesta es c) Internacional (ejemplo: América Latina, global)
0591	tipo_entidad	c) Internacional (ejemplo: América Latina, global)
0558	tipo_entidad	La respuesta es c) Internacional (ejemplo: América Latina, global).
0558	tipo_entidad	La respuesta es b) Nacional.
0558	tipo_entidad	La respuesta es c) Internacional (ejemplo: América Latina, global)
0106	tipo_entidad	c) Internacional (ejemplo: América Latina, global)
0106	tipo_entidad	La respuesta es b) Nacional (ejemplo: México).
0106	tipo_entidad	La respuesta es c) Internacional.
0143	tipo_entidad	La respuesta es c) Internacional (ejemplo: América Latina, global)
0143	tipo_entidad	La respuesta es c) Internacional (ejemplo: América Latina, global)
0143	tipo_entidad	La respuesta es c) Internacional (ejemplo: América Latina, global).
0362	tipo_entidad	c) No aplica La corrupción se analiza en el contexto de Puerto Rico, que es un territorio estadounidense ubicado en América Latina. La investigación se centra en la percepción de los empleados públicos sobre la corrupción en las agencias gubernamentales de Puerto Rico, por lo que la respuesta es "No aplica" en cuanto a la categorización de la corrupción como un problema local, nacional o internacional.
0362	tipo_entidad	La respuesta es d) No aplica.
0362	tipo_entidad	La respuesta es b) Nacional (ejemplo: Mexico).
0555	tipo_entidad	La respuesta es b) Nacional (ejemplo: México).
0555	tipo_entidad	La respuesta es c) Internacional (ejemplo: América Latina, global).
0555	tipo_entidad	La respuesta es c) Internacional (ejemplo: América Latina, global).
0344	tipo_entidad	La respuesta es c) Internacional (ejemplo: América Latina, global).
0344	tipo_entidad	La respuesta es c) Internacional (ejemplo: América Latina, global)
0344	tipo_entidad	c) Internacional (ejemplo: América Latina, global)
0076	tipo_entidad	La respuesta es c) Internacional.
0076	tipo_entidad	La respuesta es c) Internacional.
0076	tipo_entidad	La respuesta es b) Nacional.
0075	tipo_entidad	La respuesta es c) Internacional (ejemplo: América Latina, global).
0075	tipo_entidad	La respuesta es c) Internacional (ejemplo: América Latina, global).
0075	tipo_entidad	La respuesta es c) Internacional (ejemplo: América Latina, global).
0174	tipo_entidad	c) Internacional (ejemplo: América Latina, global)
0174	tipo_entidad	c) Internacional (ejemplo: América Latina, global).
0174	tipo_entidad	c) Internacional (ejemplo: América Latina, global)
0448	tipo_entidad	La respuesta es b) Nacional (ejemplo: México).
0448	tipo_entidad	c) Internacional (ejemplo: América Latina, global)
0448	tipo_entidad	La respuesta es b) Nacional (ejemplo: México).
0534	tipo_entidad	La respuesta es c) Internacional (ejemplo: América Latina, global).
0534	tipo_entidad	La respuesta es c) Internacional (ejemplo: América Latina, global).
0534	tipo_entidad	La respuesta es c) Internacional (ejemplo: América Latina, global)
0279	tipo_entidad	La respuesta es c) Internacional (ejemplo: América Latina, global).
0279	tipo_entidad	La respuesta es c) Internacional.
0279	tipo_entidad	La respuesta es c) Internacional (ejemplo: América Latina, global).
0214	tipo_entidad	c) Internacional (ejemplo: América Latina, global)
0214	tipo_entidad	La respuesta es b) Nacional (ejemplo: Mexico).
0214	tipo_entidad	La respuesta es c) Internacional (ejemplo: América Latina, global).
0067	tipo_entidad	La respuesta es b) Nacional (ejemplo: Mexico).
0067	tipo_entidad	La respuesta es b) Nacional (ejemplo: Mexico).
0067	tipo_entidad	La respuesta es b) Nacional (ejemplo: Mexico).
0551	tipo_entidad	c) Internacional (ejemplo: América Latina, global)
0551	tipo_entidad	La respuesta es c) Internacional.
0551	tipo_entidad	La respuesta es c) Internacional.
0258	tipo_entidad	c) Internacional (ejemplo: América Latina, global)
0258	tipo_entidad	c) Internacional (ejemplo: América Latina, global)
0258	tipo_entidad	c) Internacional (ejemplo: América Latina, global)
0084	tipo_entidad	La respuesta es b) Nacional.
0084	tipo_entidad	La respuesta es b) Nacional (ejemplo: Mexico).
0084	tipo_entidad	La respuesta es d) No aplica.
0396	tipo_entidad	La respuesta es c) Internacional.
0396	tipo_entidad	La respuesta es c) Internacional (ejemplo: América Latina, global)
0396	tipo_entidad	La respuesta es c) Internacional (ejemplo: América Latina, global).
0014	tipo_entidad	La respuesta es c) Internacional.
0014	tipo_entidad	La respuesta es c) Internacional.
0014	tipo_entidad	La respuesta es c) Internacional.
0304	tipo_entidad	La respuesta es d) No aplica.
0304	tipo_entidad	La respuesta es b) Nacional.
0304	tipo_entidad	La respuesta es b) Nacional (ejemplo: México).
0145	tipo_entidad	c) Internacional (ejemplo: América Latina, global)
0145	tipo_entidad	La respuesta es c) Internacional (ejemplo: América Latina, global).
0145	tipo_entidad	La respuesta es c) Internacional (ejemplo: América Latina, global).
0409	tipo_entidad	La respuesta es a) Local.
0409	tipo_entidad	La respuesta es a) Local.
0409	tipo_entidad	La respuesta es a) Local.
0203	tipo_entidad	La respuesta es c) Internacional (ejemplo: América Latina, global)
0203	tipo_entidad	La respuesta es c) Internacional (ejemplo: América Latina, global).
0203	tipo_entidad	La respuesta es c) Internacional (ejemplo: América Latina, global).
0541	tipo_entidad	La respuesta es c) Internacional (ejemplo: América Latina, global).
0541	tipo_entidad	La respuesta es c) Internacional.
0541	tipo_entidad	La respuesta es c) Internacional (ejemplo: América Latina, global).
0190	tipo_entidad	La respuesta es c) Internacional.
0190	tipo_entidad	La respuesta es b) Nacional (ejemplo: Mexico)
0190	tipo_entidad	La respuesta es b) Nacional (ejemplo: Mexico)
0284	tipo_entidad	La respuesta es c) Internacional.
0284	tipo_entidad	c) Internacional (ejemplo: América Latina, global)
0284	tipo_entidad	c) Internacional (ejemplo: América Latina, global)
0533	tipo_entidad	La respuesta es c) Internacional (ejemplo: América Latina, global).
0533	tipo_entidad	La respuesta es c) Internacional (ejemplo: América Latina, global).
0533	tipo_entidad	La respuesta es c) Internacional (ejemplo: América Latina, global).
0552	tipo_entidad	La respuesta es c) Internacional.
0552	tipo_entidad	La respuesta es c) Internacional.
0552	tipo_entidad	La respuesta es b) Nacional.
0034	tipo_entidad	c) Internacional (ejemplo: América Latina, global)
0034	tipo_entidad	c) No aplica.
0034	tipo_entidad	c) No aplica.
0592	tipo_entidad	La respuesta es c) Internacional.
0592	tipo_entidad	La respuesta es b) Nacional (ejemplo: México).
0592	tipo_entidad	La respuesta es b) Nacional.
0438	tipo_entidad	La respuesta es b) Nacional (ejemplo: Mexico)
0438	tipo_entidad	La respuesta es b) Nacional (ejemplo: México).
0438	tipo_entidad	La respuesta es c) Internacional (ejemplo: América Latina, global)
0082	tipo_entidad	c) Internacional (ejemplo: América Latina, global)
0082	tipo_entidad	c) Internacional (ejemplo: América Latina, global) La corrupción se presenta como un problema a nivel internacional, ya que se menciona que afecta a todo el mundo y tiene impactos considerables y costosos en el sector privado en general, sin referirse a un país o región en particular.
0082	tipo_entidad	La respuesta es c) Internacional (ejemplo: América Latina, global).
0282	tipo_entidad	c) No aplica
0282	tipo_entidad	La respuesta es c) No aplica.
0282	tipo_entidad	La respuesta es c) No aplica.
0498	tipo_entidad	c) Internacional (ejemplo: América Latina, global)
0498	tipo_entidad	c) Internacional (ejemplo: América Latina, global)
0498	tipo_entidad	c) Internacional (ejemplo: América Latina, global)
0261	tipo_entidad	La respuesta es b) Nacional (ejemplo: Mexico).
0261	tipo_entidad	La respuesta es c) Internacional (ejemplo: América Latina, global).
0261	tipo_entidad	La respuesta es b) Nacional (ejemplo: México).
0218	tipo_entidad	La respuesta es b) Nacional (ejemplo: México).
0218	tipo_entidad	c) Internacional (ejemplo: América Latina, global)
0218	tipo_entidad	c) No aplica La corrupción se presenta como un problema que afecta a múltiples niveles, incluyendo el local, nacional y regional. Sin embargo, en el contexto del texto proporcionado, se enfatiza su impacto en el país de manera general, sin centrarse en un nivel específico como local o nacional.
0298	tipo_entidad	c) Internacional (ejemplo: América Latina, global)
0298	tipo_entidad	La respuesta es c) Internacional (ejemplo: América Latina, global)
0298	tipo_entidad	La respuesta es c) Internacional (ejemplo: América Latina, global).
0310	tipo_entidad	c) Internacional (ejemplo: América Latina, global)
0310	tipo_entidad	c) Internacional (ejemplo: América Latina, global).
0310	tipo_entidad	c) Internacional (ejemplo: América Latina, global)
0206	tipo_entidad	La respuesta es b) Nacional (ejemplo: México).
0206	tipo_entidad	c) Internacional (ejemplo: América Latina, global)
0206	tipo_entidad	La respuesta es c) Internacional.
0020	tipo_entidad	La respuesta es b) Nacional (ejemplo: México).
0020	tipo_entidad	La respuesta es c) Internacional (ejemplo: América Latina, global).
0020	tipo_entidad	La respuesta es c) Internacional.
0536	tipo_entidad	La respuesta es c) Internacional.
0536	tipo_entidad	La respuesta es c) Internacional.
0536	tipo_entidad	La respuesta es c) Internacional.
0485	tipo_entidad	La respuesta es b) Nacional.
0485	tipo_entidad	La respuesta es b) Nacional.
0485	tipo_entidad	La respuesta es b) Nacional.
0388	tipo_entidad	La respuesta es c) Internacional (ejemplo: América Latina, global).
0388	tipo_entidad	La respuesta es b) Nacional (ejemplo: México).
0388	tipo_entidad	La respuesta es c) Internacional (ejemplo: América Latina, global).
0429	tipo_entidad	La respuesta es b) Nacional (ejemplo: México)
0429	tipo_entidad	La respuesta es b) Nacional (ejemplo: México).
0429	tipo_entidad	La respuesta es b) Nacional (ejemplo: México).
0510	tipo_entidad	La respuesta es b) Nacional (ejemplo: Mexico).
0510	tipo_entidad	La respuesta es b) Nacional.
0510	tipo_entidad	La respuesta es b) Nacional.
0185	tipo_entidad	c) Internacional (ejemplo: América Latina, global)
0185	tipo_entidad	c) No aplica La corrupción se presenta como un problema a nivel global, no solo local o nacional.
0185	tipo_entidad	c) No aplica La corrupción es un problema complejo que puede manifestarse a diferentes escalas, desde local hasta global. El texto no se centra en una escala específica, sino que aborda conceptos y herramientas de medición de corrupción en general, por lo que no se ajusta a ninguna de las opciones a, b o c.
0569	tipo_entidad	La respuesta es c) Internacional (ejemplo: América Latina, global).
0569	tipo_entidad	La respuesta es c) Internacional (ejemplo: América Latina, global)
0569	tipo_entidad	La respuesta es c) Internacional (ejemplo: América Latina, global).
0499	tipo_entidad	La respuesta es c) Internacional (ejemplo: América Latina, global).
0499	tipo_entidad	c) Internacional (ejemplo: América Latina, global)
0499	tipo_entidad	La respuesta es c) Internacional (ejemplo: América Latina, global).
0092	tipo_entidad	La respuesta es b) Nacional.
0092	tipo_entidad	c) Internacional (ejemplo: América Latina, global)
0092	tipo_entidad	La respuesta es b) Nacional (ejemplo: México)
0302	tipo_entidad	La respuesta es c) Internacional.
0302	tipo_entidad	c) Internacional (ejemplo: América Latina, global)
0302	tipo_entidad	c) Internacional (ejemplo: América Latina, global)
0465	tipo_entidad	La respuesta es b) Nacional (ejemplo: México).
0465	tipo_entidad	La respuesta es b) Nacional.
0465	tipo_entidad	La respuesta es b) Nacional (ejemplo: México).
0011	tipo_entidad	La respuesta es c) Internacional.
0011	tipo_entidad	La respuesta es c) Internacional.
0011	tipo_entidad	La respuesta es c) Internacional.
0141	tipo_entidad	La respuesta es c) Internacional (ejemplo: América Latina, global).
0141	tipo_entidad	La respuesta es c) Internacional (ejemplo: América Latina, global)
0141	tipo_entidad	c) Internacional (ejemplo: América Latina, global)
0546	tipo_entidad	c) Internacional (ejemplo: América Latina, global)
0546	tipo_entidad	c) Internacional (ejemplo: América Latina, global)
0546	tipo_entidad	c) Internacional (ejemplo: América Latina, global).
0172	tipo_entidad	La respuesta es c) Internacional (ejemplo: América Latina, global).
0172	tipo_entidad	La respuesta es c) Internacional (ejemplo: América Latina, global).
0172	tipo_entidad	La respuesta es c) Internacional (ejemplo: América Latina, global).
0221	tipo_entidad	La respuesta es c) No aplica.
0221	tipo_entidad	La respuesta es c) Internacional.
0221	tipo_entidad	La respuesta es d) No aplica.
0331	tipo_entidad	La respuesta es c) Internacional (ejemplo: América Latina, global)
0331	tipo_entidad	La respuesta es c) Internacional (ejemplo: América Latina, global)
0331	tipo_entidad	c) Internacional (ejemplo: América Latina, global)
0242	tipo_entidad	La respuesta es b) Nacional.
0242	tipo_entidad	La respuesta es c) Internacional.
0242	tipo_entidad	La respuesta es c) Internacional (ejemplo: América Latina, global).
0557	tipo_entidad	c) Internacional (ejemplo: América Latina, global)
0557	tipo_entidad	c) Internacional (ejemplo: América Latina, global)
0557	tipo_entidad	La respuesta es c) Internacional.
0515	tipo_entidad	La respuesta es c) Internacional.
0515	tipo_entidad	c) Internacional (ejemplo: América Latina, global)
0515	tipo_entidad	c) Internacional (ejemplo: América Latina, global)
0085	tipo_entidad	La respuesta es c) Internacional (ejemplo: América Latina, global).
0085	tipo_entidad	La respuesta es b) Nacional (ejemplo: México).
0085	tipo_entidad	La respuesta es c) Internacional.
0330	tipo_entidad	La respuesta es c) Internacional (ejemplo: América Latina, global).
0330	tipo_entidad	La respuesta es c) Internacional (ejemplo: América Latina, global).
0330	tipo_entidad	La respuesta es c) Internacional (ejemplo: América Latina, global).
0550	tipo_entidad	La respuesta es c) Internacional (ejemplo: América Latina, global).
0550	tipo_entidad	La respuesta es c) Internacional.
0550	tipo_entidad	La respuesta es c) Internacional (ejemplo: América Latina, global)
0319	tipo_entidad	La respuesta es c) Internacional (ejemplo: América Latina, global).
0319	tipo_entidad	La respuesta es c) Internacional (ejemplo: América Latina, global)
0319	tipo_entidad	La respuesta es c) Internacional (ejemplo: América Latina, global).
0538	tipo_entidad	La respuesta es c) Internacional (ejemplo: América Latina, global).
0538	tipo_entidad	La respuesta es c) Internacional (ejemplo: América Latina, global).
0538	tipo_entidad	La respuesta es c) Internacional (ejemplo: América Latina, global).
0561	tipo_entidad	La respuesta es c) Internacional (ejemplo: América Latina, global).
0561	tipo_entidad	La respuesta es b) Nacional (ejemplo: Mexico).
0561	tipo_entidad	La respuesta es c) Internacional (ejemplo: América Latina, global).
0080	tipo_entidad	c) Internacional (ejemplo: América Latina, global)
0080	tipo_entidad	c) Internacional (ejemplo: América Latina, global)
0080	tipo_entidad	La respuesta es c) Internacional (ejemplo: América Latina, global).
0005	tipo_entidad	La respuesta es c) Internacional.
0005	tipo_entidad	La respuesta es c) Internacional (ejemplo: América Latina, global)
0005	tipo_entidad	La respuesta es c) Internacional (ejemplo: América Latina, global)
0586	tipo_entidad	La respuesta es c) Internacional.
0586	tipo_entidad	La respuesta es c) Internacional.
0586	tipo_entidad	La respuesta es c) Internacional.
0234	tipo_entidad	La respuesta es b) Nacional (ejemplo: Colombia)
0234	tipo_entidad	c) Internacional (ejemplo: América Latina, global)
0234	tipo_entidad	c) Nacional (ejemplo: México)
0339	tipo_entidad	La respuesta es c) Internacional (ejemplo: América Latina, global).
0339	tipo_entidad	La respuesta es c) Internacional.
0339	tipo_entidad	La respuesta es b) Nacional (ejemplo: Mexico).
0408	tipo_entidad	La respuesta es b) Nacional (ejemplo: México).
0408	tipo_entidad	La respuesta es b) Nacional (ejemplo: México).
0408	tipo_entidad	La respuesta es b) Nacional (ejemplo: Mexico)
0577	tipo_entidad	c) Internacional (ejemplo: América Latina, global)
0577	tipo_entidad	c) Internacional (ejemplo: América Latina, global)
0577	tipo_entidad	c) Internacional (ejemplo: América Latina, global)
0483	tipo_entidad	La respuesta es b) Nacional (ejemplo: México).
0483	tipo_entidad	La respuesta es b) Nacional (ejemplo: Mexico).
0483	tipo_entidad	La respuesta es b) Nacional (ejemplo: Mexico).
0368	tipo_entidad	c) Internacional (ejemplo: América Latina, global)
0368	tipo_entidad	La respuesta es b) Nacional (ejemplo: Mexico)
0368	tipo_entidad	c) Internacional (ejemplo: América Latina, global)
0476	tipo_entidad	La respuesta es c) Internacional (ejemplo: América Latina, global).
0476	tipo_entidad	La respuesta es c) Internacional (ejemplo: América Latina, global).
0476	tipo_entidad	La respuesta es c) Internacional.
0150	tipo_entidad	La respuesta es c) Internacional (ejemplo: América Latina, global).
0150	tipo_entidad	La respuesta es b) Nacional (ejemplo: México).
0150	tipo_entidad	La respuesta es c) Internacional (ejemplo: América Latina, global).
0537	tipo_entidad	La respuesta es b) Nacional (ejemplo: México).
0537	tipo_entidad	La respuesta es c) Internacional.
0537	tipo_entidad	La respuesta es c) Internacional.
0229	tipo_entidad	La respuesta es c) Internacional (ejemplo: América Latina, global).
0229	tipo_entidad	La respuesta es c) Internacional.
0229	tipo_entidad	La respuesta es c) Internacional.
0365	tipo_entidad	c) Internacional (ejemplo: América Latina, global)
0365	tipo_entidad	La respuesta es c) Internacional.
0365	tipo_entidad	La respuesta es c) Internacional.
0110	tipo_entidad	La respuesta es c) Internacional (ejemplo: América Latina, global).
0110	tipo_entidad	La respuesta es c) Internacional (ejemplo: América Latina, global).
0110	tipo_entidad	La respuesta es c) Internacional (ejemplo: América Latina, global).
0562	tipo_entidad	La respuesta es b) Nacional (ejemplo: México).
0562	tipo_entidad	La respuesta es b) Nacional.
0562	tipo_entidad	c) Internacional (ejemplo: América Latina, global)
0007	tipo_entidad	La respuesta es b) Nacional.
0007	tipo_entidad	La respuesta es b) Nacional (ejemplo: Argentina).
0007	tipo_entidad	La respuesta es b) Nacional (ejemplo: Argentina).
0402	tipo_entidad	La respuesta es c) Internacional.
0402	tipo_entidad	La respuesta es b) Nacional (ejemplo: México)
0402	tipo_entidad	La respuesta es c) Internacional.
0180	tipo_entidad	La respuesta es b) Nacional (ejemplo: Mexico).
0180	tipo_entidad	La respuesta es b) Nacional (ejemplo: Chile).
0180	tipo_entidad	La respuesta es b) Nacional (ejemplo: Chile).
0270	tipo_entidad	La respuesta es c) Internacional (ejemplo: América Latina, global)
0270	tipo_entidad	La respuesta es c) Internacional.
0270	tipo_entidad	La respuesta es c) Internacional (ejemplo: América Latina, global).
0416	tipo_entidad	La respuesta es b) Nacional (ejemplo: México).
0416	tipo_entidad	La respuesta es b) Nacional (ejemplo: Mexico).
0416	tipo_entidad	La respuesta es b) Nacional (ejemplo: México).
0107	tipo_entidad	La respuesta es a) Local.
0107	tipo_entidad	c) Internacional (ejemplo: América Latina, global)
0107	tipo_entidad	La respuesta es c) Internacional (ejemplo: América Latina, global).
0357	tipo_entidad	c) Internacional (ejemplo: América Latina, global)
0357	tipo_entidad	c) Internacional (ejemplo: América Latina, global)
0357	tipo_entidad	c) No aplica
0049	tipo_entidad	La respuesta es c) Internacional (ejemplo: América Latina, global).
0049	tipo_entidad	La respuesta es b) Nacional (ejemplo: México).
0049	tipo_entidad	La respuesta es b) Nacional (ejemplo: México).
0513	tipo_entidad	La respuesta es b) Nacional.
0513	tipo_entidad	La respuesta es b) Nacional (ejemplo: Mexico).
0513	tipo_entidad	La respuesta es b) Nacional (ejemplo: Mexico).
0165	tipo_entidad	c) Internacional (ejemplo: América Latina, global)
0165	tipo_entidad	La respuesta es b) Nacional (ejemplo: Mexico).
0165	tipo_entidad	La respuesta es c) Internacional (ejemplo: América Latina, global).
0140	tipo_entidad	c) Internacional (ejemplo: América Latina, global)
0140	tipo_entidad	c) Internacional (ejemplo: América Latina, global)
0140	tipo_entidad	c) Internacional (ejemplo: América Latina, global)
0384	tipo_entidad	La respuesta es c) Internacional (ejemplo: América Latina, global).
0384	tipo_entidad	La respuesta es c) Internacional.
0384	tipo_entidad	La respuesta es c) Internacional (ejemplo: América Latina, global).
0123	tipo_entidad	La respuesta es b) Nacional (ejemplo: Mexico).
0123	tipo_entidad	La respuesta es b) Nacional (ejemplo: México).
0123	tipo_entidad	La respuesta es b) Nacional (ejemplo: Mexico).
0053	tipo_entidad	La respuesta es c) Internacional (ejemplo: América Latina, global).
0053	tipo_entidad	c) Internacional (ejemplo: América Latina, global)
0053	tipo_entidad	c) Internacional (ejemplo: América Latina, global)
0454	tipo_entidad	c) Internacional (ejemplo: América Latina, global)
0454	tipo_entidad	La respuesta es c) Internacional.
0454	tipo_entidad	c) Internacional (ejemplo: América Latina, global)
0055	tipo_entidad	La respuesta es c) Internacional (ejemplo: América Latina, global)
0055	tipo_entidad	La respuesta es c) Internacional (ejemplo: América Latina, global).
0055	tipo_entidad	La respuesta es c) Internacional (ejemplo: América Latina, global).
0352	tipo_entidad	La respuesta es c) Internacional (ejemplo: América Latina, global).
0352	tipo_entidad	La respuesta es c) Internacional (ejemplo: América Latina, global).
0352	tipo_entidad	La respuesta es c) Internacional (ejemplo: América Latina, global)
0369	tipo_entidad	La respuesta es c) Internacional.
0369	tipo_entidad	c) Internacional (ejemplo: América Latina, global)
0369	tipo_entidad	c) Internacional (ejemplo: América Latina, global)
0083	tipo_entidad	c) Internacional (ejemplo: América Latina, global)
0083	tipo_entidad	La respuesta es c) Internacional (ejemplo: América Latina, global).
0083	tipo_entidad	La respuesta es c) Internacional (ejemplo: América Latina, global).
0079	tipo_entidad	c) Internacional (ejemplo: América Latina, global)
0079	tipo_entidad	c) Internacional (ejemplo: América Latina, global)
0079	tipo_entidad	c) Internacional (ejemplo: América Latina, global)
0381	tipo_entidad	c) Internacional (ejemplo: América Latina, global)
0381	tipo_entidad	La respuesta es c) Internacional (ejemplo: América Latina, global).
0381	tipo_entidad	La respuesta es c) Internacional (ejemplo: América Latina, global)
0305	tipo_entidad	La respuesta es b) Nacional.
0305	tipo_entidad	La respuesta es b) Nacional.
0305	tipo_entidad	c) Internacional (ejemplo: América Latina, global)
0458	tipo_entidad	La respuesta es b) Nacional (ejemplo: México).
0458	tipo_entidad	La respuesta es b) Nacional (ejemplo: México).
0458	tipo_entidad	La respuesta es b) Nacional (ejemplo: México).
0389	tipo_entidad	c) Internacional (ejemplo: América Latina, global)
0389	tipo_entidad	c) Internacional (ejemplo: América Latina, global)
0389	tipo_entidad	La respuesta es c) Internacional.
0299	tipo_entidad	La respuesta es c) Internacional (ejemplo: América Latina, global).
0299	tipo_entidad	La respuesta es c) Internacional (ejemplo: América Latina, global)
0299	tipo_entidad	La respuesta es c) Internacional.
0139	tipo_entidad	La respuesta es c) Internacional (ejemplo: América Latina, global)
0139	tipo_entidad	La respuesta es c) Internacional (ejemplo: América Latina, global).
0139	tipo_entidad	La respuesta es c) Internacional (ejemplo: América Latina, global).
0488	tipo_entidad	La respuesta es b) Nacional (ejemplo: México).
0488	tipo_entidad	La respuesta es b) Nacional (ejemplo: México).
0488	tipo_entidad	La respuesta es c) Internacional (ejemplo: América Latina, global).
0506	tipo_entidad	La respuesta es c) Internacional.
0506	tipo_entidad	La respuesta es c) Internacional.
0506	tipo_entidad	La respuesta es b) Nacional.
0064	tipo_entidad	c) Internacional (ejemplo: América Latina, global)
0064	tipo_entidad	La respuesta es c) Internacional (ejemplo: América Latina, global).
0064	tipo_entidad	La respuesta es c) Internacional.
0196	tipo_entidad	La respuesta es b) Nacional (ejemplo: Mexico).
0196	tipo_entidad	c) Internacional (ejemplo: América Latina, global)
0196	tipo_entidad	La respuesta es b) Nacional.
0317	tipo_entidad	La respuesta es c) Internacional.
0317	tipo_entidad	c) Internacional (ejemplo: América Latina, global)
0317	tipo_entidad	La respuesta es c) Internacional (ejemplo: América Latina, global).
0093	tipo_entidad	c) Internacional (ejemplo: América Latina, global)
0093	tipo_entidad	La respuesta es c) Internacional (ejemplo: América Latina, global).
0093	tipo_entidad	La respuesta es c) Internacional (ejemplo: América Latina, global)
0269	tipo_entidad	La respuesta es b) Nacional.
0269	tipo_entidad	c) Internacional (ejemplo: América Latina, global)
0269	tipo_entidad	La respuesta es c) Internacional (ejemplo: América Latina, global).
0470	tipo_entidad	La respuesta es b) Nacional.
0470	tipo_entidad	La respuesta es b) Nacional (ejemplo: México).
0470	tipo_entidad	La respuesta es b) Nacional.
0164	tipo_entidad	La respuesta es b) Nacional (ejemplo: Chile).
0164	tipo_entidad	La respuesta es c) Internacional.
0164	tipo_entidad	La respuesta es c) Internacional (ejemplo: América Latina, global).
0025	tipo_entidad	La respuesta es c) Internacional.
0025	tipo_entidad	La respuesta es c) Internacional (ejemplo: América Latina, global)
0025	tipo_entidad	La respuesta es c) Internacional (ejemplo: América Latina, global).
0380	tipo_entidad	La respuesta es b) Nacional.
0380	tipo_entidad	La respuesta es b) Nacional.
0380	tipo_entidad	La respuesta es b) Nacional.
0393	tipo_entidad	La respuesta es c) Internacional (ejemplo: América Latina, global)
0393	tipo_entidad	La respuesta es c) Internacional (ejemplo: América Latina, global)
0393	tipo_entidad	La respuesta es c) Internacional (ejemplo: América Latina, global).
0063	tipo_entidad	c) Internacional (ejemplo: América Latina, global)
0063	tipo_entidad	c) Internacional (ejemplo: América Latina, global)
0063	tipo_entidad	c) Internacional (ejemplo: América Latina, global)
0017	tipo_entidad	La respuesta es d) No aplica.
0017	tipo_entidad	La respuesta es b) Nacional (ejemplo: México)
0017	tipo_entidad	La respuesta es b) Nacional (ejemplo: Mexico).
0191	tipo_entidad	La respuesta es b) Nacional (ejemplo: Chile).
0191	tipo_entidad	La respuesta es b) Nacional (ejemplo: Chile).
0191	tipo_entidad	La respuesta es b) Nacional (ejemplo: Chile).
0232	tipo_entidad	La respuesta es c) Internacional (ejemplo: América Latina, global).
0232	tipo_entidad	La respuesta es c) Internacional (ejemplo: América Latina, global).
0232	tipo_entidad	La respuesta es c) Internacional.
0016	tipo_entidad	La respuesta es c) Internacional.
0016	tipo_entidad	c) Internacional (ejemplo: América Latina, global)
0016	tipo_entidad	La respuesta es c) Internacional.
0423	tipo_entidad	c) No aplica
0423	tipo_entidad	c) Nacional (ejemplo: México)
0423	tipo_entidad	c) Nacional (ejemplo: México)
0048	tipo_entidad	La respuesta es c) Internacional (ejemplo: América Latina, global)
0048	tipo_entidad	La respuesta es c) Internacional (ejemplo: América Latina, global).
0048	tipo_entidad	La respuesta es c) Internacional (ejemplo: América Latina, global).
0564	tipo_entidad	La respuesta es c) Internacional (ejemplo: América Latina, global).
0564	tipo_entidad	La respuesta es c) Internacional.
0564	tipo_entidad	c) Internacional (ejemplo: América Latina, global)
0445	tipo_entidad	La respuesta es b) Nacional.
0445	tipo_entidad	La respuesta es b) Nacional.
0445	tipo_entidad	La respuesta es b) Nacional.
0340	tipo_entidad	La respuesta es c) Internacional (ejemplo: América Latina, global).
0340	tipo_entidad	La respuesta es c) Internacional (ejemplo: América Latina, global).
0340	tipo_entidad	La respuesta es c) Internacional (ejemplo: América Latina, global)
0531	tipo_entidad	La respuesta es c) Internacional (ejemplo: América Latina, global)
0531	tipo_entidad	La respuesta es c) Internacional (ejemplo: América Latina, global).
0531	tipo_entidad	La respuesta es c) Internacional (ejemplo: América Latina, global).
0312	tipo_entidad	La respuesta es b) Nacional (ejemplo: México).
0312	tipo_entidad	La respuesta es c) Internacional.
0312	tipo_entidad	La respuesta es b) Nacional (ejemplo: México).
0026	tipo_entidad	La respuesta es c) Internacional (ejemplo: América Latina, global).
0026	tipo_entidad	La respuesta es c) Internacional (ejemplo: América Latina, global).
0026	tipo_entidad	La respuesta es c) Internacional (ejemplo: América Latina, global).
0473	tipo_entidad	La respuesta es c) Internacional.
0473	tipo_entidad	La respuesta es c) Internacional.
0473	tipo_entidad	La respuesta es c) Internacional.
0582	tipo_entidad	c) No aplica.
0582	tipo_entidad	c) Internacional (ejemplo: América Latina, global)
0582	tipo_entidad	c) Internacional (ejemplo: América Latina, global)
0356	tipo_entidad	La respuesta es b) Nacional (ejemplo: México).
0356	tipo_entidad	La respuesta es b) Nacional (ejemplo: El Salvador).
0356	tipo_entidad	La respuesta es b) Nacional.
0181	tipo_entidad	La respuesta es b) Nacional (ejemplo: México).
0181	tipo_entidad	La respuesta es c) Internacional (ejemplo: América Latina, global).
0181	tipo_entidad	La respuesta es b) Nacional (ejemplo: Chile).
0101	tipo_entidad	La respuesta es c) Internacional.
0101	tipo_entidad	La respuesta es c) Internacional.
0101	tipo_entidad	La respuesta es b) Nacional (ejemplo: México).
0087	tipo_entidad	La respuesta es c) Internacional (ejemplo: América Latina, global)
0087	tipo_entidad	La respuesta es c) Internacional.
0087	tipo_entidad	La respuesta es c) Internacional (ejemplo: América Latina, global).
0148	tipo_entidad	La respuesta es c) Internacional (ejemplo: América Latina, global).
0148	tipo_entidad	La respuesta es c) Internacional (ejemplo: América Latina, global).
0148	tipo_entidad	c) Internacional (ejemplo: América Latina, global)
0271	tipo_entidad	c) Internacional (ejemplo: América Latina, global)
0271	tipo_entidad	La respuesta es c) Internacional (ejemplo: América Latina, global).
0271	tipo_entidad	La respuesta es c) Internacional (ejemplo: América Latina, global).
0333	tipo_entidad	La respuesta es c) Internacional (ejemplo: América Latina, global).
0333	tipo_entidad	La respuesta es c) Internacional (ejemplo: América Latina, global).
0333	tipo_entidad	La respuesta es c) Internacional (ejemplo: América Latina, global)
0052	tipo_entidad	c) Internacional (ejemplo: América Latina, global)
0052	tipo_entidad	c) Internacional (ejemplo: América Latina, global)
0052	tipo_entidad	La respuesta es c) Internacional.
0171	tipo_entidad	La respuesta es b) Nacional (ejemplo: México).
0171	tipo_entidad	La respuesta es b) Nacional.
0171	tipo_entidad	c) Internacional (ejemplo: América Latina, global)
0086	tipo_entidad	La respuesta es c) Internacional.
0086	tipo_entidad	c) Internacional (ejemplo: América Latina, global)
0086	tipo_entidad	c) Internacional (ejemplo: América Latina, global)
0441	tipo_entidad	La respuesta es b) Nacional (ejemplo: Mexico).
0441	tipo_entidad	La respuesta es c) Internacional.
0441	tipo_entidad	c) Nacional (ejemplo: Nicaragua)
0401	tipo_entidad	La respuesta es c) Internacional (ejemplo: América Latina, global).
0401	tipo_entidad	c) Internacional (ejemplo: América Latina, global).
0401	tipo_entidad	La respuesta es b) Nacional (ejemplo: Mexico).
0024	tipo_entidad	La respuesta es c) Internacional.
0024	tipo_entidad	La respuesta es c) Internacional (ejemplo: América Latina, global).
0024	tipo_entidad	La respuesta es c) Internacional (ejemplo: América Latina, global).
0132	tipo_entidad	La respuesta es b) Nacional (ejemplo: Mexico)
0132	tipo_entidad	La respuesta es b) Nacional (ejemplo: Mexico).
0132	tipo_entidad	La respuesta es c) Internacional (ejemplo: América Latina, global).
0547	tipo_entidad	La respuesta es b) Nacional (ejemplo: México).
0547	tipo_entidad	La respuesta es c) Internacional (ejemplo: América Latina, global)
0547	tipo_entidad	La respuesta es c) Internacional (ejemplo: América Latina, global).
0504	tipo_entidad	La respuesta es b) Nacional (ejemplo: Mexico).
0504	tipo_entidad	La respuesta es c) Internacional (ejemplo: América Latina, global).
0504	tipo_entidad	La respuesta es b) Nacional (ejemplo: México).
0281	tipo_entidad	La respuesta es b) Nacional.
0281	tipo_entidad	La respuesta es b) Nacional (ejemplo: México)
0281	tipo_entidad	La respuesta es b) Nacional (ejemplo: México).
0511	tipo_entidad	La respuesta es b) Nacional (ejemplo: Mexico).
0511	tipo_entidad	La respuesta es b) Nacional (ejemplo: México).
0511	tipo_entidad	La respuesta es b) Nacional.
0274	tipo_entidad	c) Internacional (ejemplo: América Latina, global)
0274	tipo_entidad	c) Internacional (ejemplo: América Latina, global)
0274	tipo_entidad	La respuesta es c) Internacional (ejemplo: América Latina, global).
0222	tipo_entidad	La respuesta es c) Internacional (ejemplo: América Latina, global).
0222	tipo_entidad	La respuesta es c) Internacional (ejemplo: América Latina, global).
0222	tipo_entidad	La respuesta es b) Nacional (ejemplo: México).
0204	tipo_entidad	La respuesta es d) No aplica.
0204	tipo_entidad	La respuesta es c) Internacional.
0204	tipo_entidad	La respuesta es c) Internacional.
0351	tipo_entidad	c) Internacional (ejemplo: América Latina, global).
0351	tipo_entidad	c) Internacional (ejemplo: América Latina, global)
0351	tipo_entidad	c) Internacional (ejemplo: América Latina, global)
0228	tipo_entidad	La respuesta es c) Internacional (ejemplo: América Latina, global).
0228	tipo_entidad	La respuesta es c) Internacional (ejemplo: América Latina, global).
0228	tipo_entidad	La respuesta es c) Internacional (ejemplo: América Latina, global).
0549	tipo_entidad	La respuesta es c) Internacional (ejemplo: América Latina, global).
0549	tipo_entidad	La respuesta es c) Internacional (ejemplo: América Latina, global)
0549	tipo_entidad	La respuesta es c) Internacional (ejemplo: América Latina, global)
0192	tipo_entidad	La respuesta es c) Internacional.
0192	tipo_entidad	La respuesta es c) Internacional.
0192	tipo_entidad	La respuesta es c) Internacional.
0051	tipo_entidad	La respuesta es c) Internacional.
0051	tipo_entidad	c) Internacional (ejemplo: América Latina, global)
0051	tipo_entidad	La respuesta es c) Internacional.
0038	tipo_entidad	La respuesta es b) Nacional (ejemplo: Argentina).
0038	tipo_entidad	La respuesta es b) Nacional (ejemplo: Argentina).
0038	tipo_entidad	c) Internacional (ejemplo: América Latina, global) La corrupción en la Argentina, como se desprende del texto, no se limita a problemas locales o nacionales, sino que tiene implicaciones y conexiones internacionales, como se menciona en el caso de la relación con los Estados Unidos y la posible influencia de líderes políticos en la región.
0167	tipo_entidad	La respuesta es c) Internacional.
0167	tipo_entidad	La respuesta es c) Internacional.
0167	tipo_entidad	c) No aplica.
0303	tipo_entidad	c) Internacional (ejemplo: América Latina, global)
0303	tipo_entidad	c) Internacional (ejemplo: América Latina, global)
0303	tipo_entidad	c) Internacional (ejemplo: América Latina, global)
0091	tipo_entidad	La respuesta es c) Internacional.
0091	tipo_entidad	La respuesta es c) Internacional (ejemplo: América Latina, global).
0091	tipo_entidad	La respuesta es c) Internacional.
0516	tipo_entidad	La respuesta es d) No aplica.
0516	tipo_entidad	La respuesta es d) No aplica
0516	tipo_entidad	La respuesta es d) No aplica.
0372	tipo_entidad	c) Internacional (ejemplo: América Latina, global).
0372	tipo_entidad	c) Internacional (ejemplo: América Latina, global)
0372	tipo_entidad	c) Internacional (ejemplo: América Latina, global).
0568	tipo_entidad	La respuesta es c) Internacional.
0568	tipo_entidad	La respuesta es b) Nacional (ejemplo: Mexico).
0568	tipo_entidad	La respuesta es c) Internacional (ejemplo: América Latina, global)
0280	tipo_entidad	c) Internacional (ejemplo: América Latina, global)
0280	tipo_entidad	La respuesta es c) Internacional (ejemplo: América Latina, global).
0280	tipo_entidad	c) Internacional (ejemplo: América Latina, global)
0097	tipo_entidad	La respuesta es c) Internacional.
0097	tipo_entidad	La respuesta es c) Internacional.
0097	tipo_entidad	La respuesta es c) Internacional (ejemplo: América Latina, global).
0163	tipo_entidad	La respuesta es c) Internacional.
0163	tipo_entidad	La respuesta es d) No aplica.
0163	tipo_entidad	La respuesta es d) No aplica.
0493	tipo_entidad	La respuesta es b) Nacional.
0493	tipo_entidad	La respuesta es b) Nacional.
0493	tipo_entidad	La respuesta es b) Nacional.
0043	tipo_entidad	La respuesta es c) Internacional (ejemplo: América Latina, global)
0043	tipo_entidad	La respuesta es c) Internacional (ejemplo: América Latina, global)
0043	tipo_entidad	La respuesta es c) Internacional (ejemplo: América Latina, global)
0062	tipo_entidad	La respuesta es c) Internacional (ejemplo: América Latina, global)
0062	tipo_entidad	La respuesta es c) Internacional (ejemplo: América Latina, global)
0062	tipo_entidad	c) Internacional (ejemplo: América Latina, global).
0383	tipo_entidad	La respuesta es b) Nacional (ejemplo: Mexico).
0383	tipo_entidad	La respuesta es b) Nacional (ejemplo: México).
0383	tipo_entidad	La respuesta es b) Nacional (ejemplo: México).
0354	tipo_entidad	La respuesta es c) Internacional (ejemplo: América Latina, global).
0354	tipo_entidad	c) Internacional (ejemplo: América Latina, global) La corrupción se presenta como un problema que abarca diversas regiones y contextos, incluyendo América Latina y en general, el panorama global. El texto menciona casos específicos de corrupción en El Salvador, pero también hace referencia a la situación en otros países y a la percepción general de la corrupción como un problema social y político amplio.
0354	tipo_entidad	La respuesta es c) Internacional (ejemplo: América Latina, global)
0170	tipo_entidad	La respuesta es b) Nacional.
0170	tipo_entidad	La respuesta es c) Internacional (ejemplo: América Latina, global).
0170	tipo_entidad	La respuesta es c) Internacional.
0472	tipo_entidad	La respuesta es c) Internacional (ejemplo: América Latina, global).
0472	tipo_entidad	c) Internacional (ejemplo: América Latina, global).
0472	tipo_entidad	La respuesta es b) Nacional (ejemplo: México).
0227	tipo_entidad	La respuesta es c) Internacional (ejemplo: América Latina, global).
0227	tipo_entidad	La respuesta es c) Internacional (ejemplo: América Latina, global).
0227	tipo_entidad	La respuesta es c) Internacional (ejemplo: América Latina, global).
0056	tipo_entidad	c) Internacional (ejemplo: América Latina, global)
0056	tipo_entidad	La respuesta es b) Nacional (ejemplo: Mexico).
0056	tipo_entidad	c) Internacional (ejemplo: América Latina, global)
0193	tipo_entidad	c) Internacional (ejemplo: América Latina, global)
0193	tipo_entidad	c) Internacional (ejemplo: América Latina, global)
0193	tipo_entidad	La respuesta es c) Internacional.
0119	tipo_entidad	La respuesta es b) Nacional (ejemplo: México).
0119	tipo_entidad	c) Internacional (ejemplo: América Latina, global).
0119	tipo_entidad	La respuesta es b) Nacional (ejemplo: México).
0349	tipo_entidad	c) Internacional (ejemplo: América Latina, global)
0349	tipo_entidad	c) Internacional (ejemplo: América Latina, global)
0349	tipo_entidad	La respuesta es c) Internacional (ejemplo: América Latina, global).
0442	tipo_entidad	La respuesta es c) Internacional (ejemplo: América Latina, global).
0442	tipo_entidad	La respuesta es c) Internacional (ejemplo: América Latina, global).
0442	tipo_entidad	La respuesta es c) Internacional (ejemplo: América Latina, global).
0047	tipo_entidad	c) Internacional (ejemplo: América Latina, global)
0047	tipo_entidad	La respuesta es c) Internacional.
0047	tipo_entidad	c) Internacional (ejemplo: América Latina, global)
0447	tipo_entidad	La respuesta es c) Internacional (ejemplo: América Latina, global).
0447	tipo_entidad	La respuesta es c) Internacional (ejemplo: América Latina, global)
0447	tipo_entidad	La respuesta es c) Internacional (ejemplo: América Latina, global).
0505	tipo_entidad	La respuesta es c) Internacional (ejemplo: América Latina, global).
0505	tipo_entidad	La respuesta es c) Internacional (ejemplo: América Latina, global).
0505	tipo_entidad	La respuesta es c) Internacional (ejemplo: América Latina, global).
0439	tipo_entidad	La respuesta es b) Nacional (ejemplo: México).
0439	tipo_entidad	La respuesta es b) Nacional (ejemplo: México).
0439	tipo_entidad	La respuesta es b) Nacional (ejemplo: México).
0104	tipo_entidad	c) Internacional (ejemplo: América Latina, global)
0104	tipo_entidad	c) Internacional (ejemplo: América Latina, global)
0104	tipo_entidad	c) Internacional (ejemplo: América Latina, global)
0453	tipo_entidad	La respuesta es b) Nacional (ejemplo: México).
0453	tipo_entidad	La respuesta es c) Internacional.
0453	tipo_entidad	La respuesta es c) Internacional (ejemplo: América Latina, global)
0286	tipo_entidad	La respuesta es b) Nacional (ejemplo: México).
0286	tipo_entidad	La respuesta es c) No aplica
0286	tipo_entidad	La respuesta es b) Nacional (ejemplo: México).
0567	tipo_entidad	c) Internacional (ejemplo: América Latina, global)
0567	tipo_entidad	c) Internacional (ejemplo: América Latina, global)
0567	tipo_entidad	La respuesta es c) Internacional.
0360	tipo_entidad	La respuesta es b) Nacional (ejemplo: México).
0360	tipo_entidad	La respuesta es c) Internacional.
0360	tipo_entidad	La respuesta es b) Nacional (ejemplo: México).
0456	tipo_entidad	La respuesta es b) Nacional.
0456	tipo_entidad	La respuesta es b) Nacional.
0456	tipo_entidad	La respuesta es b) Nacional.
0022	tipo_entidad	c) Internacional (ejemplo: América Latina, global).
0022	tipo_entidad	c) Internacional (ejemplo: América Latina, global)
0022	tipo_entidad	La respuesta es c) Internacional.
0461	tipo_entidad	La respuesta es c) Internacional (ejemplo: América Latina, global).
0461	tipo_entidad	La respuesta es c) Internacional.
0461	tipo_entidad	La respuesta es c) Internacional.
0316	tipo_entidad	La respuesta es c) Internacional (ejemplo: América Latina, global).
0316	tipo_entidad	La respuesta es c) Internacional (ejemplo: América Latina, global).
0316	tipo_entidad	La respuesta es c) Internacional (ejemplo: América Latina, global)
0268	tipo_entidad	La respuesta es b) Nacional (ejemplo: Mexico)
0268	tipo_entidad	La respuesta es b) Nacional (ejemplo: Mexico)
0268	tipo_entidad	La respuesta es b) Nacional (ejemplo: Mexico)
0116	tipo_entidad	La respuesta es c) Internacional (ejemplo: América Latina, global)
0116	tipo_entidad	c) Internacional (ejemplo: América Latina, global)
0116	tipo_entidad	La respuesta es c) Internacional (ejemplo: América Latina, global).
0410	tipo_entidad	La respuesta es b) Nacional (ejemplo: México).
0410	tipo_entidad	La respuesta es b) Nacional (ejemplo: Mexico).
0410	tipo_entidad	La respuesta es b) Nacional (ejemplo: México).
0337	tipo_entidad	La respuesta es b) Nacional (ejemplo: México).
0337	tipo_entidad	La respuesta es c) Internacional (ejemplo: América Latina, global).
0337	tipo_entidad	La respuesta es b) Nacional (ejemplo: México).
0130	tipo_entidad	La respuesta es c) Internacional (ejemplo: América Latina, global).
0130	tipo_entidad	c) Internacional (ejemplo: América Latina, global)
0130	tipo_entidad	c) Internacional (ejemplo: América Latina, global)
0415	tipo_entidad	c) Internacional (ejemplo: América Latina, global)
0415	tipo_entidad	c) Internacional (ejemplo: América Latina, global)
0415	tipo_entidad	c) Internacional (ejemplo: América Latina, global)
0210	tipo_entidad	c) Internacional (ejemplo: América Latina, global)
0210	tipo_entidad	La respuesta es c) Internacional (ejemplo: América Latina, global).
0210	tipo_entidad	La respuesta es c) Internacional (ejemplo: América Latina, global)
0195	tipo_entidad	c) Internacional (ejemplo: América Latina, global)
0195	tipo_entidad	c) Internacional (ejemplo: América Latina, global)
0195	tipo_entidad	c) Internacional (ejemplo: América Latina, global)
0023	tipo_entidad	c) Internacional (ejemplo: América Latina, global)
0023	tipo_entidad	La respuesta es c) Internacional (ejemplo: América Latina, global).
0023	tipo_entidad	La respuesta es c) Internacional (ejemplo: América Latina, global)
0309	tipo_entidad	La respuesta es c) Internacional (ejemplo: América Latina, global).
0309	tipo_entidad	La respuesta es c) Internacional (ejemplo: América Latina, global).
0309	tipo_entidad	La respuesta es c) Internacional (ejemplo: América Latina, global).
0512	tipo_entidad	La respuesta es c) Internacional (ejemplo: América Latina, global).
0512	tipo_entidad	La respuesta es c) Internacional (ejemplo: América Latina, global).
0512	tipo_entidad	La respuesta es c) Internacional (ejemplo: América Latina, global).
0382	tipo_entidad	La respuesta es c) Internacional.
0382	tipo_entidad	La respuesta es c) Internacional (ejemplo: América Latina, global)
0382	tipo_entidad	La respuesta es b) Nacional.
0593	tipo_entidad	c) No aplica La pregunta sobre la ubicación de la corrupción en el texto se refiere a la escala geográfica en la que se presenta la corrupción, y la respuesta correcta es "No aplica" porque la corrupción se presenta en diferentes niveles y contextos, pero el texto no se centra en una ubicación específica como ciudad, país o región. La corrupción se menciona en relación con el Partido Socialista Obrero Español (PSOE) y sus líderes, lo que sugiere que se trata de un problema nacional, pero no se limita a una escala geográfica específica.
0593	tipo_entidad	La respuesta es c) No aplica.
0593	tipo_entidad	La respuesta es c) No aplica.
0350	tipo_entidad	c) Internacional (ejemplo: América Latina, global)
0350	tipo_entidad	La respuesta es c) Internacional (ejemplo: América Latina, global).
0350	tipo_entidad	c) Internacional (ejemplo: América Latina, global)
0225	tipo_entidad	c) Internacional (ejemplo: América Latina, global)
0225	tipo_entidad	La respuesta es c) Internacional.
0225	tipo_entidad	c) Internacional (ejemplo: América Latina, global)
0211	tipo_entidad	La respuesta es c) Internacional (ejemplo: América Latina, global).
0211	tipo_entidad	La respuesta es c) Internacional (ejemplo: América Latina, global)
0211	tipo_entidad	La respuesta es c) Internacional (ejemplo: América Latina, global).
0494	tipo_entidad	La respuesta es c) Internacional (ejemplo: América Latina, global).
0494	tipo_entidad	La respuesta es c) Internacional.
0494	tipo_entidad	La respuesta es d) No aplica.
0260	tipo_entidad	La respuesta es c) Internacional (ejemplo: América Latina, global).
0260	tipo_entidad	La respuesta es c) Internacional.
0260	tipo_entidad	La respuesta es c) Internacional.
0068	tipo_entidad	c) Internacional (ejemplo: América Latina, global) La designación de más de 65 personas y entidades relacionadas con la corrupción y los abusos de los derechos humanos en 17 países por parte del Departamento de Estado de EE. UU. sugiere que la corrupción es un problema a nivel internacional. La mención a países específicos como Rusia, Ucrania, Irán, China, Corea del Norte, Filipinas, Perú e Indonesia, entre otros, indica que la corrupción es una preocupación global que trasciende fronteras nacionales.
0068	tipo_entidad	La respuesta es c) Internacional (ejemplo: América Latina, global).
0068	tipo_entidad	La respuesta es c) Internacional (ejemplo: América Latina, global)
0371	tipo_entidad	c) Internacional (ejemplo: América Latina, global)
0371	tipo_entidad	c) Internacional (ejemplo: América Latina, global)
0371	tipo_entidad	c) Internacional (ejemplo: América Latina, global)
0178	tipo_entidad	La respuesta es b) Nacional (ejemplo: Chile)
0178	tipo_entidad	La respuesta es c) Internacional.
0178	tipo_entidad	La respuesta es c) Internacional.
0138	tipo_entidad	La respuesta es c) Internacional (ejemplo: América Latina, global).
0138	tipo_entidad	La respuesta es c) Internacional (ejemplo: América Latina, global).
0138	tipo_entidad	La respuesta es c) Internacional (ejemplo: América Latina, global)
0468	tipo_entidad	c) Internacional (ejemplo: América Latina, global)
0468	tipo_entidad	La respuesta es c) Internacional (ejemplo: América Latina, global).
0468	tipo_entidad	La respuesta es c) Internacional (ejemplo: América Latina, global)
0390	tipo_entidad	La respuesta es c) Internacional.
0390	tipo_entidad	c) Internacional (ejemplo: América Latina, global)
0390	tipo_entidad	La respuesta es c) Internacional.
0413	tipo_entidad	La respuesta es b) Nacional (ejemplo: Mexico)
0413	tipo_entidad	La respuesta es b) Nacional (ejemplo: Mexico)
0413	tipo_entidad	La respuesta es b) Nacional (ejemplo: Mexico).
0320	tipo_entidad	La respuesta es b) Nacional.
0320	tipo_entidad	La respuesta es b) Nacional.
0320	tipo_entidad	La respuesta es b) Nacional.
0507	tipo_entidad	La respuesta es c) Internacional.
0507	tipo_entidad	La respuesta es b) Nacional.
0507	tipo_entidad	La respuesta es b) Nacional (ejemplo: México).
0452	tipo_entidad	La respuesta es c) Internacional (ejemplo: América Latina, global)
0452	tipo_entidad	La respuesta es c) Internacional (ejemplo: América Latina, global).
0452	tipo_entidad	c) Internacional (ejemplo: América Latina, global)
0385	tipo_entidad	La respuesta es c) Internacional.
0385	tipo_entidad	La respuesta es c) Internacional.
0385	tipo_entidad	c) Internacional (ejemplo: América Latina, global)
0411	tipo_entidad	La respuesta es b) Nacional (ejemplo: Mexico)
0411	tipo_entidad	La respuesta es b) Nacional.
0411	tipo_entidad	c) Internacional (ejemplo: América Latina, global)
0202	tipo_entidad	La respuesta es b) Nacional (ejemplo: México).
0202	tipo_entidad	La respuesta es b) Nacional (ejemplo: México).
0202	tipo_entidad	La respuesta es c) Internacional.
0233	tipo_entidad	La respuesta es c) Internacional.
0233	tipo_entidad	c) Internacional (ejemplo: América Latina, global)
0233	tipo_entidad	c) Internacional (ejemplo: América Latina, global)
0262	tipo_entidad	La respuesta es b) Nacional (ejemplo: México).
0262	tipo_entidad	La respuesta es c) Internacional.
0262	tipo_entidad	La respuesta es c) Internacional (ejemplo: América Latina, global).
0545	tipo_entidad	La respuesta es c) Internacional.
0545	tipo_entidad	La respuesta es c) Internacional (ejemplo: América Latina, global).
0545	tipo_entidad	La respuesta es c) Internacional.
0294	tipo_entidad	c) Internacional (ejemplo: América Latina, global)
0294	tipo_entidad	La respuesta es c) Internacional (ejemplo: América Latina, global).
0294	tipo_entidad	La respuesta es c) Internacional (ejemplo: América Latina, global).
0376	tipo_entidad	La respuesta es b) Nacional.
0376	tipo_entidad	La respuesta es b) Nacional (ejemplo: Guatemala).
0376	tipo_entidad	La respuesta es c) Internacional.
0251	tipo_entidad	La respuesta es c) Internacional (ejemplo: América Latina, global).
0251	tipo_entidad	La respuesta es c) Internacional (ejemplo: América Latina, global).
0251	tipo_entidad	La respuesta es c) Internacional (ejemplo: América Latina, global).
0032	tipo_entidad	c) Internacional (ejemplo: América Latina, global)
0032	tipo_entidad	c) Internacional (ejemplo: América Latina, global) La respuesta se basa en la afirmación del autor de que "La corrupción no es un fenómeno que aparezca espontáneamente en los gobiernos o en otras instituciones. Tiene raíces en la sociedad". Esto sugiere que la corrupción es un problema que se extiende más allá de un contexto local o nacional y está relacionado con las características de la sociedad en general, incluyendo valores y pautas históricas.
0032	tipo_entidad	La respuesta es c) Internacional (ejemplo: América Latina, global).
0428	tipo_entidad	c) Internacional (ejemplo: América Latina, global)
0428	tipo_entidad	c) Internacional (ejemplo: América Latina, global)
0428	tipo_entidad	c) Internacional (ejemplo: América Latina, global)
0112	tipo_entidad	La respuesta es c) Internacional (ejemplo: América Latina, global).
0112	tipo_entidad	La respuesta es c) Internacional (ejemplo: América Latina, global).
0112	tipo_entidad	La respuesta es c) Internacional.
0574	tipo_entidad	La respuesta es b) Nacional.
0574	tipo_entidad	La respuesta es c) Internacional.
0574	tipo_entidad	La respuesta es c) Internacional.
0300	tipo_entidad	La respuesta es c) Internacional (ejemplo: América Latina, global).
0300	tipo_entidad	La respuesta es c) Internacional (ejemplo: América Latina, global).
0300	tipo_entidad	La respuesta es c) Internacional (ejemplo: América Latina, global)
0153	tipo_entidad	La respuesta es c) Internacional (ejemplo: América Latina, global)
0153	tipo_entidad	c) Internacional (ejemplo: América Latina, global)
0153	tipo_entidad	La respuesta es c) Internacional (ejemplo: América Latina, global)
0060	tipo_entidad	La respuesta es c) Internacional.
0060	tipo_entidad	c) Internacional (ejemplo: América Latina, global)
0060	tipo_entidad	La respuesta es c) Internacional (ejemplo: América Latina, global).
0243	tipo_entidad	La respuesta es c) Internacional.
0243	tipo_entidad	La respuesta es b) Nacional (ejemplo: México).
0243	tipo_entidad	La respuesta es c) Internacional.
0496	tipo_entidad	c) Internacional (ejemplo: América Latina, global)
0496	tipo_entidad	c) Internacional (ejemplo: América Latina, global)
0496	tipo_entidad	c) Internacional (ejemplo: América Latina, global)
0176	tipo_entidad	La respuesta es c) Internacional (ejemplo: América Latina, global)
0176	tipo_entidad	La respuesta es c) Internacional (ejemplo: América Latina, global).
0176	tipo_entidad	La respuesta es c) Internacional (ejemplo: América Latina, global).
0182	tipo_entidad	La respuesta es b) Nacional (ejemplo: Mexico)
0182	tipo_entidad	La respuesta es c) Internacional (ejemplo: América Latina, global).
0182	tipo_entidad	La respuesta es c) Internacional (ejemplo: América Latina, global).
0334	tipo_entidad	La respuesta es c) Internacional (ejemplo: América Latina, global).
0334	tipo_entidad	La respuesta es c) Internacional.
0334	tipo_entidad	La respuesta es b) Nacional (ejemplo: Mexico).
0158	tipo_entidad	La respuesta es c) Internacional (ejemplo: América Latina, global).
0158	tipo_entidad	La respuesta es c) Internacional (ejemplo: América Latina, global).
0158	tipo_entidad	La respuesta es c) Internacional (ejemplo: América Latina, global)
0325	tipo_entidad	c) Internacional (ejemplo: América Latina, global)
0325	tipo_entidad	La respuesta es c) Internacional.
0325	tipo_entidad	c) Internacional (ejemplo: América Latina, global)
0479	tipo_entidad	La respuesta es b) Nacional.
0479	tipo_entidad	La respuesta es b) Nacional.
0479	tipo_entidad	La respuesta es b) Nacional.
0469	tipo_entidad	La respuesta es c) Internacional (ejemplo: América Latina, global).
0469	tipo_entidad	c) Internacional (ejemplo: América Latina, global)
0469	tipo_entidad	c) Internacional (ejemplo: América Latina, global)
0386	tipo_entidad	c) Internacional (ejemplo: América Latina, global) La corrupción es un problema que se presenta en múltiples niveles y contextos, pero en este caso, la Misión de Apoyo contra la Corrupción y la Impunidad en Honduras (MACCIH) es un programa de la Organización de los Estados Americanos (OEA) que tiene como objetivo apoyar a los países de la región en la lucha contra la corrupción y la impunidad. Esto sugiere que la corrupción es un problema regional y global, que requiere una respuesta coordinada y colaborativa entre los países de la región.
0386	tipo_entidad	La respuesta es c) Internacional.
0386	tipo_entidad	La respuesta es c) Internacional.
0058	tipo_entidad	c) Internacional (ejemplo: América Latina, global)
0058	tipo_entidad	La respuesta es c) Internacional (ejemplo: América Latina, global).
0058	tipo_entidad	La respuesta es c) Internacional (ejemplo: América Latina, global).
0554	tipo_entidad	La respuesta es c) Internacional (ejemplo: América Latina, global)
0554	tipo_entidad	c) Internacional (ejemplo: América Latina, global)
0554	tipo_entidad	La respuesta es c) Internacional.
0480	tipo_entidad	La respuesta es c) Internacional (ejemplo: América Latina, global).
0480	tipo_entidad	La respuesta es c) Internacional (ejemplo: América Latina, global).
0480	tipo_entidad	La respuesta es c) Internacional (ejemplo: América Latina, global)
0030	tipo_entidad	La respuesta es c) Internacional (ejemplo: América Latina, global)
0030	tipo_entidad	c) Internacional (ejemplo: América Latina, global)
0030	tipo_entidad	La respuesta es c) Internacional (ejemplo: América Latina, global).
0559	tipo_entidad	La respuesta es c) Internacional.
0559	tipo_entidad	La respuesta es c) Internacional.
0559	tipo_entidad	La respuesta es c) Internacional.
0450	tipo_entidad	La respuesta es c) Internacional (ejemplo: América Latina, global).
0450	tipo_entidad	La respuesta es c) Internacional (ejemplo: América Latina, global)
0450	tipo_entidad	La respuesta es c) Internacional (ejemplo: América Latina, global).
0446	tipo_entidad	La respuesta es c) Internacional (ejemplo: América Latina, global).
0446	tipo_entidad	c) Internacional (ejemplo: América Latina, global)
0446	tipo_entidad	La respuesta es c) Internacional (ejemplo: América Latina, global).
0283	tipo_entidad	La respuesta es c) Internacional (ejemplo: América Latina, global).
0283	tipo_entidad	La respuesta es c) Internacional (ejemplo: América Latina, global)
0283	tipo_entidad	La respuesta es b) Nacional (ejemplo: Mexico).
0089	tipo_entidad	c) Internacional (ejemplo: América Latina, global)
0089	tipo_entidad	La respuesta es c) Internacional.
0089	tipo_entidad	La respuesta es b) Nacional (ejemplo: México).
0113	tipo_entidad	La respuesta es c) Internacional (ejemplo: América Latina, global).
0113	tipo_entidad	La respuesta es c) Internacional (ejemplo: América Latina, global).
0113	tipo_entidad	La respuesta es c) Internacional (ejemplo: América Latina, global)
0348	tipo_entidad	La respuesta es c) Internacional (ejemplo: América Latina, global).
0348	tipo_entidad	La respuesta es c) Internacional.
0348	tipo_entidad	c) Internacional (ejemplo: América Latina, global)
0033	tipo_entidad	La respuesta es c) Internacional (ejemplo: América Latina, global)
0033	tipo_entidad	La respuesta es c) Internacional (ejemplo: América Latina, global).
0033	tipo_entidad	La respuesta es c) Internacional (ejemplo: América Latina, global)
0342	tipo_entidad	La respuesta es c) Internacional (ejemplo: América Latina, global).
0342	tipo_entidad	La respuesta es c) Internacional (ejemplo: América Latina, global).
0342	tipo_entidad	La respuesta es c) Internacional (ejemplo: América Latina, global).
0474	tipo_entidad	La respuesta es b) Nacional (ejemplo: México).
0474	tipo_entidad	La respuesta es b) Nacional (ejemplo: México).
0474	tipo_entidad	La respuesta es c) Internacional (ejemplo: América Latina, global).
0144	tipo_entidad	La respuesta es c) Internacional.
0144	tipo_entidad	La respuesta es c) Internacional.
0144	tipo_entidad	La respuesta es c) Internacional (ejemplo: América Latina, global).
0133	tipo_entidad	La respuesta es c) Internacional (ejemplo: América Latina, global).
0133	tipo_entidad	La respuesta es b) Nacional (ejemplo: Mexico).
0133	tipo_entidad	La respuesta es b) Nacional (ejemplo: México).
0146	tipo_entidad	c) No aplica.
0146	tipo_entidad	c) No aplica
0146	tipo_entidad	c) No aplica.
0422	tipo_entidad	La respuesta es c) Internacional (ejemplo: América Latina, global).
0422	tipo_entidad	La respuesta es c) Internacional (ejemplo: América Latina, global).
0422	tipo_entidad	c) Internacional (ejemplo: América Latina, global).
0366	tipo_entidad	La respuesta es c) Internacional (ejemplo: América Latina, global).
0366	tipo_entidad	La respuesta es c) Internacional (ejemplo: América Latina, global).
0366	tipo_entidad	La respuesta es c) Internacional (ejemplo: América Latina, global).
0327	tipo_entidad	La respuesta es c) Internacional (ejemplo: América Latina, global).
0327	tipo_entidad	La respuesta es b) Nacional.
0327	tipo_entidad	La respuesta es b) Nacional.
0326	tipo_entidad	La respuesta es b) Nacional (ejemplo: Mexico).
0326	tipo_entidad	La respuesta es c) Internacional (ejemplo: América Latina, global).
0326	tipo_entidad	La respuesta es c) Internacional.
0596	tipo_entidad	La respuesta es c) Internacional.
0596	tipo_entidad	La respuesta es d) No aplica.
0596	tipo_entidad	La respuesta es c) Internacional.
0451	tipo_entidad	c) Internacional (ejemplo: América Latina, global)
0451	tipo_entidad	La respuesta es c) Internacional (ejemplo: América Latina, global).
0451	tipo_entidad	La respuesta es c) Internacional.
0151	tipo_entidad	c) Internacional (ejemplo: América Latina, global)
0151	tipo_entidad	c) No aplica La corrupción es un fenómeno que se presenta en diferentes niveles y contextos, pero la pregunta parece referirse a una ubicación específica. En este caso, la respuesta "No aplica" sugiere que la pregunta no se refiere a una ubicación específica como Ciudad de México, México o América Latina, sino que busca una respuesta más general.
0151	tipo_entidad	c) Internacional (ejemplo: América Latina, global)
0179	tipo_entidad	La respuesta es c) Internacional.
0179	tipo_entidad	c) Internacional (ejemplo: América Latina, global)
0179	tipo_entidad	La respuesta es c) Internacional (ejemplo: América Latina, global).
0008	tipo_entidad	La respuesta es c) Internacional (ejemplo: América Latina, global).
0008	tipo_entidad	c) Internacional (ejemplo: América Latina, global)
0008	tipo_entidad	La respuesta es c) Internacional.
0188	tipo_entidad	La respuesta es c) Internacional (ejemplo: América Latina, global).
0188	tipo_entidad	La respuesta es c) Internacional (ejemplo: América Latina, global).
0188	tipo_entidad	La respuesta es c) Internacional.
0463	tipo_entidad	c) Internacional (ejemplo: América Latina, global).
0463	tipo_entidad	c) Internacional (ejemplo: América Latina, global).
0463	tipo_entidad	La respuesta es b) Nacional (ejemplo: Mexico)
0580	tipo_entidad	La respuesta es c) Internacional.
0580	tipo_entidad	La respuesta es c) Internacional (ejemplo: América Latina, global).
0580	tipo_entidad	c) Internacional (ejemplo: América Latina, global)
0328	tipo_entidad	c) Internacional (ejemplo: América Latina, global)
0328	tipo_entidad	c) No aplica
0328	tipo_entidad	c) Internacional (ejemplo: América Latina, global)
0231	tipo_entidad	La respuesta es c) Internacional (ejemplo: América Latina, global)
0231	tipo_entidad	La respuesta es c) Internacional.
0231	tipo_entidad	La respuesta es c) Internacional.
0490	tipo_entidad	La respuesta es b) Nacional.
0490	tipo_entidad	La respuesta es b) Nacional (ejemplo: Mexico).
0490	tipo_entidad	La respuesta es b) Nacional (ejemplo: México).
0078	tipo_entidad	c) Internacional (ejemplo: América Latina, global) La respuesta es c) Internacional (ejemplo: América Latina, global).
0078	tipo_entidad	La respuesta es c) Internacional (ejemplo: América Latina, global).
0078	tipo_entidad	La respuesta es b) Nacional (ejemplo: México).
0529	tipo_entidad	c) Internacional (ejemplo: América Latina, global)
0529	tipo_entidad	La respuesta es b) Nacional (ejemplo: Mexico).
0529	tipo_entidad	La respuesta es b) Nacional (ejemplo: Mexico).
0109	tipo_entidad	La respuesta es c) Internacional.
0109	tipo_entidad	La respuesta es c) Internacional.
0109	tipo_entidad	La respuesta es c) Internacional.
0273	tipo_entidad	c) Internacional (ejemplo: América Latina, global)
0273	tipo_entidad	La respuesta es c) Internacional (ejemplo: América Latina, global).
0273	tipo_entidad	La respuesta es c) Internacional (ejemplo: América Latina, global).
0467	tipo_entidad	La respuesta es c) Internacional.
0467	tipo_entidad	La respuesta es c) Internacional.
0467	tipo_entidad	La respuesta es c) Internacional.
0502	tipo_entidad	La respuesta es b) Nacional.
0502	tipo_entidad	La respuesta es c) Internacional.
0502	tipo_entidad	La respuesta es b) Nacional (ejemplo: México).
0042	tipo_entidad	La respuesta es c) Internacional (ejemplo: América Latina, global).
0042	tipo_entidad	La respuesta es c) Internacional (ejemplo: América Latina, global).
0042	tipo_entidad	La respuesta es c) Internacional (ejemplo: América Latina, global).
0287	tipo_entidad	c) Internacional (ejemplo: América Latina, global)
0287	tipo_entidad	c) No aplica La respuesta es c) No aplica La corrupción es un fenómeno complejo que puede manifestarse en diferentes niveles, incluyendo local, nacional e internacional. Sin embargo, en el contexto del artículo, la corrupción se analiza como un fenómeno social y organizacional, más que como un problema específico de una región o país en particular.
0287	tipo_entidad	c) Internacional (ejemplo: América Latina, global)
0250	tipo_entidad	c) Internacional (ejemplo: América Latina, global)
0250	tipo_entidad	c) Internacional (ejemplo: América Latina, global)
0250	tipo_entidad	c) Internacional (ejemplo: América Latina, global)
0425	tipo_entidad	La respuesta es c) Internacional (ejemplo: América Latina, global).
0425	tipo_entidad	La respuesta es c) Internacional.
0425	tipo_entidad	La respuesta es c) Internacional (ejemplo: América Latina, global).
0212	tipo_entidad	La respuesta es b) Nacional (ejemplo: Chile).
0212	tipo_entidad	La respuesta es b) Nacional (ejemplo: Chile).
0212	tipo_entidad	La respuesta es b) Nacional (ejemplo: Mexico)
0353	tipo_entidad	La respuesta es c) Internacional.
0353	tipo_entidad	La respuesta es c) Internacional.
0353	tipo_entidad	La respuesta es b) Nacional.
0405	tipo_entidad	La respuesta es b) Nacional (ejemplo: México).
0405	tipo_entidad	La respuesta es b) Nacional (ejemplo: México).
0405	tipo_entidad	La respuesta es b) Nacional (ejemplo: México).
0583	tipo_entidad	La respuesta es c) Internacional (ejemplo: América Latina, global)
0583	tipo_entidad	La respuesta es c) Internacional (ejemplo: América Latina, global).
0583	tipo_entidad	La respuesta es c) Internacional (ejemplo: América Latina, global).
0432	tipo_entidad	La respuesta es c) Internacional.
0432	tipo_entidad	La respuesta es d) No aplica
0432	tipo_entidad	La respuesta es c) Internacional (ejemplo: América Latina, global).
0240	tipo_entidad	La respuesta es b) Nacional (ejemplo: Mexico).
0240	tipo_entidad	La respuesta es c) Internacional (ejemplo: América Latina, global).
0240	tipo_entidad	La respuesta es b) Nacional.
0539	tipo_entidad	c) Internacional (ejemplo: América Latina, global)
0539	tipo_entidad	La respuesta es b) Nacional (ejemplo: Uruguay).
0539	tipo_entidad	La respuesta es c) Internacional (ejemplo: América Latina, global)
0404	tipo_entidad	La respuesta es b) Nacional (ejemplo: México).
0404	tipo_entidad	La respuesta es b) Nacional (ejemplo: México).
0404	tipo_entidad	La respuesta es b) Nacional (ejemplo: México).
0111	tipo_entidad	La respuesta es c) Internacional (ejemplo: América Latina, global).
0111	tipo_entidad	La respuesta es c) Internacional (ejemplo: América Latina, global)
0111	tipo_entidad	c) Internacional (ejemplo: América Latina, global)
0548	tipo_entidad	La respuesta es c) Internacional (ejemplo: América Latina, global).
0548	tipo_entidad	La respuesta es c) Internacional (ejemplo: América Latina, global).
0548	tipo_entidad	La respuesta es c) Internacional (ejemplo: América Latina, global).
0265	tipo_entidad	La respuesta es c) Internacional (ejemplo: América Latina, global).
0265	tipo_entidad	La respuesta es c) Internacional (ejemplo: América Latina, global).
0265	tipo_entidad	La respuesta es c) Internacional (ejemplo: América Latina, global)
0581	tipo_entidad	La respuesta es c) Internacional (ejemplo: América Latina, global).
0581	tipo_entidad	La respuesta es c) Internacional (ejemplo: América Latina, global).
0581	tipo_entidad	La respuesta es c) Internacional.
0544	tipo_entidad	La respuesta es c) Internacional (ejemplo: América Latina, global).
0544	tipo_entidad	La respuesta es c) Internacional (ejemplo: América Latina, global).
0544	tipo_entidad	La respuesta es c) Internacional.
0338	tipo_entidad	La respuesta es b) Nacional (ejemplo: México).
0338	tipo_entidad	c) Internacional (ejemplo: América Latina, global)
0338	tipo_entidad	La respuesta es b) Nacional (Ejemplo: México)
0046	tipo_entidad	La respuesta es c) Internacional (ejemplo: América Latina, global).
0046	tipo_entidad	La respuesta es c) Internacional (ejemplo: América Latina, global).
0046	tipo_entidad	La respuesta es c) Internacional (ejemplo: América Latina, global).
0594	tipo_entidad	La respuesta es c) Internacional (ejemplo: América Latina, global).
0594	tipo_entidad	La respuesta es c) Internacional (ejemplo: América Latina, global).
0594	tipo_entidad	c) Internacional (ejemplo: América Latina, global)
0237	tipo_entidad	La respuesta es c) Internacional (ejemplo: América Latina, global).
0237	tipo_entidad	La respuesta es c) Internacional (ejemplo: América Latina, global).
0237	tipo_entidad	La respuesta es c) Internacional.
0103	tipo_entidad	La respuesta es c) Internacional.
0103	tipo_entidad	La respuesta es c) Internacional.
0103	tipo_entidad	La respuesta es c) Internacional.
0209	tipo_entidad	c) No aplica La corrupción se presenta como un fenómeno multidimensional que afecta a diferentes niveles y sectores de la administración pública, así como a la sociedad en general, y no se limita a un lugar geográfico específico como la Ciudad de México.
0209	tipo_entidad	c) Internacional (ejemplo: América Latina, global)
0209	tipo_entidad	a) Local (ejemplo: Ciudad de Mexico)
0395	tipo_entidad	La respuesta es b) Nacional (ejemplo: Mexico).
0395	tipo_entidad	La respuesta es b) Nacional.
0395	tipo_entidad	La respuesta es b) Nacional.
0186	tipo_entidad	La respuesta es c) Internacional (ejemplo: América Latina, global)
0186	tipo_entidad	c) Internacional (ejemplo: América Latina, global) La investigación analiza las políticas de integridad en Chile desde una perspectiva evolutiva, considerando la corrupción como un problema que trasciende fronteras y afecta a múltiples países, en este caso, América Latina.
0186	tipo_entidad	c) Internacional (ejemplo: América Latina, global) La corrupción es un fenómeno que se presenta en diferentes niveles, pero en el contexto de la investigación presentada, la perspectiva es amplia y abarca tanto a nivel nacional como internacional, ya que se analiza la corrupción en Chile y su impacto en la región de América Latina.
0417	tipo_entidad	La respuesta es b) Nacional (ejemplo: México).
0417	tipo_entidad	La respuesta es b) Nacional (ejemplo: México).
0417	tipo_entidad	La respuesta es b) Nacional (ejemplo: México).
0449	tipo_entidad	La respuesta es b) Nacional.
0449	tipo_entidad	La respuesta es b) Nacional.
0449	tipo_entidad	La respuesta es b) Nacional.
0427	tipo_entidad	La respuesta es c) Internacional (ejemplo: América Latina, global)
0427	tipo_entidad	La respuesta es b) Nacional (ejemplo: México).
0427	tipo_entidad	La respuesta es b) Nacional (ejemplo: Mexico).
0278	tipo_entidad	c) Internacional (ejemplo: América Latina, global)
0278	tipo_entidad	c) Internacional (ejemplo: América Latina, global) La respuesta es c) Internacional (ejemplo: América Latina, global)
0278	tipo_entidad	La respuesta es c) Internacional (ejemplo: América Latina, global).
0021	tipo_entidad	a) Local (ejemplo: Ciudad de México), b) Nacional (ejemplo: México) y c) Internacional (ejemplo: América Latina, global).
0021	tipo_entidad	c) Internacional (ejemplo: América Latina, global)
0021	tipo_entidad	La respuesta es c) Internacional (ejemplo: América Latina, global).
0259	tipo_entidad	La respuesta es c) Internacional (ejemplo: América Latina, global).
0259	tipo_entidad	La respuesta es c) Internacional.
0259	tipo_entidad	La respuesta es c) Internacional.
0495	tipo_entidad	c) Internacional (ejemplo: América Latina, global)
0495	tipo_entidad	La respuesta es c) Internacional (ejemplo: América Latina, global).
0495	tipo_entidad	La respuesta es c) Internacional (ejemplo: América Latina, global).
0318	tipo_entidad	La respuesta es b) Nacional.
0318	tipo_entidad	La respuesta es b) Nacional (ejemplo: Mexico).
0318	tipo_entidad	La respuesta es c) Internacional.
0194	tipo_entidad	c) Internacional (ejemplo: América Latina, global)
0194	tipo_entidad	c) Internacional (ejemplo: América Latina, global)
0194	tipo_entidad	c) Internacional (ejemplo: América Latina, global)
0267	tipo_entidad	La respuesta es b) Nacional (ejemplo: Colombia)
0267	tipo_entidad	c) Internacional.
0267	tipo_entidad	La respuesta es b) Nacional (ejemplo: Mexico)
0508	tipo_entidad	c) Internacional (ejemplo: América Latina, global)
0508	tipo_entidad	c) Nacional (ejemplo: México)
0508	tipo_entidad	c) Nacional (ejemplo: México)
0419	tipo_entidad	La respuesta es c) Internacional (ejemplo: América Latina, global).
0419	tipo_entidad	La respuesta es b) Nacional (ejemplo: México).
0419	tipo_entidad	La respuesta es c) Internacional.
0102	tipo_entidad	La respuesta es c) Internacional (ejemplo: América Latina, global)
0102	tipo_entidad	La respuesta es c) Internacional.
0102	tipo_entidad	La respuesta es c) Internacional (ejemplo: América Latina, global).
0475	tipo_entidad	La respuesta es c) Internacional (ejemplo: América Latina, global).
0475	tipo_entidad	La respuesta es c) Internacional (ejemplo: América Latina, global).
0475	tipo_entidad	La respuesta es c) Internacional (ejemplo: América Latina, global).
0135	tipo_entidad	c) Internacional (ejemplo: América Latina, global)
0135	tipo_entidad	c) Internacional (ejemplo: América Latina, global)
0135	tipo_entidad	La respuesta es c) Internacional (ejemplo: América Latina, global)
0065	tipo_entidad	La respuesta es c) Internacional.
0065	tipo_entidad	La respuesta es c) Internacional.
0065	tipo_entidad	La respuesta es c) Internacional.
0254	tipo_entidad	La respuesta es c) Internacional (ejemplo: América Latina, global).
0254	tipo_entidad	La respuesta es c) Internacional (ejemplo: América Latina, global).
0254	tipo_entidad	La respuesta es c) Internacional (ejemplo: América Latina, global).
0054	tipo_entidad	La respuesta es c) Internacional (ejemplo: América Latina, global).
0054	tipo_entidad	La respuesta es c) Internacional (ejemplo: América Latina, global).
0054	tipo_entidad	La respuesta es c) Internacional (ejemplo: América Latina, global)
0230	tipo_entidad	La respuesta es b) Nacional (ejemplo: México)
0230	tipo_entidad	c) Internacional (ejemplo: América Latina, global)
0230	tipo_entidad	c) Internacional (ejemplo: América Latina, global) La corrupción es un problema que afecta a muchos países de América Latina, incluyendo Colombia, y tiene implicaciones a nivel regional y global.
0524	tipo_entidad	c) Internacional (ejemplo: América Latina, global)
0524	tipo_entidad	c) Internacional (ejemplo: América Latina, global)
0524	tipo_entidad	c) Internacional (ejemplo: América Latina, global)
0313	tipo_entidad	La respuesta es c) Internacional (ejemplo: América Latina, global).
0313	tipo_entidad	La respuesta es c) Internacional (ejemplo: América Latina, global)
0313	tipo_entidad	La respuesta es c) Internacional (ejemplo: América Latina, global).
0077	tipo_entidad	La respuesta es c) Internacional (ejemplo: América Latina, global)
0077	tipo_entidad	La respuesta es c) Internacional (ejemplo: América Latina, global)
0077	tipo_entidad	La respuesta es c) Internacional.
0244	tipo_entidad	La respuesta es c) Internacional (ejemplo: América Latina, global).
0244	tipo_entidad	La respuesta es c) Internacional.
0244	tipo_entidad	c) Internacional (ejemplo: América Latina, global)
0367	tipo_entidad	c) Internacional (ejemplo: América Latina, global)
0367	tipo_entidad	c) Internacional (ejemplo: América Latina, global)
0367	tipo_entidad	c) Internacional (ejemplo: América Latina, global)
0285	tipo_entidad	La respuesta es c) Internacional (ejemplo: América Latina, global).
0285	tipo_entidad	La respuesta es c) Internacional (ejemplo: América Latina, global).
0285	tipo_entidad	La respuesta es c) Internacional (ejemplo: América Latina, global)
0315	tipo_entidad	La respuesta es a) Local.
0315	tipo_entidad	La respuesta es d) No aplica.
0315	tipo_entidad	La respuesta es a) Local.
0272	tipo_entidad	La respuesta es c) Internacional.
0272	tipo_entidad	La respuesta es c) Internacional (ejemplo: América Latina, global).
0272	tipo_entidad	La respuesta es c) Internacional.
0492	tipo_entidad	La respuesta es c) No aplica.
0492	tipo_entidad	La respuesta es d) No aplica.
0492	tipo_entidad	La respuesta es c) No aplica.
0050	tipo_entidad	La respuesta es c) Internacional (ejemplo: América Latina, global).
0050	tipo_entidad	La respuesta es c) Internacional.
0050	tipo_entidad	La respuesta es c) Internacional.
0443	tipo_entidad	c) Internacional (ejemplo: América Latina, global)
0443	tipo_entidad	La respuesta es c) Internacional (ejemplo: América Latina, global).
0443	tipo_entidad	La respuesta es b) Nacional (ejemplo: México).
0403	tipo_entidad	c) Internacional (ejemplo: América Latina, global) La respuesta es c) Internacional (ejemplo: América Latina, global)
0403	tipo_entidad	c) Internacional (ejemplo: América Latina, global) La corrupción es descrita en el texto como un fenómeno transnacional que afecta a todas las sociedades y economías, lo que lleva a la cooperación internacional para prevenirla y luchar contra ella.
0403	tipo_entidad	c) Internacional (ejemplo: América Latina, global)
0122	tipo_entidad	c) Internacional (ejemplo: América Latina, global)
0122	tipo_entidad	c) Internacional (ejemplo: América Latina, global)
0122	tipo_entidad	La respuesta es c) Internacional (ejemplo: América Latina, global)
0039	tipo_entidad	La respuesta es c) Internacional (ejemplo: América Latina, global).
0039	tipo_entidad	La respuesta es b) Nacional (ejemplo: Mexico)
0039	tipo_entidad	Una respuesta posible es: La respuesta es c) Internacional.
0482	tipo_entidad	La respuesta es c) Internacional (ejemplo: América Latina, global)
0482	tipo_entidad	La respuesta es b) Nacional (ejemplo: Mexico)
0482	tipo_entidad	La respuesta es c) Internacional (ejemplo: América Latina, global).
0370	tipo_entidad	La respuesta es c) Internacional (ejemplo: América Latina, global).
0370	tipo_entidad	c) Internacional (ejemplo: América Latina, global) La corrupción se presenta como una amenaza prioritaria a nivel transnacional, según se desprende del texto, que menciona la convocatoria de la Organización de las Naciones Unidas (ONU) para abordar este problema a nivel internacional, la aprobación de la Convención de Naciones Unidas Contra la Corrupción y la declaración del 9 de diciembre como "Día Internacional Anticorrupción". Esto sugiere que la corrupción es un problema que trasciende las fronteras nacionales y requiere una respuesta global.
0370	tipo_entidad	La respuesta es c) Internacional (ejemplo: América Latina, global)
0253	tipo_entidad	La respuesta es b) Nacional (ejemplo: Mexico).
0253	tipo_entidad	La respuesta es b) Nacional (ejemplo: Mexico).
0253	tipo_entidad	La respuesta es b) Nacional (ejemplo: México).
0108	tipo_entidad	La respuesta es c) Internacional (ejemplo: América Latina, global).
0108	tipo_entidad	La respuesta es c) Internacional (ejemplo: América Latina, global).
0108	tipo_entidad	La respuesta es c) Internacional (ejemplo: América Latina, global).
0566	tipo_entidad	La respuesta es c) Internacional (ejemplo: América Latina, global)
0566	tipo_entidad	c) Internacional (ejemplo: América Latina, global)
0566	tipo_entidad	La respuesta es c) Internacional.
0129	tipo_entidad	La respuesta es c) Internacional (ejemplo: América Latina, global)
0129	tipo_entidad	La respuesta es b) Nacional (ejemplo: México)
0129	tipo_entidad	La respuesta es c) Internacional (ejemplo: América Latina, global).
0088	tipo_entidad	La respuesta es c) Internacional (ejemplo: América Latina, global).
0088	tipo_entidad	No aplica
0088	tipo_entidad	La respuesta es c) Internacional (ejemplo: América Latina, global).
0532	tipo_entidad	c) Internacional (ejemplo: América Latina, global)
0532	tipo_entidad	c) Internacional (ejemplo: América Latina, global)
0532	tipo_entidad	c) Internacional (ejemplo: América Latina, global)
0399	tipo_entidad	La respuesta es c) Internacional (ejemplo: América Latina, global).
0399	tipo_entidad	La respuesta es c) Internacional (ejemplo: América Latina, global).
0399	tipo_entidad	La respuesta es b) Nacional (ejemplo: México).
0407	tipo_entidad	c) Nacional (ejemplo: México)
0407	tipo_entidad	a) Local (ejemplo: Ciudad de Mexico)
0407	tipo_entidad	c) Nacional (ejemplo: México)
0257	tipo_entidad	La respuesta es b) Nacional (ejemplo: Colombia).
0257	tipo_entidad	La respuesta es c) Internacional (ejemplo: América Latina, global).
0257	tipo_entidad	La respuesta es c) Internacional (ejemplo: América Latina, global).
0573	tipo_entidad	La respuesta es c) Internacional.
0573	tipo_entidad	La respuesta es b) Nacional (ejemplo: Mexico).
0573	tipo_entidad	La respuesta es c) Internacional.
0565	tipo_entidad	c) Internacional (ejemplo: América Latina, global).
0565	tipo_entidad	La respuesta es b) Nacional (ejemplo: España).
0565	tipo_entidad	La respuesta es b) Nacional (ejemplo: Mexico).
0308	tipo_entidad	c) Internacional (ejemplo: América Latina, global)
0308	tipo_entidad	La respuesta es c) Internacional (ejemplo: América Latina, global).
0308	tipo_entidad	La respuesta es c) Internacional (ejemplo: América Latina, global).
0031	tipo_entidad	c) Internacional (ejemplo: América Latina, global)
0031	tipo_entidad	c) Internacional (ejemplo: América Latina, global)
0031	tipo_entidad	c) Internacional (ejemplo: América Latina, global)
0584	tipo_entidad	La respuesta es c) Internacional (ejemplo: América Latina, global).
0584	tipo_entidad	La respuesta es c) Internacional.
0584	tipo_entidad	c) Internacional (ejemplo: América Latina, global)
0588	tipo_entidad	La respuesta es c) Internacional (ejemplo: América Latina, global).
0588	tipo_entidad	c) Internacional (ejemplo: América Latina, global)
0588	tipo_entidad	c) Internacional (ejemplo: América Latina, global)
0035	tipo_entidad	La respuesta es c) Internacional (ejemplo: América Latina, global).
0035	tipo_entidad	La respuesta es b) Nacional.
0035	tipo_entidad	La respuesta es c) Internacional.
0290	tipo_entidad	La respuesta es d) No aplica.
0290	tipo_entidad	La respuesta es b) Nacional (ejemplo: México).
0290	tipo_entidad	La respuesta es b) Nacional (ejemplo: México).
0306	tipo_entidad	La respuesta es c) Internacional.
0306	tipo_entidad	La respuesta es c) Internacional.
0306	tipo_entidad	La respuesta es c) Internacional.
0149	tipo_entidad	La respuesta es c) Internacional (ejemplo: América Latina, global).
0149	tipo_entidad	La respuesta es c) Internacional.
0149	tipo_entidad	La respuesta es b) Nacional (ejemplo: México).
0517	tipo_entidad	La respuesta es b) Nacional.
0517	tipo_entidad	La respuesta es b) Nacional.
0517	tipo_entidad	La respuesta es d) No aplica.
0455	tipo_entidad	La respuesta es c) Internacional.
0455	tipo_entidad	La respuesta es c) Internacional.
0455	tipo_entidad	La respuesta es c) Internacional.
0576	tipo_entidad	c) Internacional (ejemplo: América Latina, global)
0576	tipo_entidad	La respuesta es c) Internacional (ejemplo: América Latina, global).
0576	tipo_entidad	c) Internacional (ejemplo: América Latina, global)
0563	tipo_entidad	c) Internacional (ejemplo: América Latina, global)
0563	tipo_entidad	c) Internacional (ejemplo: América Latina, global)
0563	tipo_entidad	c) Internacional (ejemplo: América Latina, global)
0378	tipo_entidad	La respuesta es b) Nacional (ejemplo: Mexico)
0378	tipo_entidad	La respuesta es c) Internacional.
0378	tipo_entidad	La respuesta es c) Internacional.
0520	tipo_entidad	La respuesta es c) Internacional.
0520	tipo_entidad	La respuesta es c) Internacional (ejemplo: América Latina, global).
0520	tipo_entidad	La respuesta es c) Internacional.
0090	tipo_entidad	c) Internacional (ejemplo: América Latina, global)
0090	tipo_entidad	La respuesta es c) Internacional (ejemplo: América Latina, global).
0090	tipo_entidad	La respuesta es c) Internacional (ejemplo: América Latina, global).
0041	tipo_entidad	La respuesta es b) Nacional.
0041	tipo_entidad	La respuesta es b) Nacional (ejemplo: Mexico).
0041	tipo_entidad	La respuesta es b) Nacional (ejemplo: México).
0073	tipo_entidad	La respuesta es c) Internacional (ejemplo: América Latina, global)
0073	tipo_entidad	La respuesta es c) Internacional (ejemplo: América Latina, global)
0073	tipo_entidad	La respuesta es c) Internacional.
0018	tipo_entidad	La respuesta es c) Internacional (ejemplo: América Latina, global)
0018	tipo_entidad	La respuesta es c) Internacional (ejemplo: América Latina, global)
0018	tipo_entidad	La respuesta es c) Internacional.
0292	tipo_entidad	La respuesta es c) Internacional (ejemplo: América Latina, global).
0292	tipo_entidad	La respuesta es c) Internacional (ejemplo: América Latina, global).
0292	tipo_entidad	La respuesta es c) Internacional (ejemplo: América Latina, global).
0061	tipo_entidad	c) Internacional (ejemplo: América Latina, global).
0061	tipo_entidad	c) Internacional (ejemplo: América Latina, global)
0061	tipo_entidad	c) Internacional (ejemplo: América Latina, global).
0341	tipo_entidad	La respuesta es c) Internacional.
0341	tipo_entidad	La respuesta es b) Nacional (ejemplo: Mexico).
0341	tipo_entidad	La respuesta es c) Internacional (ejemplo: América Latina, global)
0358	tipo_entidad	La respuesta es c) Internacional (ejemplo: América Latina, global).
0358	tipo_entidad	c) Internacional (ejemplo: América Latina, global)
0358	tipo_entidad	La respuesta es c) Internacional (ejemplo: América Latina, global).
0006	tipo_entidad	La respuesta es b) Nacional.
0006	tipo_entidad	c) Internacional (ejemplo: América Latina, global)
0006	tipo_entidad	La respuesta es b) Nacional.
0224	tipo_entidad	La respuesta es c) Internacional (ejemplo: América Latina, global)
0224	tipo_entidad	La respuesta es c) Internacional (ejemplo: América Latina, global).
0224	tipo_entidad	La respuesta es c) Internacional (ejemplo: América Latina, global).
0519	tipo_entidad	La respuesta es c) Internacional (ejemplo: América Latina, global).
0519	tipo_entidad	c) Internacional (ejemplo: América Latina, global)
0519	tipo_entidad	c) Internacional (ejemplo: América Latina, global).
0098	tipo_entidad	c) Internacional (ejemplo: América Latina, global) La respuesta se ajusta a la perspectiva de corrupción mencionada en el texto, que analiza la relación entre la corrupción y la prevalencia y mortalidad por enfermedades no transmisibles y sus factores de riesgo a nivel global, específicamente en diferentes continentes.
0098	tipo_entidad	c) Internacional (ejemplo: América Latina, global)
0098	tipo_entidad	c) Internacional (ejemplo: América Latina, global) La investigación citada analiza la relación entre la corrupción y las enfermedades no transmisibles a nivel global, utilizando indicadores como el índice de percepción de la corrupción y el coeficiente de Gini, que se aplican a diferentes regiones y continentes. Esto sugiere que la corrupción se considera un problema a nivel internacional, con implicaciones en la salud pública a escala global.
0323	tipo_entidad	La respuesta es c) Internacional.
0323	tipo_entidad	La respuesta es c) Internacional.
0323	tipo_entidad	La respuesta es c) Internacional.
0464	tipo_entidad	La respuesta es c) Internacional (ejemplo: América Latina, global)
0464	tipo_entidad	La respuesta es c) Internacional (ejemplo: América Latina, global).
0464	tipo_entidad	La respuesta es c) Internacional (ejemplo: América Latina, global).
0477	tipo_entidad	c) Internacional (ejemplo: América Latina, global)
0477	tipo_entidad	La respuesta es c) Internacional (ejemplo: América Latina, global).
0477	tipo_entidad	c) Internacional (ejemplo: América Latina, global)
0553	tipo_entidad	La respuesta es c) Internacional.
0553	tipo_entidad	c) Internacional (ejemplo: América Latina, global)
0553	tipo_entidad	No aplica.
0486	tipo_entidad	La respuesta es c) Internacional (ejemplo: América Latina, global)
0486	tipo_entidad	La respuesta es c) Internacional (ejemplo: América Latina, global).
0486	tipo_entidad	La respuesta es c) Internacional (ejemplo: América Latina, global)
0036	tipo_entidad	c) Internacional (ejemplo: América Latina, global)
0036	tipo_entidad	c) Internacional (ejemplo: América Latina, global)
0036	tipo_entidad	c) Internacional (ejemplo: América Latina, global).
0081	tipo_entidad	c) No aplica.
0081	tipo_entidad	c) No aplica
0081	tipo_entidad	c) Internacional (ejemplo: América Latina, global)
0147	tipo_entidad	La respuesta es c) Internacional (ejemplo: América Latina, global).
0147	tipo_entidad	La respuesta es c) Internacional.
0147	tipo_entidad	La respuesta es c) Internacional (ejemplo: América Latina, global).
0540	tipo_entidad	La respuesta es c) Internacional (ejemplo: América Latina, global).
0540	tipo_entidad	La respuesta es c) Internacional (ejemplo: América Latina, global).
0540	tipo_entidad	La respuesta es c) Internacional (ejemplo: América Latina, global).
0000	tipo_entidad	La respuesta es c) Internacional.
0000	tipo_entidad	c) Internacional (ejemplo: América Latina, global)
0000	tipo_entidad	c) Internacional (ejemplo: América Latina, global)
0460	tipo_entidad	c) Internacional (ejemplo: América Latina, global)
0460	tipo_entidad	c) Internacional (ejemplo: América Latina, global)
0460	tipo_entidad	c) Internacional (ejemplo: América Latina, global)
0503	tipo_entidad	La respuesta es c) Internacional.
0503	tipo_entidad	La respuesta es d) No aplica.
0503	tipo_entidad	La respuesta es c) Internacional (ejemplo: América Latina, global).
0236	tipo_entidad	c) Internacional (ejemplo: América Latina, global)
0236	tipo_entidad	c) Internacional (ejemplo: América Latina, global)
0236	tipo_entidad	La respuesta es c) Internacional (ejemplo: América Latina, global).
0124	tipo_entidad	La respuesta es c) Internacional.
0124	tipo_entidad	c) Internacional (ejemplo: América Latina, global)
0124	tipo_entidad	La respuesta es c) Internacional (ejemplo: América Latina, global)
0134	tipo_entidad	La respuesta es c) Internacional.
0134	tipo_entidad	La respuesta es c) Internacional (ejemplo: América Latina, global)
0134	tipo_entidad	La respuesta es c) Internacional (ejemplo: América Latina, global)
0542	tipo_entidad	La respuesta es c) Internacional (ejemplo: América Latina, global).
0542	tipo_entidad	La respuesta es c) Internacional (ejemplo: América Latina, global).
0542	tipo_entidad	La respuesta es c) Internacional (ejemplo: América Latina, global)
0118	tipo_entidad	La respuesta es c) Internacional (ejemplo: América Latina, global)
0118	tipo_entidad	La respuesta es c) Internacional (ejemplo: América Latina, global)
0118	tipo_entidad	La respuesta es c) Internacional (ejemplo: América Latina, global).
0440	tipo_entidad	La respuesta es c) Internacional.
0440	tipo_entidad	La respuesta es c) Internacional.
0440	tipo_entidad	La respuesta es c) Internacional.
0197	tipo_entidad	c) Internacional (ejemplo: América Latina, global)
0197	tipo_entidad	c) Internacional (ejemplo: América Latina, global)
0197	tipo_entidad	La respuesta es c) Internacional (ejemplo: América Latina, global)
0069	tipo_entidad	La respuesta es c) Internacional (ejemplo: América Latina, global).
0069	tipo_entidad	La respuesta es c) Internacional (ejemplo: América Latina, global).
0069	tipo_entidad	La respuesta es c) Internacional (ejemplo: América Latina, global).
0241	tipo_entidad	La respuesta es c) Internacional (ejemplo: América Latina, global).
0241	tipo_entidad	c) Internacional (ejemplo: América Latina, global)
0241	tipo_entidad	La respuesta es c) Internacional (ejemplo: América Latina, global)
0037	tipo_entidad	La respuesta es c) Internacional (ejemplo: América Latina, global).
0037	tipo_entidad	La respuesta es c) Internacional (ejemplo: América Latina, global)
0037	tipo_entidad	La respuesta es c) Internacional.
0595	tipo_entidad	La respuesta es c) Internacional (ejemplo: América Latina, global).
0595	tipo_entidad	c) Internacional (ejemplo: América Latina, global)
0595	tipo_entidad	La respuesta es c) Internacional.
0015	tipo_entidad	c) Internacional
0015	tipo_entidad	c) Internacional
0015	tipo_entidad	c) Internacional.
0433	tipo_entidad	La respuesta es b) Nacional (ejemplo: México).
0433	tipo_entidad	La respuesta es b) Nacional (ejemplo: México).
0433	tipo_entidad	La respuesta es b) Nacional (ejemplo: Mexico).
0096	tipo_entidad	La respuesta es c) Internacional (ejemplo: América Latina, global).
0096	tipo_entidad	La respuesta es c) Internacional (ejemplo: América Latina, global).
0096	tipo_entidad	c) Internacional (ejemplo: América Latina, global)
0336	tipo_entidad	La respuesta es c) Internacional (ejemplo: América Latina, global).
0336	tipo_entidad	c) Internacional (ejemplo: América Latina, global)
0336	tipo_entidad	La respuesta es b) Nacional.
0295	tipo_entidad	La respuesta es c) Internacional (ejemplo: América Latina, global).
0295	tipo_entidad	La respuesta es c) Internacional (ejemplo: América Latina, global).
0295	tipo_entidad	La respuesta es c) Internacional (ejemplo: América Latina, global).
0361	tipo_entidad	c) Internacional (ejemplo: América Latina, global)
0361	tipo_entidad	c) Internacional (ejemplo: América Latina, global)
0361	tipo_entidad	La respuesta es c) Internacional (ejemplo: América Latina, global)
0184	tipo_entidad	La respuesta es c) Internacional.
0184	tipo_entidad	La respuesta es c) Internacional (ejemplo: América Latina, global).
0184	tipo_entidad	La respuesta es c) Internacional.
0436	tipo_entidad	La respuesta es b) Nacional (ejemplo: México).
0436	tipo_entidad	La respuesta es b) Nacional (ejemplo: México).
0436	tipo_entidad	La respuesta es b) Nacional (ejemplo: México).
0072	tipo_entidad	c) Internacional (ejemplo: América Latina, global)
0072	tipo_entidad	c) Internacional (ejemplo: América Latina, global) La corrupción es un problema que trasciende los límites geográficos y afecta a múltiples países y regiones, como se destaca en el texto que analicé.
0072	tipo_entidad	c) Internacional (ejemplo: América Latina, global)
0314	tipo_entidad	La respuesta es c) Internacional (ejemplo: América Latina, global)
0314	tipo_entidad	c) Internacional (ejemplo: América Latina, global)
0314	tipo_entidad	c) Internacional (ejemplo: América Latina, global)
0518	tipo_entidad	La respuesta es c) Internacional (ejemplo: América Latina, global).
0518	tipo_entidad	La respuesta es c) Internacional (ejemplo: América Latina, global).
0518	tipo_entidad	La respuesta es c) Internacional.
0208	tipo_entidad	La respuesta es c) Internacional (ejemplo: América Latina, global)
0208	tipo_entidad	La respuesta es c) Internacional (ejemplo: América Latina, global).
0208	tipo_entidad	La respuesta es c) Internacional (ejemplo: América Latina, global)
0321	tipo_entidad	La respuesta es c) Internacional.
0321	tipo_entidad	La respuesta es c) Internacional (ejemplo: América Latina, global).
0321	tipo_entidad	La respuesta es c) Internacional.
0028	tipo_entidad	La respuesta es c) Internacional.
0028	tipo_entidad	La respuesta es c) Internacional.
0028	tipo_entidad	La respuesta es c) Internacional (ejemplo: América Latina, global)
0585	tipo_entidad	La respuesta es c) Internacional (ejemplo: América Latina, global).
0585	tipo_entidad	c) Internacional (ejemplo: América Latina, global)
0585	tipo_entidad	c) Internacional (ejemplo: América Latina, global) La creación del Observatorio contra el Fraude y la Corrupción Sanitaria por parte del Ministerio de Sanidad de España sugiere que la corrupción es un problema transnacional que requiere una respuesta coordinada y colaboración internacional.
0307	tipo_entidad	c) Internacional (ejemplo: América Latina, global)
0307	tipo_entidad	c) Internacional (ejemplo: América Latina, global)
0307	tipo_entidad	c) Internacional (ejemplo: América Latina, global)
0424	tipo_entidad	La respuesta es b) Nacional (ejemplo: México).
0424	tipo_entidad	La respuesta es b) Nacional.
0424	tipo_entidad	La respuesta es b) Nacional (ejemplo: México).
0500	tipo_entidad	La respuesta es c) Internacional (ejemplo: América Latina, global).
0500	tipo_entidad	La respuesta es c) Internacional (ejemplo: América Latina, global).
0500	tipo_entidad	La respuesta es c) Internacional (ejemplo: América Latina, global).
0213	tipo_entidad	La respuesta es b) Nacional.
0213	tipo_entidad	La respuesta es b) Nacional (ejemplo: México).
0213	tipo_entidad	La respuesta es b) Nacional (ejemplo: México)
0322	tipo_entidad	La respuesta es c) Internacional.
0322	tipo_entidad	La respuesta es c) Internacional.
0322	tipo_entidad	La respuesta es c) Internacional.
0252	tipo_entidad	c) Internacional (ejemplo: América Latina, global) La reforma política y electoral propuesta en el texto se enfoca en enfrentar la corrupción en el sistema electoral colombiano, pero también tiene implicaciones regionales e internacionales, ya que busca consolidar a los partidos políticos como instrumentos de participación y representación ciudadana, y garantizar un sistema confiable, imparcial, transparente y garantista.
0252	tipo_entidad	La respuesta es b) Nacional (ejemplo: México).
0252	tipo_entidad	La respuesta es b) Nacional (ejemplo: México).
0070	tipo_entidad	La respuesta es c) Internacional (ejemplo: América Latina, global).
0070	tipo_entidad	La respuesta es c) Internacional.
0070	tipo_entidad	La respuesta es c) Internacional.
0457	tipo_entidad	La respuesta es c) Internacional (ejemplo: América Latina, global).
0457	tipo_entidad	La respuesta es c) Internacional (ejemplo: América Latina, global)
0457	tipo_entidad	La respuesta es c) Internacional (ejemplo: América Latina, global).
0375	tipo_entidad	La respuesta es b) Nacional.
0375	tipo_entidad	La respuesta es b) Nacional (ejemplo: Mexico).
0375	tipo_entidad	La respuesta es b) Nacional.
0142	tipo_entidad	La respuesta es c) Internacional (ejemplo: América Latina, global)
0142	tipo_entidad	La respuesta es c) Internacional (ejemplo: América Latina, global).
0142	tipo_entidad	c) Internacional (ejemplo: América Latina, global)
0189	tipo_entidad	c) Internacional (ejemplo: América Latina, global)
0189	tipo_entidad	La respuesta es c) Internacional (ejemplo: América Latina, global).
0189	tipo_entidad	c) Internacional (ejemplo: América Latina, global) La respuesta se ajusta a la perspectiva de corrupción porque el texto menciona que Chile es parte de la Alianza Anticorrupción (UNCAC), lo que implica que la corrupción es un problema regional e internacional.
0570	tipo_entidad	La respuesta es c) Internacional (ejemplo: América Latina, global).
0570	tipo_entidad	La respuesta es c) Internacional.
0570	tipo_entidad	La respuesta es c) Internacional.
0543	tipo_entidad	La respuesta es b) Nacional (ejemplo: México)
0543	tipo_entidad	La respuesta es b) Nacional (ejemplo: Mexico).
0543	tipo_entidad	La respuesta es b) Nacional (ejemplo: Mexico).
0509	tipo_entidad	La respuesta es b) Nacional (ejemplo: México).
0509	tipo_entidad	La respuesta es c) Internacional.
0509	tipo_entidad	La respuesta es b) Nacional (ejemplo: Mexico).
0003	tipo_entidad	La respuesta es c) Internacional.
0003	tipo_entidad	c) Internacional (ejemplo: América Latina, global)
0003	tipo_entidad	La respuesta es c) Internacional (ejemplo: América Latina, global)
0414	tipo_entidad	La respuesta es c) Internacional (ejemplo: América Latina, global).
0414	tipo_entidad	La respuesta es b) Nacional (ejemplo: México).
0414	tipo_entidad	La respuesta es b) Nacional (ejemplo: México).
0560	tipo_entidad	La respuesta es c) Internacional (ejemplo: América Latina, global).
0560	tipo_entidad	La respuesta es c) Internacional.
0560	tipo_entidad	c) Internacional (ejemplo: América Latina, global)
0363	tipo_entidad	La respuesta es c) Internacional (ejemplo: América Latina, global).
0363	tipo_entidad	La respuesta es c) Internacional (ejemplo: América Latina, global)
0363	tipo_entidad	La respuesta es c) Internacional (ejemplo: América Latina, global).
0288	tipo_entidad	La respuesta es c) No aplica.
0288	tipo_entidad	La respuesta es c) No aplica.
0288	tipo_entidad	La respuesta es c) No aplica.
0311	tipo_entidad	La respuesta es c) Internacional (ejemplo: América Latina, global).
0311	tipo_entidad	c) Internacional (ejemplo: América Latina, global)
0311	tipo_entidad	c) Internacional (ejemplo: América Latina, global)
0346	tipo_entidad	La respuesta es c) Internacional.
0346	tipo_entidad	La respuesta es b) Nacional (ejemplo: México).
0346	tipo_entidad	La respuesta es b) Nacional (ejemplo: Mexico).
0514	tipo_entidad	La respuesta es c) Internacional (ejemplo: América Latina, global).
0514	tipo_entidad	c) Internacional (ejemplo: América Latina, global) La corrupción es un problema que afecta a muchas jurisdicciones y se considera un problema global, no limitado a un solo país o región.
0514	tipo_entidad	La respuesta es c) Internacional (ejemplo: América Latina, global).
0001	tipo_entidad	La respuesta es c) Internacional (ejemplo: América Latina, global).
0001	tipo_entidad	La respuesta es c) Internacional.
0001	tipo_entidad	La respuesta es c) Internacional.
0421	tipo_entidad	c) Internacional (ejemplo: América Latina, global)
0421	tipo_entidad	c) Internacional (ejemplo: América Latina, global)
0421	tipo_entidad	La respuesta es b) Nacional (ejemplo: Mexico).
0010	tipo_entidad	La respuesta es c) Internacional.
0010	tipo_entidad	La respuesta es c) Internacional.
0010	tipo_entidad	La respuesta es c) Internacional.
0521	tipo_entidad	La respuesta es c) Internacional.
0521	tipo_entidad	La respuesta es c) Internacional (ejemplo: América Latina, global).
0521	tipo_entidad	La respuesta es c) Internacional.
0364	tipo_entidad	La respuesta es b) Nacional (ejemplo: México).
0364	tipo_entidad	c) Internacional (ejemplo: América Latina, global).
0364	tipo_entidad	La respuesta es b) Nacional (ejemplo: México).
0066	tipo_entidad	La respuesta es c) Internacional (ejemplo: América Latina, global).
0066	tipo_entidad	La respuesta es c) Internacional.
0066	tipo_entidad	c) Internacional (ejemplo: América Latina, global)
0437	tipo_entidad	La respuesta es c) Internacional (ejemplo: América Latina, global).
0437	tipo_entidad	La respuesta es c) Internacional (ejemplo: América Latina, global).
0437	tipo_entidad	c) Internacional (ejemplo: América Latina, global)
0161	tipo_entidad	La respuesta es b) Nacional (ejemplo: Mexico).
0161	tipo_entidad	La respuesta es b) Nacional (ejemplo: Mexico).
0161	tipo_entidad	c) Internacional (ejemplo: América Latina, global)
0071	tipo_entidad	La respuesta es b) Nacional (ejemplo: Mexico)
0071	tipo_entidad	La respuesta es b) Nacional (ejemplo: Mexico)
0071	tipo_entidad	La respuesta es b) Nacional (ejemplo: Mexico)
0296	tipo_entidad	c) Internacional (ejemplo: América Latina, global)
0296	tipo_entidad	c) Internacional (ejemplo: América Latina, global)
0296	tipo_entidad	La respuesta es c) Internacional (ejemplo: América Latina, global).
0491	tipo_entidad	La respuesta es c) Internacional.
0491	tipo_entidad	La respuesta es c) Internacional (ejemplo: América Latina, global).
0491	tipo_entidad	La respuesta es c) Internacional (ejemplo: América Latina, global).
0418	tipo_entidad	La respuesta es c) Internacional (ejemplo: América Latina, global)
0418	tipo_entidad	La respuesta es b) Nacional (ejemplo: México).
0418	tipo_entidad	La respuesta es c) Internacional (ejemplo: América Latina, global)
0175	tipo_entidad	La respuesta es c) Internacional (ejemplo: América Latina, global)
0175	tipo_entidad	La respuesta es c) Internacional (ejemplo: América Latina, global).
0175	tipo_entidad	La respuesta es c) Internacional (ejemplo: América Latina, global)
0027	tipo_entidad	La respuesta es c) Internacional.
0027	tipo_entidad	La respuesta es c) Internacional (ejemplo: América Latina, global).
0027	tipo_entidad	La respuesta es c) Internacional.
0136	tipo_entidad	La respuesta es c) Internacional (ejemplo: América Latina, global).
0136	tipo_entidad	La respuesta es c) Internacional (ejemplo: América Latina, global).
0136	tipo_entidad	c) Internacional (ejemplo: América Latina, global)
0355	tipo_entidad	c) Internacional (ejemplo: América Latina, global)
0355	tipo_entidad	c) Internacional (ejemplo: América Latina, global)
0355	tipo_entidad	c) Internacional (ejemplo: América Latina, global)
0100	tipo_entidad	La respuesta es c) Internacional (ejemplo: América Latina, global).
0100	tipo_entidad	La respuesta es c) Internacional.
0100	tipo_entidad	La respuesta es c) Internacional (ejemplo: América Latina, global).
0177	tipo_entidad	La respuesta es c) Internacional (ejemplo: América Latina, global)
0177	tipo_entidad	La respuesta es c) Internacional (ejemplo: América Latina, global).
0177	tipo_entidad	c) Internacional (ejemplo: América Latina, global)
0392	tipo_entidad	La respuesta es c) Internacional.
0392	tipo_entidad	La respuesta es b) Nacional (ejemplo: México).
0392	tipo_entidad	La respuesta es c) Internacional (ejemplo: América Latina, global).
0528	tipo_entidad	La respuesta es c) Internacional.
0528	tipo_entidad	La respuesta es b) Nacional.
0528	tipo_entidad	La respuesta es b) Nacional (ejemplo: México).
0426	tipo_entidad	La respuesta es b) Nacional (ejemplo: México).
0426	tipo_entidad	La respuesta es b) Nacional (ejemplo: México).
0426	tipo_entidad	La respuesta es b) Nacional (ejemplo: México).
0095	tipo_entidad	La respuesta es c) Internacional.
0095	tipo_entidad	La respuesta es c) Internacional (ejemplo: América Latina, global)
0095	tipo_entidad	La respuesta es c) Internacional.
0347	tipo_entidad	La respuesta es b) Nacional (ejemplo: Mexico).
0347	tipo_entidad	La respuesta es b) Nacional.
0347	tipo_entidad	La respuesta es b) Nacional.
0173	tipo_entidad	La respuesta es b) Nacional (ejemplo: Mexico).
0173	tipo_entidad	La respuesta es b) Nacional (ejemplo: Mexico).
0173	tipo_entidad	La respuesta es b) Nacional (ejemplo: Chile)
0501	tipo_entidad	La respuesta es c) Internacional.
0501	tipo_entidad	La respuesta es c) Internacional.
0501	tipo_entidad	La respuesta es c) Internacional (ejemplo: América Latina, global).
0009	tipo_entidad	c) Internacional (ejemplo: América Latina, global)
0009	tipo_entidad	c) Internacional (ejemplo: América Latina, global)
0009	tipo_entidad	c) Internacional (ejemplo: América Latina, global)
0575	tipo_entidad	La respuesta es c) Internacional.
0575	tipo_entidad	c) Internacional (ejemplo: América Latina, global) La corrupción política es un problema que afecta a múltiples países y regiones, por lo que su alcance es internacional. La corrupción puede ser una lacra que afecta a sociedades en diferentes partes del mundo, y su tipificación legal y consecuencias pueden variar según el país y la legislación en vigor.
0575	tipo_entidad	c) Internacional (ejemplo: América Latina, global) La corrupción es un problema que se extiende más allá de fronteras nacionales y regionales, afectando a muchos países y sistemas políticos a nivel global.
0373	tipo_entidad	c) Internacional (ejemplo: América Latina, global)
0373	tipo_entidad	La respuesta es c) Internacional (ejemplo: América Latina, global).
0373	tipo_entidad	La respuesta es c) Internacional (ejemplo: América Latina, global).
0462	tipo_entidad	La respuesta es b) Nacional (ejemplo: México).
0462	tipo_entidad	c) Internacional (ejemplo: América Latina, global)
0462	tipo_entidad	c) Internacional (ejemplo: América Latina, global)
