pagina	pregunta	incisos
12	tipo_entidad	h
12	origen_entidad	b
12	proposito	d
12	informacion_presentada	a
12	vision	a b d
12	consecuencias	c
12	que_muestra	c
12	intencion	b
12	localizacion_problema	b
12	involucrados	f
12	formalidad	a
12	nivel_educacion	b
12	tono	b
12	emociones	h
12	tipo_entidad	h
12	origen_entidad	b
12	proposito	d
12	informacion_presentada	a
12	vision	d
12	consecuencias	c
12	que_muestra	d
12	intencion	a
12	localizacion_problema	b
12	involucrados	b
12	formalidad	a
12	nivel_educacion	b
12	tono	b
12	emociones	h
12	tipo_entidad	h
12	origen_entidad	b
12	proposito	d
12	informacion_presentada	a
12	vision	d
12	consecuencias	c
12	que_muestra	c
12	intencion	a
12	localizacion_problema	b
12	involucrados	c
12	formalidad	a
12	nivel_educacion	b
12	tono	b
12	emociones	h
571	tipo_entidad	h
571	origen_entidad	a
571	proposito	d
571	informacion_presentada	a
571	vision	d
571	consecuencias	a
571	que_muestra	c
571	intencion	a
571	localizacion_problema	b
571	involucrados	c
571	formalidad	a
571	nivel_educacion	b
571	tono	b
571	emociones	h
571	tipo_entidad	h
571	origen_entidad	b
571	proposito	e
571	informacion_presentada	a
571	vision	d
571	consecuencias	d
571	que_muestra	d
571	intencion	b
571	localizacion_problema	c
571	involucrados	b
571	formalidad	a
571	nivel_educacion	b
571	tono	b
571	emociones	h
571	tipo_entidad	h
571	origen_entidad	a
571	proposito	d
571	informacion_presentada	a
571	vision	d
571	consecuencias	a
571	que_muestra	d
571	intencion	b
571	localizacion_problema	b
571	involucrados	c
571	formalidad	a
571	nivel_educacion	b
571	tono	b
571	emociones	h
200	tipo_entidad	b
200	origen_entidad	b
200	proposito	d
200	informacion_presentada	a
200	vision	d
200	consecuencias	b
200	que_muestra	d
200	intencion	b
200	localizacion_problema	b
200	involucrados	c
200	formalidad	a
200	nivel_educacion	b
200	tono	b
200	emociones	h
200	tipo_entidad	b
200	origen_entidad	b
200	proposito	d
200	informacion_presentada	a
200	vision	d
200	consecuencias	c
200	que_muestra	d
200	intencion	b
200	localizacion_problema	b
200	involucrados	f c d
200	formalidad	a
200	nivel_educacion	b
200	tono	a
200	emociones	g
200	tipo_entidad	b
200	origen_entidad	b
200	proposito	d
200	informacion_presentada	a
200	vision	d
200	consecuencias	b
200	que_muestra	b
200	intencion	b
200	localizacion_problema	b
200	involucrados	d
200	formalidad	a
200	nivel_educacion	b
200	tono	a
200	emociones	e
394	tipo_entidad	b
394	origen_entidad	b
394	proposito	d
394	informacion_presentada	a
394	vision	d
394	consecuencias	c
394	que_muestra	d
394	intencion	b
394	localizacion_problema	b
394	involucrados	a
394	formalidad	a
394	nivel_educacion	b
394	tono	a
394	emociones	h
394	tipo_entidad	b
394	origen_entidad	b
394	proposito	d
394	informacion_presentada	a
394	vision	d
394	consecuencias	d
394	que_muestra	c
394	intencion	a
394	localizacion_problema	c
394	involucrados	f
394	formalidad	a
394	nivel_educacion	b
394	tono	b
394	emociones	h
394	tipo_entidad	b
394	origen_entidad	b
394	proposito	d
394	informacion_presentada	a
394	vision	d
394	consecuencias	d
394	que_muestra	d
394	intencion	f
394	localizacion_problema	c
394	involucrados	f
394	formalidad	a
394	nivel_educacion	b
394	tono	a
394	emociones	e
397	tipo_entidad	h
397	origen_entidad	b
397	proposito	d
397	informacion_presentada	a
397	vision	d
397	consecuencias	c
397	que_muestra	c
397	intencion	c
397	localizacion_problema	c
397	involucrados	f d
397	formalidad	a
397	nivel_educacion	b
397	tono	b
397	emociones	h
397	tipo_entidad	h
397	origen_entidad	b
397	proposito	d
397	informacion_presentada	a
397	vision	d
397	consecuencias	c
397	que_muestra	c
397	intencion	a
397	localizacion_problema	a
397	involucrados	c
397	formalidad	a
397	nivel_educacion	b
397	tono	b
397	emociones	h
397	tipo_entidad	h
397	origen_entidad	b
397	proposito	d
397	informacion_presentada	a
397	vision	d
397	consecuencias	c
397	que_muestra	d
397	intencion	b
397	localizacion_problema	b
397	involucrados	a
397	formalidad	a
397	nivel_educacion	b
397	tono	b
397	emociones	h
199	tipo_entidad	b
199	origen_entidad	a
199	proposito	b
199	informacion_presentada	a
199	vision	d
199	consecuencias	a
199	que_muestra	a
199	intencion	c
199	localizacion_problema	c
199	involucrados	a f b d
199	formalidad	a
199	nivel_educacion	b
199	tono	a
199	emociones	e
199	tipo_entidad	b
199	origen_entidad	a
199	proposito	d
199	informacion_presentada	a
199	vision	d
199	consecuencias	c
199	que_muestra	c
199	intencion	c
199	localizacion_problema	a
199	involucrados	b f
199	formalidad	a
199	nivel_educacion	b
199	tono	a
199	emociones	e
199	tipo_entidad	b
199	origen_entidad	a
199	proposito	b
199	informacion_presentada	a
199	vision	d
199	consecuencias	c
199	que_muestra	a
199	intencion	c
199	localizacion_problema	b
199	involucrados	b f
199	formalidad	a
199	nivel_educacion	b
199	tono	a
199	emociones	e
4	tipo_entidad	h
4	origen_entidad	b
4	proposito	d
4	informacion_presentada	a
4	vision	d
4	consecuencias	b
4	que_muestra	d
4	intencion	a
4	localizacion_problema	b
4	involucrados	b f
4	formalidad	a
4	nivel_educacion	b
4	tono	a
4	emociones	d
4	tipo_entidad	h
4	origen_entidad	b
4	proposito	d
4	informacion_presentada	a
4	vision	d
4	consecuencias	b
4	que_muestra	c
4	intencion	a
4	localizacion_problema	b
4	involucrados	f c d
4	formalidad	a
4	nivel_educacion	b
4	tono	b
4	emociones	e
4	tipo_entidad	h
4	origen_entidad	b
4	proposito	d
4	informacion_presentada	a
4	vision	d
4	consecuencias	b
4	que_muestra	d
4	intencion	b
4	localizacion_problema	b
4	involucrados	f g c d
4	formalidad	a
4	nivel_educacion	b
4	tono	b
4	emociones	f
2	tipo_entidad	h
2	origen_entidad	b
2	proposito	d
2	informacion_presentada	a
2	vision	d
2	consecuencias	c
2	que_muestra	d
2	intencion	a
2	localizacion_problema	b
2	involucrados	c
2	formalidad	a
2	nivel_educacion	b
2	tono	b
2	emociones	h
2	tipo_entidad	h
2	origen_entidad	b
2	proposito	d
2	informacion_presentada	a
2	vision	d
2	consecuencias	c
2	que_muestra	b
2	intencion	a
2	localizacion_problema	b
2	involucrados	f e c
2	formalidad	a
2	nivel_educacion	b
2	tono	b
2	emociones	h
2	tipo_entidad	h
2	origen_entidad	b
2	proposito	d
2	informacion_presentada	a
2	vision	d
2	consecuencias	c
2	que_muestra	d
2	intencion	a
2	localizacion_problema	b
2	involucrados	f e c d
2	formalidad	a
2	nivel_educacion	b
2	tono	b
2	emociones	f
420	tipo_entidad	b
420	origen_entidad	a
420	proposito	c
420	informacion_presentada	a
420	vision	d
420	consecuencias	a
420	que_muestra	d
420	intencion	b
420	localizacion_problema	a
420	involucrados	a
420	formalidad	a
420	nivel_educacion	b
420	tono	a
420	emociones	h
420	tipo_entidad	b
420	origen_entidad	a
420	proposito	d
420	informacion_presentada	a
420	vision	d
420	consecuencias	a
420	que_muestra	d
420	intencion	e
420	localizacion_problema	a
420	involucrados	c
420	formalidad	a
420	nivel_educacion	b
420	tono	a
420	emociones	e
420	tipo_entidad	h
420	origen_entidad	b
420	proposito	d
420	informacion_presentada	a
420	vision	d
420	consecuencias	a
420	que_muestra	d
420	intencion	c
420	localizacion_problema	c
420	involucrados	a
420	formalidad	a
420	nivel_educacion	b
420	tono	b
420	emociones	e
587	tipo_entidad	h
587	origen_entidad	b
587	proposito	d
587	informacion_presentada	a
587	vision	d
587	consecuencias	c
587	que_muestra	d
587	intencion	a
587	localizacion_problema	b
587	formalidad	a
587	nivel_educacion	b
587	tono	b
587	emociones	e
587	tipo_entidad	h
587	origen_entidad	b
587	proposito	d
587	informacion_presentada	a
587	vision	d
587	consecuencias	c
587	que_muestra	d
587	intencion	a
587	localizacion_problema	b
587	involucrados	b e c
587	formalidad	a
587	nivel_educacion	b
587	tono	b
587	tipo_entidad	h
587	origen_entidad	b
587	proposito	d
587	informacion_presentada	a
587	vision	d
587	consecuencias	c
587	que_muestra	d
587	intencion	b
587	localizacion_problema	b
587	formalidad	a
587	nivel_educacion	b
587	tono	b
238	tipo_entidad	h
238	origen_entidad	a
238	proposito	d
238	informacion_presentada	a
238	vision	d
238	consecuencias	c
238	que_muestra	d
238	intencion	a
238	localizacion_problema	b
238	involucrados	c
238	formalidad	a
238	nivel_educacion	b
238	tono	b
238	emociones	h
238	tipo_entidad	h
238	origen_entidad	b
238	proposito	e
238	informacion_presentada	a
238	vision	d
238	consecuencias	a
238	que_muestra	c
238	intencion	a
238	localizacion_problema	b
238	involucrados	f d
238	formalidad	a
238	nivel_educacion	b
238	tono	a
238	emociones	h
238	tipo_entidad	h
238	origen_entidad	a
238	proposito	d
238	informacion_presentada	a
238	vision	d
238	consecuencias	c
238	que_muestra	c
238	intencion	a
238	localizacion_problema	b
238	involucrados	f c
238	formalidad	a
238	nivel_educacion	b
238	tono	b
238	emociones	g
246	tipo_entidad	h
246	origen_entidad	a
246	proposito	d
246	informacion_presentada	a
246	vision	d
246	consecuencias	a
246	que_muestra	d
246	intencion	a
246	localizacion_problema	b
246	involucrados	f e a b d h
246	formalidad	a
246	nivel_educacion	b
246	tono	a
246	emociones	g
246	tipo_entidad	h
246	origen_entidad	b
246	proposito	d
246	informacion_presentada	a
246	vision	d
246	consecuencias	a
246	que_muestra	d
246	intencion	c
246	localizacion_problema	c
246	involucrados	b
246	formalidad	a
246	nivel_educacion	b
246	tono	b
246	emociones	h
246	tipo_entidad	a
246	origen_entidad	a
246	proposito	d
246	informacion_presentada	a
246	vision	d
246	consecuencias	a
246	que_muestra	c
246	intencion	a
246	localizacion_problema	c
246	involucrados	b e c f
246	formalidad	a
246	nivel_educacion	b
246	tono	b
246	emociones	h
324	tipo_entidad	h
324	origen_entidad	b
324	proposito	d
324	informacion_presentada	a
324	vision	d
324	consecuencias	c
324	que_muestra	c
324	intencion	b
324	localizacion_problema	b
324	involucrados	c
324	formalidad	a
324	nivel_educacion	b
324	tono	a
324	emociones	h
324	tipo_entidad	h
324	origen_entidad	b
324	proposito	d
324	informacion_presentada	a
324	vision	d
324	consecuencias	c
324	que_muestra	d
324	intencion	e
324	localizacion_problema	b
324	involucrados	a c f d
324	formalidad	a
324	nivel_educacion	b
324	tono	b
324	emociones	a
324	tipo_entidad	h
324	origen_entidad	b
324	proposito	d
324	informacion_presentada	a
324	vision	d
324	consecuencias	c
324	que_muestra	c
324	intencion	a
324	localizacion_problema	b
324	involucrados	c
324	formalidad	a
324	nivel_educacion	b
324	tono	a
324	emociones	h
444	tipo_entidad	h
444	origen_entidad	b
444	proposito	d
444	informacion_presentada	a
444	vision	d
444	consecuencias	c
444	que_muestra	b
444	intencion	a
444	localizacion_problema	b
444	involucrados	b c
444	formalidad	a
444	nivel_educacion	b
444	tono	b
444	emociones	h
444	tipo_entidad	h
444	origen_entidad	b
444	proposito	d
444	informacion_presentada	a
444	vision	d
444	consecuencias	c
444	que_muestra	c
444	intencion	a
444	localizacion_problema	b
444	involucrados	c
444	formalidad	a
444	nivel_educacion	b
444	tono	b
444	emociones	h
444	tipo_entidad	h
444	origen_entidad	b
444	proposito	d
444	informacion_presentada	a
444	vision	d
444	consecuencias	c
444	que_muestra	b
444	intencion	a
444	localizacion_problema	b
444	involucrados	a f
444	formalidad	a
444	nivel_educacion	b
444	tono	b
444	emociones	h
59	tipo_entidad	a
59	origen_entidad	b
59	proposito	c
59	informacion_presentada	a
59	vision	d
59	consecuencias	c
59	que_muestra	c
59	intencion	c
59	localizacion_problema	b
59	involucrados	d
59	formalidad	a
59	nivel_educacion	b
59	tono	b
59	emociones	h
59	tipo_entidad	h
59	origen_entidad	b
59	proposito	d
59	informacion_presentada	a
59	vision	d
59	consecuencias	c
59	que_muestra	c
59	intencion	a
59	localizacion_problema	b
59	involucrados	c
59	formalidad	a
59	nivel_educacion	b
59	tono	b
59	emociones	h
59	tipo_entidad	h
59	origen_entidad	b
59	proposito	c
59	informacion_presentada	a
59	vision	d
59	consecuencias	c
59	que_muestra	d
59	intencion	a
59	localizacion_problema	b
59	involucrados	f d
59	formalidad	a
59	nivel_educacion	b
59	tono	b
59	emociones	h
489	tipo_entidad	h
489	origen_entidad	b
489	proposito	d
489	informacion_presentada	a
489	vision	d
489	consecuencias	b
489	que_muestra	c
489	intencion	a
489	localizacion_problema	c
489	involucrados	b
489	formalidad	a
489	nivel_educacion	b
489	tono	b
489	emociones	f
489	tipo_entidad	h
489	origen_entidad	b
489	proposito	d
489	informacion_presentada	a
489	vision	d
489	consecuencias	a
489	que_muestra	c
489	intencion	a
489	localizacion_problema	b
489	involucrados	b
489	formalidad	a
489	nivel_educacion	b
489	tono	b
489	emociones	g
489	tipo_entidad	h
489	origen_entidad	b
489	proposito	d
489	informacion_presentada	a
489	vision	d
489	consecuencias	c
489	que_muestra	c
489	intencion	a
489	localizacion_problema	b
489	involucrados	c
489	formalidad	a
489	nivel_educacion	b
489	tono	b
489	emociones	h
487	tipo_entidad	b
487	origen_entidad	a
487	proposito	h d
487	informacion_presentada	a
487	vision	d
487	consecuencias	a
487	que_muestra	c
487	intencion	b
487	localizacion_problema	b
487	involucrados	b
487	formalidad	a
487	nivel_educacion	b
487	tono	a
487	emociones	d
487	tipo_entidad	b
487	origen_entidad	b
487	proposito	d
487	informacion_presentada	a
487	vision	d
487	consecuencias	a
487	que_muestra	c
487	intencion	a
487	localizacion_problema	b
487	involucrados	a f e b
487	formalidad	a
487	nivel_educacion	b
487	tono	a
487	emociones	g
487	tipo_entidad	b
487	origen_entidad	a
487	proposito	h d
487	informacion_presentada	a
487	vision	d
487	consecuencias	c
487	que_muestra	b
487	intencion	e
487	localizacion_problema	b
487	involucrados	c
487	formalidad	a
487	nivel_educacion	b
487	tono	a
487	emociones	g
19	tipo_entidad	h
19	origen_entidad	b
19	proposito	b
19	informacion_presentada	a
19	consecuencias	d
19	que_muestra	d
19	intencion	b
19	localizacion_problema	b
19	involucrados	c
19	nivel_educacion	b
19	tono	b
19	emociones	h
19	tipo_entidad	h
19	origen_entidad	b
19	proposito	d
19	informacion_presentada	a
19	consecuencias	c
19	que_muestra	c
19	intencion	a
19	localizacion_problema	c
19	involucrados	c
19	formalidad	a
19	nivel_educacion	b
19	tono	b
19	emociones	h
19	tipo_entidad	h
19	origen_entidad	b
19	proposito	b
19	informacion_presentada	a
19	consecuencias	d
19	que_muestra	d
19	intencion	e
19	localizacion_problema	b
19	involucrados	c
19	nivel_educacion	b
19	tono	b
19	emociones	h
105	tipo_entidad	h
105	origen_entidad	b
105	proposito	d
105	informacion_presentada	a
105	vision	d
105	consecuencias	c
105	que_muestra	c
105	intencion	b
105	localizacion_problema	c
105	involucrados	b
105	formalidad	a
105	nivel_educacion	b
105	tono	b
105	emociones	h
105	tipo_entidad	h
105	origen_entidad	b
105	proposito	d
105	informacion_presentada	a
105	vision	d
105	consecuencias	c
105	que_muestra	c
105	intencion	b
105	localizacion_problema	b
105	involucrados	f e c
105	formalidad	a
105	nivel_educacion	b
105	tono	a
105	emociones	h
105	tipo_entidad	h
105	origen_entidad	b
105	proposito	d
105	informacion_presentada	a
105	vision	d
105	consecuencias	c
105	que_muestra	c
105	intencion	b
105	localizacion_problema	b
105	involucrados	a f e b
105	formalidad	a
105	nivel_educacion	b
105	tono	a
105	emociones	g
525	tipo_entidad	a
525	origen_entidad	b
525	proposito	d
525	informacion_presentada	a
525	vision	d
525	consecuencias	c
525	que_muestra	c
525	intencion	a
525	localizacion_problema	b
525	involucrados	b c
525	formalidad	a
525	nivel_educacion	b
525	tono	a
525	emociones	h
525	tipo_entidad	a
525	origen_entidad	b
525	proposito	d
525	informacion_presentada	a
525	vision	d
525	consecuencias	c
525	que_muestra	c
525	intencion	a
525	localizacion_problema	b
525	involucrados	b e c f
525	formalidad	a
525	nivel_educacion	b
525	tono	b
525	emociones	c
525	tipo_entidad	a
525	origen_entidad	a
525	proposito	d
525	informacion_presentada	a
525	vision	d
525	consecuencias	c
525	que_muestra	c
525	intencion	a
525	localizacion_problema	c
525	involucrados	a f b
525	formalidad	a
525	nivel_educacion	b
525	tono	b
525	emociones	h
159	tipo_entidad	h
159	origen_entidad	b
159	proposito	d
159	informacion_presentada	a
159	vision	d
159	consecuencias	b
159	que_muestra	d
159	intencion	c
159	localizacion_problema	b
159	involucrados	c
159	formalidad	a
159	nivel_educacion	b
159	tono	b
159	emociones	h
159	tipo_entidad	h
159	origen_entidad	b
159	proposito	d
159	informacion_presentada	a
159	vision	d
159	consecuencias	c
159	que_muestra	d
159	intencion	b
159	localizacion_problema	c
159	involucrados	c
159	formalidad	a
159	nivel_educacion	b
159	tono	a
159	emociones	h
159	tipo_entidad	h
159	origen_entidad	b
159	proposito	d
159	informacion_presentada	a
159	vision	d
159	consecuencias	c
159	que_muestra	c
159	intencion	b
159	localizacion_problema	b
159	involucrados	c
159	formalidad	a
159	nivel_educacion	b
159	tono	a
159	emociones	h
245	tipo_entidad	e
245	origen_entidad	b
245	proposito	d
245	informacion_presentada	a c
245	vision	d
245	consecuencias	c
245	que_muestra	c
245	intencion	e
245	localizacion_problema	c
245	involucrados	d
245	formalidad	b
245	nivel_educacion	b
245	tono	b
245	emociones	h
245	tipo_entidad	e
245	origen_entidad	b
245	proposito	b
245	informacion_presentada	a
245	consecuencias	c
245	que_muestra	c
245	intencion	a
245	localizacion_problema	c
245	involucrados	c
245	formalidad	a
245	nivel_educacion	b
245	tono	b
245	emociones	c
245	tipo_entidad	d
245	origen_entidad	b
245	proposito	d
245	informacion_presentada	a
245	vision	d
245	consecuencias	c
245	que_muestra	c
245	intencion	b
245	localizacion_problema	b
245	involucrados	c
245	formalidad	a
245	nivel_educacion	b
245	tono	b
245	emociones	h
526	tipo_entidad	h
526	origen_entidad	b
526	proposito	d
526	informacion_presentada	a
526	vision	d
526	consecuencias	c
526	que_muestra	c
526	intencion	a
526	localizacion_problema	b
526	involucrados	e
526	formalidad	a
526	nivel_educacion	b
526	tono	b
526	emociones	b
526	tipo_entidad	h
526	origen_entidad	b
526	proposito	d
526	informacion_presentada	a
526	vision	d
526	consecuencias	c
526	que_muestra	c
526	intencion	a
526	localizacion_problema	b
526	involucrados	f c d
526	formalidad	a
526	nivel_educacion	b
526	tono	b
526	emociones	e
526	tipo_entidad	h
526	origen_entidad	b
526	proposito	d
526	informacion_presentada	a
526	vision	d
526	consecuencias	c
526	que_muestra	c
526	intencion	a
526	localizacion_problema	b
526	involucrados	f e d
526	formalidad	a
526	nivel_educacion	a
526	tono	a
526	emociones	c
484	tipo_entidad	a
484	origen_entidad	a
484	proposito	d
484	informacion_presentada	a
484	vision	d
484	consecuencias	a
484	que_muestra	c
484	intencion	b
484	localizacion_problema	b
484	involucrados	a d
484	formalidad	a
484	nivel_educacion	b
484	tono	a
484	emociones	g
484	tipo_entidad	a
484	origen_entidad	b
484	proposito	d
484	informacion_presentada	a
484	vision	d
484	consecuencias	c
484	que_muestra	b
484	intencion	b
484	localizacion_problema	b
484	involucrados	e
484	formalidad	a
484	nivel_educacion	b
484	tono	a
484	emociones	e
484	tipo_entidad	a
484	origen_entidad	a
484	proposito	h d
484	informacion_presentada	a
484	vision	d
484	consecuencias	b
484	que_muestra	c
484	intencion	a
484	localizacion_problema	b
484	involucrados	c
484	formalidad	a
484	nivel_educacion	b
484	tono	a
484	emociones	g
406	tipo_entidad	b
406	origen_entidad	b
406	proposito	g h d
406	informacion_presentada	a
406	vision	d
406	consecuencias	c
406	que_muestra	c
406	intencion	b
406	localizacion_problema	b
406	involucrados	b c
406	formalidad	a
406	nivel_educacion	b
406	tono	b
406	emociones	e
406	tipo_entidad	b
406	origen_entidad	b
406	proposito	h d
406	informacion_presentada	a
406	vision	d
406	consecuencias	c
406	que_muestra	c
406	intencion	a
406	localizacion_problema	b
406	involucrados	f c d
406	formalidad	a
406	nivel_educacion	b
406	tono	a
406	emociones	h
406	tipo_entidad	b
406	origen_entidad	b
406	proposito	d
406	informacion_presentada	a
406	vision	d
406	consecuencias	c
406	que_muestra	c
406	intencion	b
406	localizacion_problema	b
406	involucrados	f e
406	formalidad	a
406	nivel_educacion	b
406	tono	a
406	emociones	g
275	tipo_entidad	h
275	origen_entidad	b
275	proposito	d
275	informacion_presentada	a
275	vision	d
275	consecuencias	c
275	que_muestra	c
275	intencion	a
275	localizacion_problema	c
275	involucrados	c
275	formalidad	a
275	nivel_educacion	b
275	tono	b
275	emociones	h
275	tipo_entidad	h
275	origen_entidad	b
275	proposito	d
275	informacion_presentada	a
275	vision	d
275	consecuencias	a c b
275	que_muestra	d
275	intencion	b
275	localizacion_problema	c
275	involucrados	c
275	formalidad	a
275	nivel_educacion	b
275	tono	b
275	emociones	h
275	tipo_entidad	h
275	origen_entidad	b
275	proposito	d
275	informacion_presentada	a
275	vision	d
275	consecuencias	a c b
275	que_muestra	c
275	intencion	a
275	localizacion_problema	c
275	involucrados	c
275	formalidad	a
275	nivel_educacion	b
275	tono	b
275	emociones	h
127	tipo_entidad	h
127	origen_entidad	b
127	proposito	d
127	informacion_presentada	a
127	vision	d
127	consecuencias	c
127	que_muestra	c
127	intencion	c
127	localizacion_problema	b
127	involucrados	e
127	formalidad	a
127	nivel_educacion	b
127	tono	a
127	emociones	h
127	tipo_entidad	h
127	origen_entidad	b
127	proposito	d
127	informacion_presentada	a
127	vision	d
127	consecuencias	c
127	que_muestra	c
127	intencion	a
127	localizacion_problema	b
127	involucrados	f e c
127	formalidad	a
127	nivel_educacion	b
127	tono	b
127	emociones	h
127	tipo_entidad	h
127	origen_entidad	b
127	proposito	d
127	informacion_presentada	a
127	vision	d
127	consecuencias	c
127	que_muestra	c
127	intencion	c
127	localizacion_problema	b
127	involucrados	c
127	formalidad	a
127	nivel_educacion	b
127	tono	a
127	emociones	h
263	tipo_entidad	h
263	origen_entidad	a
263	proposito	d
263	informacion_presentada	a
263	vision	d
263	consecuencias	d
263	que_muestra	d
263	intencion	f
263	localizacion_problema	c
263	involucrados	f e d
263	formalidad	a
263	nivel_educacion	b
263	tono	b
263	emociones	h
263	tipo_entidad	h
263	origen_entidad	a
263	proposito	d
263	informacion_presentada	a
263	vision	d
263	consecuencias	b
263	que_muestra	d
263	intencion	b
263	localizacion_problema	b
263	involucrados	c
263	formalidad	a
263	nivel_educacion	b
263	tono	b
263	emociones	g
263	tipo_entidad	h
263	origen_entidad	b
263	proposito	d
263	informacion_presentada	a
263	vision	d
263	consecuencias	d
263	que_muestra	d
263	intencion	b
263	localizacion_problema	c
263	involucrados	c
263	formalidad	a
263	nivel_educacion	b
263	tono	a
263	emociones	g
187	tipo_entidad	h
187	origen_entidad	b
187	proposito	d
187	informacion_presentada	a
187	vision	d
187	consecuencias	d
187	que_muestra	c
187	intencion	a
187	localizacion_problema	c
187	involucrados	c
187	formalidad	a
187	nivel_educacion	b
187	tono	b
187	emociones	h
187	tipo_entidad	h
187	origen_entidad	b
187	proposito	d
187	informacion_presentada	a
187	vision	d
187	consecuencias	c
187	que_muestra	d
187	intencion	a
187	localizacion_problema	b
187	involucrados	e a b c d
187	formalidad	a
187	nivel_educacion	b
187	tono	b
187	emociones	h
187	tipo_entidad	h
187	origen_entidad	b
187	proposito	d
187	informacion_presentada	a b
187	vision	d
187	consecuencias	a
187	que_muestra	d
187	intencion	a
187	localizacion_problema	c
187	involucrados	c
187	formalidad	a
187	nivel_educacion	b
187	tono	b
187	emociones	f
431	tipo_entidad	h
431	origen_entidad	b
431	proposito	d
431	informacion_presentada	a
431	vision	d
431	consecuencias	c
431	que_muestra	d
431	intencion	a
431	localizacion_problema	b
431	involucrados	a
431	formalidad	a
431	nivel_educacion	b
431	tono	a
431	emociones	h
431	tipo_entidad	h
431	origen_entidad	b
431	proposito	d
431	informacion_presentada	a
431	vision	d
431	consecuencias	c
431	que_muestra	c
431	intencion	b
431	localizacion_problema	b
431	involucrados	e c d
431	formalidad	a
431	nivel_educacion	b
431	tono	b
431	emociones	e
431	tipo_entidad	h
431	origen_entidad	b
431	proposito	d
431	informacion_presentada	a
431	vision	d
431	consecuencias	c
431	que_muestra	d
431	intencion	a
431	localizacion_problema	b
431	involucrados	b
431	formalidad	a
431	nivel_educacion	b
431	tono	b
431	emociones	e
128	tipo_entidad	h
128	origen_entidad	b
128	proposito	d
128	informacion_presentada	a
128	vision	d
128	consecuencias	c
128	que_muestra	c
128	intencion	b
128	localizacion_problema	b
128	involucrados	a
128	formalidad	a
128	nivel_educacion	b
128	tono	b
128	emociones	h
128	tipo_entidad	h
128	origen_entidad	b
128	proposito	d
128	informacion_presentada	a
128	vision	d
128	consecuencias	c
128	que_muestra	c
128	intencion	b
128	localizacion_problema	c
128	involucrados	b e
128	formalidad	a
128	nivel_educacion	b
128	tono	b
128	emociones	h
128	tipo_entidad	h
128	origen_entidad	b
128	proposito	d
128	informacion_presentada	a
128	vision	d
128	consecuencias	c
128	que_muestra	d
128	intencion	a
128	localizacion_problema	b
128	involucrados	c
128	formalidad	a
128	nivel_educacion	b
128	tono	b
128	emociones	h
217	tipo_entidad	h
217	origen_entidad	b
217	proposito	d
217	informacion_presentada	a
217	vision	d
217	consecuencias	d
217	que_muestra	c
217	intencion	a
217	localizacion_problema	c
217	involucrados	c
217	formalidad	a
217	nivel_educacion	b
217	tono	b
217	emociones	h
217	tipo_entidad	h
217	origen_entidad	b
217	proposito	d
217	informacion_presentada	a
217	vision	d
217	consecuencias	a
217	que_muestra	d
217	intencion	a
217	localizacion_problema	c
217	involucrados	c
217	formalidad	a
217	nivel_educacion	b
217	tono	b
217	emociones	h
217	tipo_entidad	h
217	origen_entidad	b
217	proposito	d
217	informacion_presentada	a
217	vision	d
217	consecuencias	c
217	que_muestra	d
217	intencion	a
217	localizacion_problema	c
217	involucrados	b
217	formalidad	a
217	nivel_educacion	b
217	tono	b
217	emociones	a
379	tipo_entidad	b
379	origen_entidad	a
379	proposito	i e h
379	informacion_presentada	a
379	vision	d
379	consecuencias	c
379	que_muestra	b
379	intencion	e
379	localizacion_problema	c
379	involucrados	c
379	formalidad	a
379	nivel_educacion	b
379	tono	b
379	emociones	e
379	tipo_entidad	b
379	origen_entidad	b
379	proposito	d
379	informacion_presentada	a
379	vision	d
379	consecuencias	a
379	que_muestra	d
379	intencion	e
379	localizacion_problema	c
379	involucrados	f e c
379	formalidad	a
379	nivel_educacion	b
379	tono	a
379	emociones	g
379	tipo_entidad	b
379	origen_entidad	b
379	proposito	d
379	informacion_presentada	a
379	vision	d
379	consecuencias	a
379	que_muestra	d
379	intencion	e
379	localizacion_problema	c
379	involucrados	c
379	formalidad	a
379	nivel_educacion	b
379	tono	a
379	emociones	g
249	tipo_entidad	h
249	origen_entidad	b
249	proposito	d
249	informacion_presentada	a
249	vision	d
249	consecuencias	a
249	que_muestra	d
249	intencion	a f
249	localizacion_problema	b
249	involucrados	a e c f
249	formalidad	a
249	nivel_educacion	b
249	tono	b
249	emociones	h
249	tipo_entidad	h
249	origen_entidad	b
249	proposito	h d
249	informacion_presentada	a
249	vision	d
249	consecuencias	a
249	que_muestra	d
249	intencion	b
249	localizacion_problema	b
249	involucrados	f e c
249	formalidad	a
249	nivel_educacion	b
249	tono	b
249	tipo_entidad	h
249	origen_entidad	b
249	proposito	d
249	informacion_presentada	a
249	vision	d
249	consecuencias	b
249	que_muestra	c
249	intencion	b
249	localizacion_problema	b
249	involucrados	e c
249	formalidad	a
249	nivel_educacion	b
249	tono	b
249	emociones	c
99	tipo_entidad	c
99	origen_entidad	b
99	proposito	d
99	informacion_presentada	a
99	vision	d
99	consecuencias	d
99	que_muestra	d
99	intencion	a
99	localizacion_problema	c
99	involucrados	c
99	formalidad	a
99	nivel_educacion	b
99	tono	b
99	emociones	g
99	tipo_entidad	c
99	origen_entidad	b
99	proposito	d
99	informacion_presentada	a
99	vision	d
99	consecuencias	d
99	que_muestra	c
99	intencion	b
99	localizacion_problema	b
99	involucrados	c
99	formalidad	a
99	nivel_educacion	b
99	tono	b
99	emociones	g
99	tipo_entidad	c
99	origen_entidad	b
99	proposito	d
99	informacion_presentada	a
99	vision	d
99	consecuencias	d
99	que_muestra	c
99	intencion	b
99	localizacion_problema	b
99	involucrados	c
99	formalidad	a
99	nivel_educacion	b
99	tono	b
99	emociones	h
45	tipo_entidad	b
45	origen_entidad	a
45	proposito	h
45	informacion_presentada	a
45	vision	d
45	consecuencias	a
45	que_muestra	c
45	intencion	e
45	localizacion_problema	b
45	involucrados	a e f
45	formalidad	a
45	nivel_educacion	b
45	tono	b
45	emociones	e
45	tipo_entidad	b
45	origen_entidad	a
45	proposito	h
45	informacion_presentada	a
45	vision	d
45	consecuencias	d
45	que_muestra	c
45	intencion	e
45	localizacion_problema	c
45	involucrados	e
45	formalidad	a
45	nivel_educacion	b
45	tono	a
45	emociones	g
45	tipo_entidad	b
45	origen_entidad	b
45	proposito	h
45	informacion_presentada	a
45	vision	d
45	consecuencias	d
45	que_muestra	d
45	intencion	e
45	localizacion_problema	c
45	involucrados	e
45	formalidad	a
45	nivel_educacion	b
45	tono	b
45	emociones	g
198	tipo_entidad	a
198	origen_entidad	b
198	proposito	d
198	informacion_presentada	a
198	vision	d
198	consecuencias	c
198	que_muestra	d
198	intencion	a
198	localizacion_problema	b
198	involucrados	f e c
198	formalidad	a
198	nivel_educacion	b
198	tono	b
198	emociones	f
198	tipo_entidad	a
198	origen_entidad	b
198	proposito	d
198	informacion_presentada	a
198	vision	d
198	consecuencias	c
198	que_muestra	d
198	intencion	a
198	localizacion_problema	b
198	involucrados	a f b
198	formalidad	a
198	nivel_educacion	b
198	tono	b
198	emociones	d
198	tipo_entidad	a
198	origen_entidad	b
198	proposito	d
198	informacion_presentada	a
198	vision	d
198	consecuencias	c
198	que_muestra	c
198	intencion	a
198	localizacion_problema	b
198	involucrados	c
198	formalidad	a
198	nivel_educacion	b
198	tono	b
198	emociones	h
522	tipo_entidad	h
522	origen_entidad	b
522	proposito	d
522	informacion_presentada	a
522	vision	d
522	consecuencias	c
522	que_muestra	a
522	intencion	b
522	localizacion_problema	b
522	involucrados	d
522	formalidad	a
522	nivel_educacion	b
522	tono	b
522	emociones	h
522	tipo_entidad	h
522	origen_entidad	b
522	proposito	d
522	informacion_presentada	a
522	vision	d
522	consecuencias	c
522	que_muestra	d
522	intencion	a
522	localizacion_problema	b
522	involucrados	c
522	formalidad	a
522	nivel_educacion	b
522	tono	b
522	emociones	a
522	tipo_entidad	h
522	origen_entidad	b
522	proposito	d
522	informacion_presentada	a
522	vision	d
522	consecuencias	a
522	que_muestra	c
522	intencion	a
522	localizacion_problema	c
522	involucrados	b
522	formalidad	a
522	nivel_educacion	b
522	tono	b
522	emociones	h
345	tipo_entidad	b
345	origen_entidad	b
345	proposito	g d
345	informacion_presentada	a
345	vision	d
345	consecuencias	d
345	que_muestra	d
345	intencion	c
345	localizacion_problema	b
345	involucrados	a f e b
345	formalidad	a
345	nivel_educacion	b
345	tono	a
345	emociones	f
345	tipo_entidad	b
345	origen_entidad	b
345	proposito	g d
345	informacion_presentada	a
345	vision	d
345	consecuencias	c
345	que_muestra	c
345	intencion	b
345	localizacion_problema	b
345	involucrados	a g
345	formalidad	a
345	nivel_educacion	b
345	tono	a
345	emociones	h
345	tipo_entidad	b
345	origen_entidad	b
345	proposito	d
345	informacion_presentada	a
345	vision	d
345	consecuencias	c
345	que_muestra	c
345	intencion	b
345	localizacion_problema	b
345	involucrados	g e c
345	formalidad	a
345	nivel_educacion	b
345	tono	a
345	emociones	a
277	tipo_entidad	c
277	origen_entidad	b
277	proposito	d
277	informacion_presentada	a
277	vision	d
277	consecuencias	c
277	que_muestra	c
277	intencion	a
277	localizacion_problema	b
277	involucrados	c
277	formalidad	a
277	nivel_educacion	b
277	tono	a
277	emociones	g
277	tipo_entidad	c
277	origen_entidad	b
277	proposito	d
277	informacion_presentada	a
277	vision	d
277	consecuencias	c
277	que_muestra	c
277	intencion	a
277	localizacion_problema	b
277	involucrados	b
277	formalidad	a
277	nivel_educacion	b
277	tono	a
277	emociones	e
277	tipo_entidad	c
277	origen_entidad	b
277	proposito	d
277	informacion_presentada	a
277	vision	d
277	consecuencias	c
277	que_muestra	c
277	intencion	a
277	localizacion_problema	b
277	involucrados	f e c h
277	formalidad	a
277	nivel_educacion	b
277	tono	b
277	emociones	g
40	tipo_entidad	a
40	origen_entidad	b
40	proposito	d
40	informacion_presentada	a
40	vision	d
40	consecuencias	b
40	que_muestra	c
40	intencion	a
40	localizacion_problema	b
40	involucrados	b c
40	formalidad	a
40	nivel_educacion	b
40	tono	b
40	emociones	g
40	tipo_entidad	a
40	origen_entidad	b
40	proposito	d
40	informacion_presentada	a
40	vision	d
40	consecuencias	c
40	que_muestra	c
40	intencion	a
40	localizacion_problema	b
40	involucrados	f c
40	formalidad	a
40	nivel_educacion	b
40	tono	b
40	emociones	e
40	tipo_entidad	h
40	origen_entidad	b
40	proposito	d
40	informacion_presentada	a
40	vision	d
40	consecuencias	c
40	que_muestra	c
40	intencion	a
40	localizacion_problema	b
40	involucrados	c
40	formalidad	a
40	nivel_educacion	b
40	tono	b
40	emociones	d
556	tipo_entidad	h
556	origen_entidad	b
556	proposito	d
556	informacion_presentada	a
556	vision	d
556	consecuencias	b
556	que_muestra	c
556	intencion	a
556	localizacion_problema	c
556	involucrados	b g c f
556	formalidad	a
556	nivel_educacion	b
556	tono	a
556	emociones	h
556	tipo_entidad	h
556	origen_entidad	b
556	proposito	d
556	informacion_presentada	a
556	vision	d
556	consecuencias	c
556	que_muestra	c
556	intencion	a
556	localizacion_problema	b
556	involucrados	c
556	formalidad	a
556	nivel_educacion	b
556	tono	b
556	emociones	h
556	tipo_entidad	h
556	origen_entidad	b
556	proposito	d
556	informacion_presentada	a
556	vision	d
556	consecuencias	b
556	que_muestra	c
556	intencion	a
556	localizacion_problema	c
556	involucrados	c
556	formalidad	a
556	nivel_educacion	b
556	tono	b
556	emociones	h
276	tipo_entidad	c
276	origen_entidad	b
276	proposito	d
276	informacion_presentada	a
276	vision	d
276	consecuencias	a
276	que_muestra	a
276	intencion	c
276	localizacion_problema	b
276	involucrados	f g e a b c
276	formalidad	a
276	nivel_educacion	b
276	tono	a
276	emociones	d
276	tipo_entidad	b
276	origen_entidad	b
276	proposito	b
276	informacion_presentada	a
276	vision	d
276	consecuencias	a
276	que_muestra	c
276	intencion	c
276	localizacion_problema	c
276	involucrados	f e c
276	formalidad	a
276	nivel_educacion	b
276	tono	b
276	emociones	c
276	tipo_entidad	b
276	origen_entidad	b
276	proposito	a
276	informacion_presentada	a
276	vision	d
276	consecuencias	a
276	que_muestra	c
276	intencion	c
276	localizacion_problema	b
276	involucrados	d
276	formalidad	a
276	nivel_educacion	b
276	tono	a
276	emociones	h
572	tipo_entidad	c
572	origen_entidad	b
572	proposito	g d
572	informacion_presentada	a
572	vision	d
572	consecuencias	a
572	que_muestra	d
572	intencion	a
572	localizacion_problema	b
572	involucrados	f g e d
572	formalidad	a
572	nivel_educacion	b
572	tono	b
572	emociones	g
572	tipo_entidad	h
572	origen_entidad	b
572	proposito	g e d
572	informacion_presentada	a
572	vision	d
572	consecuencias	a
572	que_muestra	c
572	intencion	b
572	localizacion_problema	c
572	involucrados	g c
572	formalidad	a
572	nivel_educacion	b
572	tono	a
572	emociones	h
572	tipo_entidad	c
572	origen_entidad	b
572	proposito	g e d
572	informacion_presentada	a
572	vision	d
572	consecuencias	a
572	que_muestra	d
572	intencion	b
572	localizacion_problema	b
572	involucrados	f c d
572	formalidad	a
572	nivel_educacion	b
572	tono	a
572	emociones	h
115	tipo_entidad	h
115	origen_entidad	b
115	proposito	d
115	informacion_presentada	a
115	consecuencias	c
115	que_muestra	c
115	intencion	a
115	localizacion_problema	b
115	involucrados	a f b
115	formalidad	a
115	nivel_educacion	b
115	tono	b
115	emociones	h
115	tipo_entidad	a
115	origen_entidad	b
115	proposito	d
115	informacion_presentada	a
115	vision	d
115	consecuencias	c
115	que_muestra	c
115	intencion	a
115	localizacion_problema	b
115	involucrados	b f d
115	formalidad	a
115	nivel_educacion	b
115	tono	b
115	emociones	h
115	tipo_entidad	a
115	origen_entidad	b
115	proposito	d
115	informacion_presentada	a
115	consecuencias	c
115	que_muestra	d
115	intencion	b
115	localizacion_problema	c
115	involucrados	c
115	formalidad	a
115	tono	b
115	emociones	h
478	tipo_entidad	b
478	origen_entidad	b
478	proposito	d
478	informacion_presentada	a
478	vision	d
478	consecuencias	a
478	que_muestra	c
478	intencion	a
478	localizacion_problema	b
478	involucrados	b
478	formalidad	a
478	nivel_educacion	b
478	tono	a
478	emociones	h
478	tipo_entidad	b
478	origen_entidad	b
478	proposito	d
478	informacion_presentada	a
478	vision	d
478	consecuencias	c
478	que_muestra	d
478	intencion	b
478	localizacion_problema	c
478	involucrados	f h c d
478	formalidad	a
478	nivel_educacion	b
478	tono	a
478	emociones	h
478	tipo_entidad	b
478	origen_entidad	b
478	proposito	d
478	informacion_presentada	a
478	vision	d
478	consecuencias	a
478	que_muestra	d
478	intencion	b
478	localizacion_problema	c
478	involucrados	c
478	formalidad	a
478	nivel_educacion	b
478	tono	a
478	emociones	h
154	tipo_entidad	h
154	origen_entidad	b
154	proposito	d
154	informacion_presentada	a
154	vision	a b d
154	consecuencias	c
154	que_muestra	c
154	intencion	b
154	localizacion_problema	b
154	involucrados	f e d
154	formalidad	a
154	nivel_educacion	b
154	tono	a
154	emociones	g
154	tipo_entidad	h
154	origen_entidad	b
154	proposito	b
154	informacion_presentada	a
154	vision	d
154	consecuencias	c
154	que_muestra	c
154	intencion	a
154	localizacion_problema	b
154	involucrados	f c d
154	formalidad	a
154	nivel_educacion	b
154	tono	a
154	emociones	h
154	tipo_entidad	h
154	origen_entidad	b
154	proposito	b
154	informacion_presentada	a
154	vision	d
154	consecuencias	c
154	que_muestra	c
154	intencion	a
154	localizacion_problema	b
154	involucrados	b c f
154	formalidad	a
154	nivel_educacion	b
154	tono	b
154	emociones	c
125	tipo_entidad	h
125	origen_entidad	b
125	proposito	d
125	informacion_presentada	a
125	vision	d
125	consecuencias	d
125	que_muestra	d
125	intencion	a
125	localizacion_problema	c
125	involucrados	e
125	formalidad	a
125	nivel_educacion	b
125	tono	b
125	emociones	h
125	tipo_entidad	h
125	origen_entidad	b
125	proposito	e
125	informacion_presentada	a
125	vision	d
125	consecuencias	d
125	que_muestra	d
125	intencion	a
125	localizacion_problema	c
125	involucrados	f e c d h
125	formalidad	a
125	nivel_educacion	b
125	tono	b
125	emociones	h
125	tipo_entidad	h
125	origen_entidad	b
125	proposito	d
125	informacion_presentada	a
125	vision	d
125	consecuencias	c
125	que_muestra	d
125	intencion	a
125	localizacion_problema	c
125	involucrados	b
125	formalidad	a
125	nivel_educacion	b
125	tono	b
125	emociones	h
471	tipo_entidad	d
471	origen_entidad	a
471	proposito	b
471	informacion_presentada	b
471	vision	d
471	consecuencias	c
471	que_muestra	b
471	localizacion_problema	c
471	involucrados	f g c d
471	formalidad	a
471	nivel_educacion	b
471	tono	b
471	emociones	c
471	tipo_entidad	d
471	origen_entidad	a
471	proposito	e
471	informacion_presentada	b
471	vision	d
471	consecuencias	c
471	que_muestra	b
471	intencion	a
471	localizacion_problema	b
471	involucrados	b
471	formalidad	a
471	nivel_educacion	b
471	tono	b
471	emociones	g
471	tipo_entidad	d
471	origen_entidad	a
471	proposito	b
471	informacion_presentada	a c b
471	vision	d
471	consecuencias	c
471	que_muestra	d
471	intencion	d
471	localizacion_problema	b
471	involucrados	c
471	formalidad	a
471	nivel_educacion	b
471	tono	b
471	emociones	c
430	tipo_entidad	b
430	origen_entidad	b
430	proposito	d
430	informacion_presentada	a
430	vision	d
430	consecuencias	c
430	que_muestra	c
430	intencion	a
430	localizacion_problema	b
430	involucrados	f e d
430	formalidad	a
430	nivel_educacion	b
430	tono	a
430	emociones	h
430	tipo_entidad	b
430	origen_entidad	b
430	proposito	d
430	informacion_presentada	a
430	vision	d
430	consecuencias	c
430	que_muestra	c
430	intencion	a
430	localizacion_problema	a
430	involucrados	a f
430	formalidad	a
430	nivel_educacion	b
430	tono	a
430	emociones	e
430	tipo_entidad	b
430	origen_entidad	a
430	proposito	d
430	informacion_presentada	a
430	vision	d
430	consecuencias	c
430	que_muestra	c
430	intencion	a
430	localizacion_problema	b
430	involucrados	e c d
430	formalidad	a
430	nivel_educacion	b
430	tono	a
430	emociones	f
121	tipo_entidad	h
121	origen_entidad	b
121	proposito	d
121	informacion_presentada	a
121	vision	d
121	consecuencias	a
121	que_muestra	c
121	intencion	a
121	localizacion_problema	c
121	involucrados	c
121	formalidad	a
121	nivel_educacion	b
121	tono	b
121	emociones	f
121	tipo_entidad	h
121	origen_entidad	b
121	proposito	d
121	informacion_presentada	a
121	vision	d
121	consecuencias	a
121	que_muestra	b
121	intencion	b
121	localizacion_problema	c
121	involucrados	c
121	formalidad	a
121	nivel_educacion	b
121	tono	b
121	emociones	h
121	tipo_entidad	h
121	origen_entidad	b
121	proposito	d
121	informacion_presentada	a
121	vision	d
121	consecuencias	a
121	que_muestra	c
121	intencion	b
121	localizacion_problema	b
121	involucrados	b c f
121	formalidad	a
121	nivel_educacion	b
121	tono	a
121	emociones	h
329	tipo_entidad	h
329	origen_entidad	b
329	proposito	b
329	informacion_presentada	a
329	vision	d
329	consecuencias	c
329	que_muestra	d
329	intencion	e
329	localizacion_problema	c
329	involucrados	c
329	formalidad	a
329	nivel_educacion	b
329	tono	b
329	emociones	f
329	tipo_entidad	e
329	origen_entidad	a
329	proposito	d
329	informacion_presentada	a
329	vision	d
329	consecuencias	a
329	que_muestra	d
329	intencion	a
329	localizacion_problema	a
329	involucrados	f c d
329	formalidad	a
329	tono	b
329	emociones	c
329	tipo_entidad	h
329	origen_entidad	a
329	proposito	d
329	informacion_presentada	a
329	consecuencias	c
329	que_muestra	d
329	intencion	a
329	localizacion_problema	c
329	involucrados	b
329	formalidad	a
329	nivel_educacion	b
329	tono	b
329	emociones	g
13	tipo_entidad	c
13	origen_entidad	b
13	proposito	d
13	informacion_presentada	a
13	vision	d
13	consecuencias	c
13	que_muestra	c
13	intencion	b
13	localizacion_problema	b
13	involucrados	f g e a b d
13	formalidad	a
13	nivel_educacion	b
13	tono	b
13	emociones	a
13	tipo_entidad	h
13	origen_entidad	b
13	proposito	d
13	informacion_presentada	a
13	vision	d
13	consecuencias	c
13	que_muestra	b
13	intencion	b
13	localizacion_problema	b
13	involucrados	b
13	formalidad	a
13	nivel_educacion	b
13	tono	b
13	emociones	a
13	tipo_entidad	c
13	origen_entidad	b
13	proposito	d
13	informacion_presentada	a
13	vision	d
13	consecuencias	c
13	que_muestra	c
13	intencion	a
13	localizacion_problema	b
13	involucrados	f e b c d
13	formalidad	a
13	nivel_educacion	b
13	tono	b
13	emociones	e
256	tipo_entidad	a
256	origen_entidad	a
256	proposito	d
256	informacion_presentada	a
256	vision	d
256	consecuencias	a
256	que_muestra	c
256	intencion	c
256	localizacion_problema	b
256	involucrados	c
256	formalidad	a
256	nivel_educacion	b
256	tono	a
256	emociones	h
256	tipo_entidad	h
256	origen_entidad	b
256	proposito	e
256	informacion_presentada	a
256	vision	d
256	consecuencias	d
256	que_muestra	c
256	intencion	c
256	localizacion_problema	b
256	involucrados	c
256	formalidad	a
256	nivel_educacion	b
256	tono	a
256	emociones	h
256	tipo_entidad	a
256	origen_entidad	a
256	proposito	g e
256	informacion_presentada	a
256	vision	d
256	consecuencias	d
256	que_muestra	c
256	intencion	b
256	localizacion_problema	c
256	involucrados	a
256	formalidad	a
256	nivel_educacion	b
256	tono	a
256	emociones	g
131	tipo_entidad	a
131	origen_entidad	a
131	proposito	d
131	informacion_presentada	a
131	vision	d
131	consecuencias	a
131	que_muestra	c
131	intencion	a
131	localizacion_problema	b
131	involucrados	g
131	formalidad	a
131	nivel_educacion	b
131	tono	b
131	emociones	g
131	tipo_entidad	a
131	origen_entidad	b
131	proposito	d
131	informacion_presentada	a
131	vision	a b d
131	consecuencias	c
131	que_muestra	d
131	intencion	c
131	localizacion_problema	b
131	involucrados	a f g b
131	formalidad	a
131	nivel_educacion	b
131	tono	b
131	emociones	h
131	tipo_entidad	a
131	origen_entidad	b
131	proposito	d
131	informacion_presentada	a
131	vision	d
131	consecuencias	a
131	que_muestra	c
131	intencion	a
131	localizacion_problema	b
131	involucrados	e
131	formalidad	a
131	nivel_educacion	b
131	tono	b
131	emociones	h
117	tipo_entidad	h
117	origen_entidad	b
117	proposito	d
117	informacion_presentada	a
117	vision	d
117	consecuencias	a
117	que_muestra	c
117	intencion	a
117	localizacion_problema	b
117	involucrados	c
117	formalidad	a
117	nivel_educacion	b
117	tono	b
117	emociones	g
117	tipo_entidad	h
117	origen_entidad	b
117	proposito	d
117	informacion_presentada	a
117	vision	d
117	consecuencias	b
117	que_muestra	c
117	intencion	a
117	localizacion_problema	b
117	involucrados	b
117	formalidad	a
117	nivel_educacion	b
117	tono	b
117	emociones	g
117	tipo_entidad	h
117	origen_entidad	b
117	proposito	d
117	informacion_presentada	a
117	vision	d
117	consecuencias	b
117	que_muestra	c
117	intencion	a
117	localizacion_problema	c
117	involucrados	c
117	formalidad	a
117	nivel_educacion	b
117	tono	a
117	emociones	h
359	tipo_entidad	h
359	origen_entidad	b
359	proposito	d
359	informacion_presentada	a
359	vision	d
359	consecuencias	c
359	que_muestra	c
359	intencion	e
359	localizacion_problema	b
359	involucrados	f e c
359	formalidad	a
359	nivel_educacion	b
359	tono	a
359	emociones	h
359	tipo_entidad	h
359	origen_entidad	a
359	proposito	d
359	informacion_presentada	a
359	vision	d
359	consecuencias	c
359	que_muestra	c
359	intencion	c
359	localizacion_problema	b
359	involucrados	a e
359	formalidad	a
359	nivel_educacion	b
359	tono	b
359	emociones	f e d
359	tipo_entidad	h
359	origen_entidad	b
359	proposito	d
359	informacion_presentada	a
359	vision	d
359	consecuencias	c
359	que_muestra	c
359	intencion	c
359	localizacion_problema	b
359	involucrados	b c
359	formalidad	a
359	nivel_educacion	b
359	tono	a
359	emociones	f
57	tipo_entidad	h
57	origen_entidad	a
57	proposito	d
57	informacion_presentada	a
57	vision	d
57	consecuencias	c
57	que_muestra	b
57	intencion	a
57	localizacion_problema	b
57	involucrados	f e c d
57	formalidad	a
57	nivel_educacion	b
57	tono	a
57	emociones	h
57	tipo_entidad	h
57	origen_entidad	b
57	proposito	d
57	informacion_presentada	a
57	vision	d
57	consecuencias	c
57	que_muestra	b
57	intencion	a
57	localizacion_problema	b
57	involucrados	e c d
57	formalidad	a
57	nivel_educacion	b
57	tono	a
57	emociones	h
57	tipo_entidad	h
57	origen_entidad	b
57	proposito	d
57	informacion_presentada	a
57	vision	d
57	consecuencias	c
57	que_muestra	c
57	intencion	a
57	localizacion_problema	b
57	involucrados	c
57	formalidad	a
57	nivel_educacion	b
57	tono	b
57	emociones	h
332	tipo_entidad	b
332	origen_entidad	a
332	proposito	d
332	informacion_presentada	a
332	vision	d
332	consecuencias	b
332	que_muestra	c
332	intencion	c
332	localizacion_problema	c
332	involucrados	c
332	formalidad	a
332	nivel_educacion	b
332	tono	a
332	emociones	c
332	tipo_entidad	b
332	origen_entidad	a
332	proposito	g
332	informacion_presentada	a
332	vision	d
332	consecuencias	b
332	que_muestra	c
332	intencion	c
332	localizacion_problema	b
332	involucrados	c
332	formalidad	a
332	nivel_educacion	b
332	tono	a
332	emociones	h
332	tipo_entidad	b
332	origen_entidad	a
332	proposito	d
332	informacion_presentada	a
332	vision	d
332	consecuencias	a
332	que_muestra	c
332	intencion	c
332	localizacion_problema	c
332	involucrados	a f b
332	formalidad	a
332	nivel_educacion	b
332	tono	a
332	emociones	h
391	tipo_entidad	h
391	origen_entidad	b
391	proposito	c
391	informacion_presentada	a
391	vision	d
391	consecuencias	c
391	que_muestra	d
391	intencion	a
391	localizacion_problema	c
391	involucrados	c
391	formalidad	a
391	nivel_educacion	b
391	tono	b
391	emociones	h
391	tipo_entidad	h
391	origen_entidad	b
391	proposito	d
391	informacion_presentada	a
391	vision	d
391	consecuencias	c
391	que_muestra	d
391	intencion	a
391	localizacion_problema	c
391	involucrados	e
391	formalidad	a
391	nivel_educacion	b
391	tono	b
391	emociones	g
391	tipo_entidad	h
391	origen_entidad	b
391	proposito	d
391	informacion_presentada	a
391	vision	d
391	consecuencias	c
391	que_muestra	d
391	intencion	a
391	localizacion_problema	c
391	involucrados	b
391	formalidad	a
391	nivel_educacion	b
391	tono	b
391	emociones	g
590	tipo_entidad	b
590	origen_entidad	b
590	proposito	d
590	informacion_presentada	a
590	vision	d
590	consecuencias	d
590	que_muestra	d
590	intencion	c
590	localizacion_problema	c
590	involucrados	f c d
590	formalidad	a
590	nivel_educacion	b
590	tono	a
590	emociones	h
590	tipo_entidad	b
590	origen_entidad	c
590	proposito	d
590	informacion_presentada	a
590	vision	d
590	consecuencias	c
590	que_muestra	d
590	intencion	c
590	localizacion_problema	c
590	involucrados	f c d
590	formalidad	a
590	nivel_educacion	b
590	tono	b
590	emociones	h
590	tipo_entidad	b
590	origen_entidad	b
590	proposito	e
590	informacion_presentada	a
590	vision	a b d
590	consecuencias	d
590	que_muestra	c
590	intencion	a
590	localizacion_problema	c
590	involucrados	f e
590	formalidad	a
590	nivel_educacion	b
590	tono	a
590	emociones	h
155	tipo_entidad	h
155	origen_entidad	b
155	proposito	d
155	informacion_presentada	a
155	vision	d
155	consecuencias	b
155	que_muestra	c
155	intencion	a
155	localizacion_problema	c
155	involucrados	c
155	formalidad	a
155	nivel_educacion	b
155	tono	b
155	emociones	e
155	tipo_entidad	h
155	origen_entidad	b
155	proposito	d
155	informacion_presentada	a
155	vision	d
155	consecuencias	b
155	que_muestra	d
155	intencion	b
155	localizacion_problema	b
155	involucrados	c
155	formalidad	a
155	nivel_educacion	b
155	tono	b
155	emociones	g
155	tipo_entidad	h
155	origen_entidad	b
155	proposito	d
155	informacion_presentada	a
155	vision	d
155	consecuencias	b
155	que_muestra	d
155	intencion	b
155	localizacion_problema	c
155	involucrados	c
155	formalidad	a
155	nivel_educacion	b
155	tono	b
155	emociones	h
166	tipo_entidad	h
166	origen_entidad	b
166	proposito	d
166	informacion_presentada	a
166	vision	d
166	consecuencias	a
166	que_muestra	d
166	intencion	c
166	localizacion_problema	c
166	involucrados	c
166	formalidad	a
166	nivel_educacion	b
166	tono	b
166	emociones	a
166	tipo_entidad	h
166	origen_entidad	b
166	proposito	d
166	informacion_presentada	a
166	vision	d
166	consecuencias	c
166	que_muestra	d
166	intencion	b
166	localizacion_problema	c
166	involucrados	c
166	formalidad	a
166	nivel_educacion	b
166	tono	b
166	emociones	h
166	tipo_entidad	h
166	origen_entidad	b
166	proposito	a b d
166	informacion_presentada	a
166	vision	d
166	consecuencias	d
166	que_muestra	d
166	intencion	a
166	localizacion_problema	c
166	involucrados	c
166	formalidad	a
166	nivel_educacion	b
166	tono	b
166	emociones	h
168	tipo_entidad	h
168	origen_entidad	b
168	proposito	d
168	informacion_presentada	a
168	vision	d
168	consecuencias	b
168	que_muestra	c
168	intencion	c
168	localizacion_problema	b
168	involucrados	c
168	formalidad	a
168	nivel_educacion	b
168	tono	b
168	emociones	g
168	tipo_entidad	h
168	origen_entidad	b
168	proposito	d
168	informacion_presentada	a
168	vision	d
168	consecuencias	c
168	que_muestra	d
168	intencion	a
168	localizacion_problema	c
168	involucrados	c
168	formalidad	a
168	nivel_educacion	b
168	tono	a
168	emociones	h
168	tipo_entidad	h
168	origen_entidad	b
168	proposito	d
168	informacion_presentada	a
168	vision	d
168	consecuencias	b
168	que_muestra	c
168	intencion	c
168	localizacion_problema	b
168	involucrados	a e
168	formalidad	a
168	nivel_educacion	b
168	tono	b
168	emociones	h
44	tipo_entidad	h
44	origen_entidad	b
44	proposito	g d
44	informacion_presentada	a
44	vision	d
44	consecuencias	d
44	que_muestra	d
44	intencion	b
44	localizacion_problema	b
44	formalidad	a
44	nivel_educacion	b
44	tono	b
44	emociones	e
44	tipo_entidad	h
44	origen_entidad	b
44	proposito	g e d
44	informacion_presentada	a
44	vision	d
44	consecuencias	b
44	que_muestra	d
44	intencion	a
44	localizacion_problema	b
44	involucrados	f c d
44	formalidad	a
44	nivel_educacion	b
44	tono	a
44	emociones	h
44	tipo_entidad	h
44	origen_entidad	b
44	proposito	g d
44	informacion_presentada	a
44	vision	d
44	consecuencias	d
44	que_muestra	d
44	intencion	b
44	localizacion_problema	b
44	involucrados	f c d
44	formalidad	a
44	nivel_educacion	b
44	tono	a
44	emociones	c
343	tipo_entidad	e
343	origen_entidad	b
343	proposito	d
343	informacion_presentada	a
343	vision	d
343	consecuencias	c
343	que_muestra	c
343	intencion	c
343	localizacion_problema	b
343	involucrados	g
343	formalidad	a
343	nivel_educacion	b
343	tono	a
343	emociones	h
343	tipo_entidad	b
343	origen_entidad	b
343	proposito	b
343	informacion_presentada	a
343	vision	d
343	consecuencias	c
343	que_muestra	c
343	intencion	a
343	localizacion_problema	c
343	involucrados	b
343	formalidad	a
343	nivel_educacion	b
343	tono	a
343	emociones	h
343	tipo_entidad	b
343	origen_entidad	b
343	proposito	d
343	informacion_presentada	a
343	vision	d
343	consecuencias	c
343	que_muestra	c
343	intencion	c
343	localizacion_problema	c
343	involucrados	b
343	formalidad	a
343	nivel_educacion	b
343	tono	a
343	emociones	g
223	tipo_entidad	h
223	origen_entidad	b
223	proposito	d
223	informacion_presentada	a
223	vision	d
223	consecuencias	d
223	que_muestra	d
223	intencion	a
223	localizacion_problema	b
223	involucrados	c
223	formalidad	a
223	nivel_educacion	b
223	tono	b
223	emociones	h
223	tipo_entidad	h
223	origen_entidad	b
223	proposito	d
223	informacion_presentada	a
223	vision	d
223	consecuencias	c
223	que_muestra	d
223	intencion	a
223	localizacion_problema	b
223	involucrados	f e d
223	formalidad	a
223	nivel_educacion	b
223	tono	b
223	emociones	h
223	tipo_entidad	h
223	origen_entidad	a
223	proposito	d
223	informacion_presentada	a
223	vision	d
223	consecuencias	d
223	que_muestra	c
223	intencion	a
223	localizacion_problema	b
223	involucrados	c
223	formalidad	a
223	nivel_educacion	b
223	tono	b
223	emociones	h
535	tipo_entidad	h
535	origen_entidad	b
535	proposito	d
535	informacion_presentada	a
535	vision	d
535	consecuencias	a
535	que_muestra	c
535	intencion	a
535	localizacion_problema	b
535	involucrados	f e b c h
535	formalidad	a
535	nivel_educacion	b
535	tono	a
535	emociones	h
535	tipo_entidad	h
535	origen_entidad	b
535	proposito	d
535	informacion_presentada	a
535	vision	d
535	consecuencias	a
535	que_muestra	c
535	intencion	c
535	localizacion_problema	b
535	involucrados	a g e c
535	formalidad	a
535	nivel_educacion	b
535	tono	a
535	emociones	h
535	tipo_entidad	h
535	origen_entidad	b
535	proposito	d
535	informacion_presentada	a
535	vision	d
535	consecuencias	a
535	que_muestra	c
535	intencion	c
535	localizacion_problema	b
535	involucrados	f g e c
535	formalidad	a
535	nivel_educacion	b
535	tono	a
535	emociones	d
94	tipo_entidad	h
94	origen_entidad	b
94	proposito	d
94	informacion_presentada	a
94	vision	d
94	consecuencias	b
94	que_muestra	c
94	intencion	b
94	localizacion_problema	b
94	involucrados	e c d
94	formalidad	a
94	nivel_educacion	b
94	tono	a
94	emociones	h
94	tipo_entidad	d
94	origen_entidad	b
94	proposito	d
94	informacion_presentada	a
94	vision	d
94	consecuencias	b
94	que_muestra	d
94	intencion	b
94	localizacion_problema	b
94	involucrados	e
94	formalidad	a
94	nivel_educacion	b
94	tono	b
94	emociones	h
94	tipo_entidad	c
94	origen_entidad	b
94	proposito	d
94	informacion_presentada	a
94	vision	d
94	consecuencias	c
94	que_muestra	d
94	intencion	b
94	localizacion_problema	b
94	involucrados	g
94	formalidad	a
94	nivel_educacion	b
94	tono	b
94	emociones	h
301	tipo_entidad	b
301	origen_entidad	b
301	proposito	d
301	informacion_presentada	a
301	vision	d
301	consecuencias	a
301	que_muestra	c
301	intencion	b
301	localizacion_problema	b
301	involucrados	c
301	formalidad	a
301	nivel_educacion	b
301	tono	a
301	emociones	h
301	tipo_entidad	b
301	origen_entidad	a
301	proposito	d
301	informacion_presentada	a
301	vision	d
301	consecuencias	a
301	que_muestra	c
301	intencion	a
301	localizacion_problema	b
301	involucrados	f c d
301	formalidad	a
301	nivel_educacion	b
301	tono	a
301	emociones	e
301	tipo_entidad	b
301	origen_entidad	b
301	proposito	d
301	informacion_presentada	a
301	vision	d
301	consecuencias	a
301	que_muestra	b
301	intencion	a
301	localizacion_problema	b
301	involucrados	c
301	formalidad	a
301	tono	a
301	emociones	h
293	tipo_entidad	h
293	origen_entidad	b
293	proposito	d
293	informacion_presentada	a
293	vision	d
293	consecuencias	d
293	que_muestra	c
293	intencion	a
293	localizacion_problema	c
293	involucrados	c
293	formalidad	a
293	nivel_educacion	b
293	tono	b
293	emociones	h
293	tipo_entidad	h
293	origen_entidad	b
293	proposito	d
293	informacion_presentada	a
293	vision	d
293	consecuencias	c
293	que_muestra	d
293	intencion	c
293	localizacion_problema	b
293	involucrados	c
293	formalidad	a
293	nivel_educacion	b
293	tono	b
293	emociones	h
293	tipo_entidad	h
293	origen_entidad	b
293	proposito	d
293	informacion_presentada	a
293	vision	d
293	consecuencias	c
293	que_muestra	c
293	intencion	c
293	localizacion_problema	c
293	involucrados	c
293	formalidad	a
293	nivel_educacion	b
293	tono	b
293	emociones	h
29	tipo_entidad	h
29	origen_entidad	a
29	proposito	b
29	informacion_presentada	a
29	vision	d
29	consecuencias	d
29	que_muestra	d
29	intencion	a
29	localizacion_problema	c
29	involucrados	f e a c d
29	formalidad	a
29	nivel_educacion	b
29	tono	b
29	emociones	h
29	tipo_entidad	h
29	origen_entidad	a
29	proposito	b
29	informacion_presentada	a
29	vision	d
29	consecuencias	d
29	que_muestra	d
29	intencion	a
29	localizacion_problema	c
29	involucrados	c
29	formalidad	a
29	nivel_educacion	b
29	tono	b
29	emociones	h
29	tipo_entidad	h
29	origen_entidad	b
29	proposito	e d
29	informacion_presentada	a b
29	vision	d
29	consecuencias	c
29	que_muestra	c
29	intencion	a
29	localizacion_problema	c
29	involucrados	f g e d
29	formalidad	a
29	tono	b
29	emociones	f e c
523	tipo_entidad	b
523	origen_entidad	a
523	proposito	d
523	informacion_presentada	a
523	vision	d
523	consecuencias	c
523	que_muestra	c
523	intencion	a
523	localizacion_problema	b
523	involucrados	f g e d
523	formalidad	a
523	nivel_educacion	b
523	tono	a
523	emociones	h
523	tipo_entidad	b
523	origen_entidad	b
523	proposito	d
523	informacion_presentada	a
523	vision	d
523	consecuencias	c
523	que_muestra	c
523	intencion	b
523	localizacion_problema	c
523	involucrados	f h e d
523	formalidad	a
523	nivel_educacion	b
523	tono	b
523	emociones	h
523	tipo_entidad	b
523	origen_entidad	a
523	proposito	d
523	informacion_presentada	a
523	vision	d
523	consecuencias	c
523	que_muestra	c
523	intencion	c
523	localizacion_problema	c
523	involucrados	f e a b c d
523	formalidad	a
523	nivel_educacion	b
523	tono	b
523	emociones	h
466	tipo_entidad	b
466	origen_entidad	a
466	proposito	d
466	informacion_presentada	a
466	vision	d
466	consecuencias	b
466	que_muestra	c
466	intencion	c
466	localizacion_problema	c
466	involucrados	a c f
466	formalidad	a
466	nivel_educacion	b
466	tono	b
466	emociones	g
466	tipo_entidad	b
466	origen_entidad	b
466	proposito	d
466	informacion_presentada	a
466	vision	d
466	consecuencias	c
466	que_muestra	c
466	intencion	b
466	localizacion_problema	b
466	involucrados	c
466	formalidad	a
466	nivel_educacion	b
466	tono	b
466	emociones	g
466	tipo_entidad	b
466	origen_entidad	b
466	proposito	d
466	informacion_presentada	a
466	vision	d
466	consecuencias	b
466	que_muestra	d
466	intencion	b
466	localizacion_problema	c
466	involucrados	f
466	formalidad	a
466	nivel_educacion	b
466	tono	a
466	emociones	h
591	tipo_entidad	b
591	origen_entidad	b
591	proposito	d
591	informacion_presentada	a
591	vision	d
591	consecuencias	a
591	que_muestra	c
591	intencion	c
591	localizacion_problema	c
591	involucrados	e
591	formalidad	a
591	nivel_educacion	b
591	tono	b
591	emociones	h
591	tipo_entidad	b
591	origen_entidad	a
591	proposito	d
591	informacion_presentada	a
591	vision	d
591	consecuencias	a
591	que_muestra	d
591	intencion	c
591	localizacion_problema	b
591	involucrados	b
591	formalidad	a
591	nivel_educacion	b
591	tono	a
591	emociones	h
591	tipo_entidad	b
591	origen_entidad	a
591	proposito	d
591	informacion_presentada	a
591	vision	d
591	consecuencias	a
591	que_muestra	d
591	intencion	c
591	localizacion_problema	c
591	involucrados	b
591	formalidad	a
591	nivel_educacion	b
591	tono	b
591	emociones	g
558	tipo_entidad	d
558	origen_entidad	b
558	proposito	d
558	informacion_presentada	a
558	vision	d
558	consecuencias	d
558	que_muestra	d
558	intencion	a
558	localizacion_problema	b
558	involucrados	f e
558	formalidad	a
558	nivel_educacion	b
558	tono	b
558	emociones	h
558	tipo_entidad	h
558	origen_entidad	b
558	proposito	c
558	informacion_presentada	a
558	vision	d
558	consecuencias	c
558	que_muestra	d
558	intencion	a
558	localizacion_problema	c
558	involucrados	c
558	formalidad	a
558	nivel_educacion	b
558	tono	b
558	emociones	h
558	tipo_entidad	d
558	origen_entidad	b
558	proposito	d
558	informacion_presentada	a
558	vision	d
558	consecuencias	d
558	que_muestra	c
558	intencion	a
558	localizacion_problema	b
558	involucrados	f c
558	formalidad	a
558	nivel_educacion	b
558	tono	b
558	emociones	h
106	tipo_entidad	h
106	origen_entidad	b
106	proposito	d
106	informacion_presentada	a
106	vision	d
106	consecuencias	c
106	que_muestra	c
106	intencion	a
106	localizacion_problema	b
106	involucrados	f c d
106	formalidad	a
106	nivel_educacion	b
106	tono	b
106	emociones	h
106	tipo_entidad	h
106	origen_entidad	a
106	proposito	d
106	informacion_presentada	a
106	vision	d
106	consecuencias	c
106	que_muestra	c
106	intencion	b
106	localizacion_problema	b
106	involucrados	b g c f
106	formalidad	a
106	nivel_educacion	b
106	tono	b
106	emociones	h
106	tipo_entidad	h
106	origen_entidad	b
106	proposito	a b d
106	informacion_presentada	a
106	vision	d
106	consecuencias	c
106	que_muestra	c
106	intencion	b
106	localizacion_problema	c
106	involucrados	c
106	formalidad	a
106	nivel_educacion	b
106	tono	b
106	emociones	b
143	tipo_entidad	h
143	origen_entidad	b
143	proposito	d
143	informacion_presentada	a
143	vision	d
143	consecuencias	c
143	que_muestra	d
143	intencion	a
143	localizacion_problema	b
143	involucrados	e
143	formalidad	a
143	nivel_educacion	b
143	tono	b
143	emociones	h
143	tipo_entidad	h
143	origen_entidad	b
143	proposito	d
143	informacion_presentada	a
143	vision	d
143	consecuencias	c
143	que_muestra	c
143	intencion	a
143	localizacion_problema	b
143	involucrados	c
143	formalidad	a
143	nivel_educacion	b
143	tono	b
143	emociones	e
143	tipo_entidad	h
143	origen_entidad	b
143	proposito	d
143	informacion_presentada	a
143	vision	d
143	consecuencias	c
143	que_muestra	c
143	intencion	a
143	localizacion_problema	b
143	involucrados	b
143	formalidad	a
143	nivel_educacion	b
143	tono	b
143	emociones	h
362	tipo_entidad	h
362	origen_entidad	b
362	proposito	d
362	informacion_presentada	a
362	vision	d
362	consecuencias	c
362	que_muestra	d
362	intencion	a
362	localizacion_problema	c
362	involucrados	f
362	formalidad	a
362	nivel_educacion	b
362	tono	b
362	emociones	e
362	tipo_entidad	h
362	origen_entidad	a
362	proposito	d
362	informacion_presentada	a
362	vision	d
362	consecuencias	c
362	que_muestra	d
362	intencion	c
362	localizacion_problema	c
362	involucrados	c
362	formalidad	a
362	nivel_educacion	b
362	tono	b
362	emociones	h
362	tipo_entidad	h
362	origen_entidad	b
362	proposito	d
362	informacion_presentada	a
362	vision	d
362	consecuencias	c
362	que_muestra	b
362	intencion	b
362	localizacion_problema	c
362	involucrados	b
362	formalidad	a
362	nivel_educacion	b
362	tono	b
362	emociones	h
555	tipo_entidad	h
555	origen_entidad	b
555	proposito	d
555	informacion_presentada	a
555	vision	d
555	consecuencias	c
555	que_muestra	b
555	intencion	b
555	localizacion_problema	b
555	involucrados	c
555	formalidad	a
555	nivel_educacion	b
555	tono	a
555	emociones	c
555	tipo_entidad	h
555	origen_entidad	b
555	proposito	d
555	informacion_presentada	a
555	vision	d
555	consecuencias	c
555	que_muestra	c
555	intencion	a
555	localizacion_problema	b
555	involucrados	f e c
555	formalidad	a
555	nivel_educacion	b
555	tono	b
555	emociones	h
555	tipo_entidad	h
555	origen_entidad	b
555	proposito	d
555	informacion_presentada	a
555	vision	d
555	consecuencias	c
555	que_muestra	d
555	intencion	b
555	localizacion_problema	b
555	involucrados	b
555	formalidad	a
555	nivel_educacion	b
555	tono	b
555	emociones	g
344	tipo_entidad	h
344	origen_entidad	b
344	proposito	d
344	informacion_presentada	a
344	vision	a c b d
344	consecuencias	c
344	que_muestra	d
344	intencion	a
344	localizacion_problema	b
344	involucrados	f e c d
344	formalidad	a
344	nivel_educacion	b
344	tono	b
344	emociones	h
344	tipo_entidad	h
344	origen_entidad	b
344	proposito	d
344	informacion_presentada	a
344	vision	d
344	consecuencias	a
344	que_muestra	d
344	intencion	b
344	localizacion_problema	b
344	involucrados	a g c f
344	formalidad	a
344	nivel_educacion	b
344	tono	b
344	emociones	h
344	tipo_entidad	h
344	origen_entidad	b
344	proposito	d
344	informacion_presentada	a
344	vision	d
344	consecuencias	a
344	que_muestra	c
344	intencion	a
344	localizacion_problema	b
344	involucrados	c
344	formalidad	a
344	nivel_educacion	b
344	tono	a
344	emociones	h
76	tipo_entidad	b
76	origen_entidad	a
76	proposito	b
76	informacion_presentada	a
76	consecuencias	a
76	que_muestra	d
76	intencion	f
76	localizacion_problema	c
76	involucrados	d
76	formalidad	a
76	nivel_educacion	b
76	tono	a
76	emociones	h
76	tipo_entidad	b
76	origen_entidad	a
76	proposito	b
76	informacion_presentada	a
76	vision	d
76	consecuencias	a
76	que_muestra	b
76	intencion	e
76	localizacion_problema	c
76	involucrados	a
76	formalidad	a
76	nivel_educacion	b
76	tono	b
76	emociones	h
76	tipo_entidad	b
76	origen_entidad	a
76	proposito	e
76	informacion_presentada	a
76	consecuencias	a
76	intencion	e
76	localizacion_problema	b
76	involucrados	d
76	formalidad	a
76	nivel_educacion	b
76	tono	a
76	emociones	h
75	tipo_entidad	h
75	origen_entidad	b
75	proposito	d
75	informacion_presentada	a
75	vision	d
75	consecuencias	b
75	que_muestra	d
75	intencion	a
75	localizacion_problema	b
75	involucrados	a f e b
75	formalidad	a
75	nivel_educacion	b
75	tono	a
75	emociones	g
75	tipo_entidad	h
75	origen_entidad	b
75	proposito	d
75	informacion_presentada	a
75	vision	d
75	consecuencias	a
75	que_muestra	c
75	intencion	a
75	localizacion_problema	b
75	involucrados	b
75	formalidad	a
75	nivel_educacion	b
75	tono	b
75	emociones	g
75	tipo_entidad	h
75	origen_entidad	b
75	proposito	d
75	informacion_presentada	a
75	vision	d
75	consecuencias	c
75	que_muestra	c
75	intencion	a
75	localizacion_problema	b
75	involucrados	b
75	formalidad	a
75	nivel_educacion	b
75	tono	a
75	emociones	g
174	tipo_entidad	h
174	origen_entidad	a
174	proposito	c d
174	informacion_presentada	a
174	vision	d
174	consecuencias	a c b
174	que_muestra	c
174	intencion	a
174	localizacion_problema	a
174	involucrados	f e
174	formalidad	a
174	nivel_educacion	b
174	tono	b
174	emociones	e
174	tipo_entidad	h
174	origen_entidad	a
174	proposito	c d
174	informacion_presentada	a
174	vision	d
174	consecuencias	b
174	que_muestra	d
174	intencion	a
174	localizacion_problema	b
174	involucrados	a f
174	formalidad	a
174	nivel_educacion	b
174	tono	b
174	emociones	g
174	tipo_entidad	h
174	origen_entidad	b
174	proposito	d
174	informacion_presentada	a
174	vision	d
174	consecuencias	c
174	que_muestra	c
174	intencion	a
174	localizacion_problema	c
174	involucrados	e
174	formalidad	a
174	nivel_educacion	b
174	tono	b
174	emociones	h
448	tipo_entidad	b
448	origen_entidad	a
448	proposito	e
448	informacion_presentada	a
448	vision	d
448	consecuencias	b
448	que_muestra	a
448	intencion	a
448	localizacion_problema	c
448	involucrados	b
448	formalidad	a
448	nivel_educacion	b
448	tono	b
448	emociones	g a b c d
448	tipo_entidad	b
448	origen_entidad	b
448	proposito	e d
448	informacion_presentada	a
448	vision	d
448	consecuencias	a
448	que_muestra	d
448	intencion	b
448	localizacion_problema	c
448	involucrados	a f
448	formalidad	a
448	nivel_educacion	b
448	tono	b
448	emociones	h
448	tipo_entidad	b
448	origen_entidad	a
448	proposito	h d
448	informacion_presentada	a
448	vision	d
448	consecuencias	a
448	que_muestra	c
448	intencion	b
448	localizacion_problema	b
448	involucrados	a e c
448	formalidad	a
448	nivel_educacion	b
448	tono	a
448	emociones	h
534	tipo_entidad	h
534	origen_entidad	b
534	proposito	d
534	informacion_presentada	a
534	vision	a
534	consecuencias	a
534	que_muestra	c
534	intencion	c
534	localizacion_problema	b
534	involucrados	f g c
534	formalidad	a
534	nivel_educacion	b
534	tono	a
534	emociones	g
534	tipo_entidad	h
534	origen_entidad	a
534	proposito	d
534	informacion_presentada	a
534	vision	d
534	consecuencias	a
534	que_muestra	c
534	intencion	a
534	localizacion_problema	b
534	involucrados	f e d
534	formalidad	a
534	nivel_educacion	b
534	tono	a
534	emociones	g
534	tipo_entidad	h
534	origen_entidad	b
534	proposito	d
534	informacion_presentada	a
534	vision	d
534	consecuencias	a d
534	que_muestra	c
534	intencion	c
534	localizacion_problema	b
534	involucrados	f g e b c d
534	formalidad	a
534	nivel_educacion	b
534	tono	a
534	emociones	h
279	tipo_entidad	h
279	origen_entidad	b
279	proposito	d
279	informacion_presentada	a
279	vision	a
279	consecuencias	c
279	que_muestra	c
279	intencion	c
279	localizacion_problema	b
279	involucrados	e
279	formalidad	a
279	nivel_educacion	b
279	tono	a
279	emociones	h
279	tipo_entidad	h
279	origen_entidad	b
279	proposito	d
279	informacion_presentada	a
279	vision	a
279	consecuencias	a
279	que_muestra	c
279	intencion	c
279	localizacion_problema	b
279	involucrados	f e d
279	formalidad	a
279	nivel_educacion	b
279	tono	a
279	emociones	h
279	tipo_entidad	h
279	origen_entidad	b
279	proposito	d
279	informacion_presentada	a
279	vision	d
279	consecuencias	b
279	que_muestra	c
279	intencion	a
279	localizacion_problema	b
279	involucrados	a f h b
279	formalidad	a
279	nivel_educacion	b
279	tono	a
279	emociones	c
214	tipo_entidad	b
214	origen_entidad	a
214	proposito	h
214	informacion_presentada	a
214	vision	d
214	consecuencias	a
214	que_muestra	c
214	intencion	e
214	localizacion_problema	b
214	involucrados	a g b
214	formalidad	a
214	nivel_educacion	a
214	tono	a
214	emociones	h
214	tipo_entidad	b
214	origen_entidad	a
214	proposito	h
214	informacion_presentada	a
214	vision	d
214	consecuencias	a
214	que_muestra	c
214	intencion	e
214	localizacion_problema	b
214	involucrados	f e d
214	formalidad	a
214	nivel_educacion	b
214	tono	b
214	emociones	c
214	tipo_entidad	b
214	origen_entidad	a
214	proposito	h
214	informacion_presentada	a
214	vision	d
214	consecuencias	a
214	que_muestra	c
214	intencion	e
214	localizacion_problema	c
214	involucrados	f
214	formalidad	a
214	nivel_educacion	b
214	tono	a
214	emociones	g
67	tipo_entidad	a
67	origen_entidad	b
67	proposito	c
67	informacion_presentada	a
67	vision	d
67	consecuencias	c
67	que_muestra	b
67	intencion	a
67	localizacion_problema	b
67	involucrados	f c d
67	formalidad	a
67	nivel_educacion	b
67	tono	b
67	emociones	g
67	tipo_entidad	a
67	origen_entidad	a
67	proposito	c
67	informacion_presentada	a
67	vision	d
67	consecuencias	c
67	que_muestra	c
67	intencion	a
67	localizacion_problema	b
67	involucrados	a
67	formalidad	a
67	nivel_educacion	b
67	tono	b
67	emociones	f
67	tipo_entidad	a
67	origen_entidad	a
67	proposito	c
67	informacion_presentada	a
67	vision	d
67	consecuencias	c
67	que_muestra	b
67	intencion	a
67	localizacion_problema	b
67	involucrados	b
67	formalidad	a
67	nivel_educacion	b
67	tono	b
67	emociones	e
551	tipo_entidad	h
551	origen_entidad	b
551	proposito	d
551	informacion_presentada	a
551	vision	d
551	consecuencias	a
551	que_muestra	d
551	intencion	c
551	localizacion_problema	c
551	involucrados	c
551	formalidad	a
551	nivel_educacion	b
551	tono	b
551	emociones	h
551	tipo_entidad	h
551	origen_entidad	b
551	proposito	d
551	informacion_presentada	a
551	vision	d
551	consecuencias	a
551	que_muestra	c
551	intencion	c
551	localizacion_problema	b
551	involucrados	c
551	formalidad	a
551	nivel_educacion	b
551	tono	b
551	emociones	h
551	tipo_entidad	h
551	origen_entidad	b
551	proposito	d
551	informacion_presentada	a
551	vision	d
551	consecuencias	d
551	que_muestra	d
551	intencion	b
551	localizacion_problema	c
551	involucrados	f g e a b c
551	formalidad	a
551	nivel_educacion	b
551	tono	a
551	emociones	a
258	tipo_entidad	b
258	origen_entidad	a
258	proposito	h
258	informacion_presentada	a
258	vision	d
258	consecuencias	a
258	que_muestra	c
258	intencion	c
258	localizacion_problema	c
258	involucrados	e
258	formalidad	a
258	nivel_educacion	b
258	tono	a
258	emociones	h
258	tipo_entidad	b
258	origen_entidad	a
258	proposito	d
258	informacion_presentada	a
258	vision	d
258	consecuencias	c
258	que_muestra	c
258	intencion	c
258	localizacion_problema	c
258	involucrados	a f
258	formalidad	a
258	nivel_educacion	b
258	tono	a
258	emociones	h
258	tipo_entidad	b
258	origen_entidad	a
258	proposito	e
258	informacion_presentada	a
258	vision	d
258	consecuencias	d
258	que_muestra	c
258	intencion	c
258	localizacion_problema	c
258	involucrados	f e d
258	formalidad	a
258	nivel_educacion	b
258	tono	a
258	emociones	g
84	tipo_entidad	h
84	origen_entidad	a
84	proposito	b
84	informacion_presentada	a
84	vision	d
84	consecuencias	d
84	que_muestra	b
84	intencion	a
84	localizacion_problema	a
84	involucrados	f
84	formalidad	a
84	nivel_educacion	b
84	tono	b
84	emociones	c
84	tipo_entidad	h
84	origen_entidad	a
84	proposito	b
84	informacion_presentada	a
84	vision	d
84	consecuencias	a
84	que_muestra	b
84	intencion	a
84	localizacion_problema	c
84	involucrados	f g e d
84	formalidad	a
84	nivel_educacion	b
84	tono	b
84	emociones	h
84	tipo_entidad	h
84	origen_entidad	a
84	proposito	b
84	informacion_presentada	a
84	vision	d
84	consecuencias	c
84	que_muestra	b
84	intencion	a
84	localizacion_problema	a
84	involucrados	f e b c d
84	formalidad	a
84	nivel_educacion	b
84	tono	b
84	emociones	c
396	tipo_entidad	h
396	origen_entidad	b
396	proposito	d
396	informacion_presentada	a
396	vision	d
396	consecuencias	c
396	que_muestra	b
396	intencion	a
396	localizacion_problema	b
396	involucrados	c
396	formalidad	a
396	nivel_educacion	b
396	tono	b
396	emociones	e
396	tipo_entidad	h
396	origen_entidad	b
396	proposito	d
396	informacion_presentada	a
396	vision	d
396	consecuencias	b
396	que_muestra	c
396	intencion	b
396	localizacion_problema	b
396	involucrados	c
396	formalidad	a
396	nivel_educacion	b
396	tono	a
396	emociones	c
396	tipo_entidad	h
396	origen_entidad	b
396	proposito	d
396	informacion_presentada	a
396	vision	d
396	consecuencias	b
396	que_muestra	c
396	intencion	a
396	localizacion_problema	b
396	involucrados	c
396	formalidad	a
396	nivel_educacion	b
396	tono	a
396	emociones	h
14	tipo_entidad	b
14	origen_entidad	b
14	proposito	a h b
14	informacion_presentada	a
14	vision	d
14	consecuencias	a c
14	que_muestra	a
14	intencion	a e
14	localizacion_problema	b
14	involucrados	f e
14	formalidad	a
14	nivel_educacion	b
14	tono	a
14	emociones	h
14	tipo_entidad	b
14	origen_entidad	b
14	proposito	b h d
14	informacion_presentada	a
14	vision	d
14	consecuencias	a
14	que_muestra	a
14	intencion	a e b
14	localizacion_problema	b
14	involucrados	h e c d
14	formalidad	a
14	nivel_educacion	b
14	tono	a
14	emociones	f g c d
14	tipo_entidad	b
14	origen_entidad	b
14	proposito	h c d
14	informacion_presentada	a
14	vision	d
14	consecuencias	a
14	que_muestra	a
14	intencion	e
14	localizacion_problema	b
14	involucrados	e a b c h
14	formalidad	a
14	nivel_educacion	b
14	tono	a
14	emociones	a
304	tipo_entidad	h
304	origen_entidad	a
304	proposito	b
304	informacion_presentada	a
304	vision	d
304	consecuencias	a
304	que_muestra	d
304	intencion	d
304	localizacion_problema	c
304	involucrados	f e c
304	formalidad	a
304	nivel_educacion	b
304	tono	a
304	emociones	h
304	tipo_entidad	g
304	origen_entidad	a
304	proposito	b
304	informacion_presentada	a
304	vision	d
304	consecuencias	a
304	que_muestra	d
304	intencion	b
304	localizacion_problema	c
304	involucrados	c
304	formalidad	a
304	nivel_educacion	b
304	tono	b
304	emociones	h
304	tipo_entidad	h
304	origen_entidad	a
304	proposito	d
304	informacion_presentada	a
304	vision	d
304	consecuencias	a
304	que_muestra	b
304	intencion	a
304	localizacion_problema	b
304	involucrados	f c
304	formalidad	a
304	nivel_educacion	b
304	tono	b
304	emociones	f
145	tipo_entidad	h
145	origen_entidad	b
145	proposito	d
145	informacion_presentada	a
145	vision	a
145	consecuencias	c
145	que_muestra	c
145	intencion	a
145	localizacion_problema	b
145	involucrados	c
145	formalidad	a
145	nivel_educacion	b
145	tono	a
145	emociones	h
145	tipo_entidad	h
145	origen_entidad	b
145	proposito	d
145	informacion_presentada	a
145	vision	a
145	consecuencias	c
145	que_muestra	c
145	intencion	a
145	localizacion_problema	b
145	involucrados	a
145	formalidad	a
145	nivel_educacion	b
145	tono	b
145	emociones	h
145	tipo_entidad	h
145	origen_entidad	b
145	proposito	d
145	informacion_presentada	a
145	vision	a
145	consecuencias	c
145	que_muestra	c
145	intencion	a
145	localizacion_problema	b
145	involucrados	a e c f
145	formalidad	a
145	nivel_educacion	b
145	tono	b
145	emociones	g
409	tipo_entidad	b
409	origen_entidad	a
409	proposito	d
409	informacion_presentada	a
409	vision	d
409	consecuencias	c
409	que_muestra	c
409	intencion	b
409	localizacion_problema	a
409	involucrados	a
409	formalidad	a
409	nivel_educacion	a
409	tono	a
409	emociones	g
409	tipo_entidad	b
409	origen_entidad	a
409	proposito	d
409	informacion_presentada	a
409	vision	d
409	consecuencias	c
409	que_muestra	d
409	intencion	a
409	localizacion_problema	a
409	involucrados	b
409	formalidad	a
409	nivel_educacion	b
409	tono	b
409	emociones	a
409	tipo_entidad	b
409	origen_entidad	b
409	proposito	d
409	informacion_presentada	a
409	vision	d
409	consecuencias	c
409	que_muestra	b
409	intencion	b
409	localizacion_problema	a
409	involucrados	b
409	formalidad	a
409	nivel_educacion	b
409	tono	a
409	emociones	g
203	tipo_entidad	h
203	origen_entidad	b
203	proposito	d
203	informacion_presentada	a
203	vision	d
203	consecuencias	c
203	que_muestra	c
203	intencion	a
203	localizacion_problema	b
203	involucrados	f e c d h
203	formalidad	a
203	nivel_educacion	b
203	tono	b
203	emociones	h
203	tipo_entidad	h
203	origen_entidad	a
203	proposito	d
203	informacion_presentada	a
203	vision	d
203	consecuencias	c
203	que_muestra	c
203	intencion	b
203	localizacion_problema	c
203	involucrados	c
203	formalidad	a
203	nivel_educacion	b
203	tono	b
203	emociones	f
203	tipo_entidad	h
203	origen_entidad	b
203	proposito	d
203	informacion_presentada	a
203	vision	d
203	consecuencias	c
203	que_muestra	c
203	intencion	a
203	localizacion_problema	b
203	involucrados	e c
203	formalidad	a
203	nivel_educacion	b
203	tono	b
203	emociones	g
541	tipo_entidad	c
541	origen_entidad	b
541	proposito	d
541	informacion_presentada	a
541	vision	d
541	consecuencias	c
541	que_muestra	d
541	intencion	a
541	localizacion_problema	b
541	involucrados	a
541	formalidad	a
541	nivel_educacion	b
541	tono	a
541	emociones	a
541	tipo_entidad	b
541	origen_entidad	b
541	proposito	d
541	informacion_presentada	a
541	vision	d
541	consecuencias	d
541	que_muestra	d
541	intencion	a
541	localizacion_problema	b
541	involucrados	a
541	formalidad	a
541	nivel_educacion	b
541	tono	a
541	emociones	e
541	tipo_entidad	b
541	origen_entidad	b
541	proposito	d
541	informacion_presentada	a
541	vision	d
541	consecuencias	c
541	que_muestra	d
541	intencion	a
541	localizacion_problema	b
541	involucrados	c
541	formalidad	a
541	nivel_educacion	b
541	tono	a
541	emociones	a
190	tipo_entidad	h
190	origen_entidad	a
190	proposito	e d
190	informacion_presentada	a
190	vision	d
190	consecuencias	c
190	que_muestra	d
190	intencion	a
190	localizacion_problema	b
190	involucrados	f d
190	formalidad	a
190	nivel_educacion	b
190	tono	b
190	emociones	h
190	tipo_entidad	h
190	origen_entidad	b
190	proposito	e d
190	informacion_presentada	a
190	vision	d
190	consecuencias	c
190	que_muestra	d
190	intencion	a
190	localizacion_problema	b
190	involucrados	b
190	formalidad	a
190	nivel_educacion	b
190	tono	a
190	emociones	h
190	tipo_entidad	h
190	origen_entidad	a
190	proposito	d
190	informacion_presentada	a
190	vision	d
190	consecuencias	c
190	que_muestra	c
190	intencion	a
190	localizacion_problema	b
190	involucrados	f e d
190	formalidad	a
190	nivel_educacion	b
190	tono	b
190	emociones	h
284	tipo_entidad	b
284	origen_entidad	b
284	proposito	b
284	informacion_presentada	a
284	vision	d
284	consecuencias	a
284	que_muestra	d
284	intencion	c
284	localizacion_problema	c
284	involucrados	d
284	formalidad	a
284	nivel_educacion	b
284	tono	a
284	emociones	f
284	tipo_entidad	b
284	origen_entidad	a
284	proposito	d
284	informacion_presentada	a
284	vision	d
284	consecuencias	a
284	que_muestra	d
284	intencion	a
284	localizacion_problema	b
284	involucrados	c
284	formalidad	a
284	nivel_educacion	b
284	tono	b
284	emociones	h
284	tipo_entidad	b
284	origen_entidad	b
284	proposito	b
284	informacion_presentada	a
284	vision	d
284	consecuencias	a
284	que_muestra	d
284	intencion	e
284	localizacion_problema	b
284	involucrados	c
284	formalidad	a
284	nivel_educacion	b
284	tono	a
284	emociones	c
533	tipo_entidad	d
533	origen_entidad	a
533	proposito	d
533	informacion_presentada	a
533	vision	d
533	consecuencias	c
533	que_muestra	c
533	intencion	a
533	localizacion_problema	b
533	involucrados	f e
533	formalidad	a
533	nivel_educacion	b
533	tono	b
533	emociones	g
533	tipo_entidad	d
533	origen_entidad	b
533	proposito	d
533	informacion_presentada	a
533	vision	d
533	consecuencias	c
533	que_muestra	c
533	intencion	a
533	localizacion_problema	b
533	involucrados	a f b
533	formalidad	a
533	nivel_educacion	b
533	tono	b
533	emociones	h
533	tipo_entidad	d
533	origen_entidad	b
533	proposito	d
533	informacion_presentada	a
533	vision	a b d
533	consecuencias	c
533	que_muestra	c
533	intencion	b
533	localizacion_problema	b
533	involucrados	a f b d
533	formalidad	a
533	nivel_educacion	b
533	tono	b
533	emociones	e
552	tipo_entidad	h
552	origen_entidad	b
552	proposito	d
552	informacion_presentada	a
552	vision	d
552	consecuencias	a
552	que_muestra	b
552	intencion	b
552	localizacion_problema	b
552	involucrados	f d
552	formalidad	a
552	nivel_educacion	b
552	tono	b
552	emociones	h
552	tipo_entidad	h
552	origen_entidad	a
552	proposito	d
552	informacion_presentada	a
552	vision	b
552	consecuencias	a
552	que_muestra	c
552	intencion	a e c
552	localizacion_problema	b
552	involucrados	f d
552	formalidad	a
552	nivel_educacion	b
552	tono	b
552	emociones	g
552	tipo_entidad	h
552	origen_entidad	b
552	proposito	d
552	informacion_presentada	a
552	vision	d
552	consecuencias	a
552	que_muestra	d
552	intencion	b
552	localizacion_problema	b
552	involucrados	b
552	formalidad	a
552	nivel_educacion	b
552	tono	b
552	emociones	c
34	tipo_entidad	h
34	origen_entidad	b
34	proposito	d
34	informacion_presentada	a
34	vision	d
34	consecuencias	d
34	que_muestra	d
34	intencion	a
34	localizacion_problema	c
34	involucrados	d
34	formalidad	a
34	nivel_educacion	b
34	tono	b
34	emociones	h
34	tipo_entidad	h
34	origen_entidad	b
34	proposito	d
34	informacion_presentada	a
34	vision	d
34	consecuencias	c
34	que_muestra	d
34	intencion	c
34	localizacion_problema	c
34	involucrados	c
34	formalidad	a
34	nivel_educacion	b
34	tono	b
34	emociones	f g e a b c d h
34	tipo_entidad	h
34	origen_entidad	b
34	proposito	d
34	informacion_presentada	a
34	vision	d
34	consecuencias	c
34	que_muestra	a
34	intencion	a
34	localizacion_problema	c
34	involucrados	c
34	formalidad	a
34	nivel_educacion	b
34	tono	b
34	emociones	h
592	tipo_entidad	g
592	origen_entidad	a
592	proposito	f
592	informacion_presentada	a
592	consecuencias	c
592	que_muestra	d
592	intencion	e
592	localizacion_problema	c
592	involucrados	e
592	formalidad	a
592	nivel_educacion	b
592	tono	b
592	emociones	g
592	tipo_entidad	d
592	origen_entidad	b
592	proposito	f
592	informacion_presentada	a
592	vision	d
592	consecuencias	c
592	que_muestra	d
592	intencion	a
592	localizacion_problema	b
592	involucrados	f d
592	formalidad	a
592	nivel_educacion	b
592	tono	b
592	emociones	e
592	tipo_entidad	h
592	origen_entidad	a
592	proposito	b
592	informacion_presentada	a
592	vision	d
592	consecuencias	c
592	que_muestra	d
592	intencion	e
592	localizacion_problema	c
592	involucrados	b
592	formalidad	a
592	nivel_educacion	b
592	tono	b
592	emociones	h
438	tipo_entidad	h
438	origen_entidad	b
438	proposito	d
438	informacion_presentada	a
438	vision	a
438	consecuencias	c
438	que_muestra	c
438	intencion	c
438	localizacion_problema	b
438	involucrados	c
438	formalidad	a
438	nivel_educacion	b
438	tono	b
438	emociones	a
438	tipo_entidad	h
438	origen_entidad	b
438	proposito	d
438	informacion_presentada	a
438	vision	d
438	consecuencias	c
438	que_muestra	d
438	intencion	a
438	localizacion_problema	b
438	involucrados	a e b
438	formalidad	a
438	nivel_educacion	b
438	tono	a
438	emociones	a
438	tipo_entidad	h
438	origen_entidad	b
438	proposito	d
438	informacion_presentada	a
438	vision	a
438	consecuencias	c
438	que_muestra	d
438	intencion	a
438	localizacion_problema	b
438	involucrados	b
438	formalidad	a
438	nivel_educacion	b
438	tono	a
438	emociones	g
82	tipo_entidad	h
82	origen_entidad	b
82	proposito	d
82	informacion_presentada	a
82	vision	d
82	consecuencias	b
82	que_muestra	d
82	intencion	c
82	localizacion_problema	c
82	involucrados	c
82	formalidad	a
82	nivel_educacion	b
82	tono	b
82	emociones	h
82	tipo_entidad	h
82	origen_entidad	b
82	proposito	d
82	informacion_presentada	a
82	vision	d
82	consecuencias	b
82	que_muestra	d
82	intencion	c
82	localizacion_problema	b
82	involucrados	c
82	formalidad	a
82	nivel_educacion	b
82	tono	a
82	emociones	h
82	tipo_entidad	h
82	origen_entidad	b
82	proposito	d
82	informacion_presentada	a
82	vision	d
82	consecuencias	a
82	que_muestra	d
82	intencion	c
82	localizacion_problema	c
82	involucrados	c
82	formalidad	a
82	nivel_educacion	b
82	tono	b
82	emociones	h
282	tipo_entidad	h
282	origen_entidad	b
282	proposito	d
282	informacion_presentada	a
282	vision	d
282	consecuencias	c
282	que_muestra	d
282	intencion	a
282	localizacion_problema	b
282	involucrados	c
282	formalidad	a
282	nivel_educacion	b
282	tono	a
282	emociones	g
282	tipo_entidad	h
282	origen_entidad	b
282	proposito	d
282	informacion_presentada	a
282	vision	d
282	consecuencias	c
282	que_muestra	d
282	intencion	a
282	localizacion_problema	c
282	involucrados	c
282	formalidad	a
282	nivel_educacion	b
282	tono	b
282	emociones	a
282	tipo_entidad	h
282	origen_entidad	b
282	proposito	d
282	informacion_presentada	a
282	vision	d
282	consecuencias	c
282	que_muestra	d
282	intencion	b
282	localizacion_problema	b
282	involucrados	c
282	formalidad	a
282	nivel_educacion	b
282	tono	b
282	emociones	h
498	tipo_entidad	h
498	origen_entidad	b
498	proposito	d
498	informacion_presentada	a
498	vision	d
498	consecuencias	c
498	que_muestra	c
498	intencion	a
498	localizacion_problema	c
498	involucrados	b
498	formalidad	a
498	nivel_educacion	b
498	tono	b
498	emociones	h
498	tipo_entidad	h
498	origen_entidad	b
498	proposito	d
498	informacion_presentada	a
498	vision	d
498	consecuencias	c
498	que_muestra	c
498	intencion	a
498	localizacion_problema	b
498	involucrados	b
498	formalidad	a
498	nivel_educacion	b
498	tono	b
498	emociones	a
498	tipo_entidad	h
498	origen_entidad	b
498	proposito	d
498	informacion_presentada	a
498	vision	d
498	consecuencias	c
498	que_muestra	c
498	intencion	a
498	localizacion_problema	c
498	involucrados	e
498	formalidad	a
498	nivel_educacion	b
498	tono	b
498	emociones	h
261	tipo_entidad	b
261	origen_entidad	b
261	proposito	h c d
261	informacion_presentada	a
261	vision	d
261	consecuencias	d
261	que_muestra	c
261	intencion	e
261	localizacion_problema	c
261	involucrados	e
261	formalidad	a
261	nivel_educacion	b
261	tono	a
261	emociones	e
261	tipo_entidad	b
261	origen_entidad	a
261	proposito	i g e d
261	informacion_presentada	a
261	vision	d
261	consecuencias	c
261	que_muestra	c
261	intencion	c
261	localizacion_problema	b
261	involucrados	b g d
261	formalidad	a
261	nivel_educacion	b
261	tono	a
261	emociones	d
261	tipo_entidad	b
261	origen_entidad	b
261	proposito	d
261	informacion_presentada	a
261	vision	d
261	consecuencias	d
261	que_muestra	c
261	intencion	b
261	localizacion_problema	a
261	involucrados	c
261	formalidad	a
261	nivel_educacion	b
261	tono	a
261	emociones	f
218	tipo_entidad	h
218	origen_entidad	b
218	proposito	d
218	informacion_presentada	a
218	vision	d
218	consecuencias	c
218	que_muestra	c
218	intencion	e
218	localizacion_problema	c
218	involucrados	c
218	formalidad	a
218	nivel_educacion	b
218	tono	b
218	emociones	h
218	tipo_entidad	h
218	origen_entidad	b
218	proposito	d
218	informacion_presentada	a
218	vision	d
218	consecuencias	c
218	que_muestra	d
218	intencion	a
218	localizacion_problema	c
218	involucrados	f c
218	formalidad	a
218	nivel_educacion	b
218	tono	b
218	emociones	h
218	tipo_entidad	h
218	origen_entidad	b
218	proposito	d
218	informacion_presentada	a
218	vision	d
218	consecuencias	c
218	que_muestra	d
218	intencion	a
218	localizacion_problema	b
218	involucrados	a
218	formalidad	a
218	nivel_educacion	b
218	tono	b
218	emociones	h
298	tipo_entidad	a
298	origen_entidad	b
298	proposito	d
298	informacion_presentada	a
298	vision	d
298	consecuencias	d
298	que_muestra	c
298	intencion	b
298	localizacion_problema	c
298	involucrados	b c
298	formalidad	a
298	nivel_educacion	b
298	tono	b
298	emociones	h
298	tipo_entidad	a
298	origen_entidad	b
298	proposito	d
298	informacion_presentada	a
298	vision	d
298	consecuencias	c
298	que_muestra	b
298	intencion	a
298	localizacion_problema	b
298	involucrados	b
298	formalidad	a
298	nivel_educacion	b
298	tono	b
298	emociones	f
298	tipo_entidad	a
298	origen_entidad	b
298	proposito	d
298	informacion_presentada	a
298	vision	d
298	consecuencias	c
298	que_muestra	d
298	intencion	a
298	localizacion_problema	b
298	involucrados	b
298	formalidad	a
298	nivel_educacion	b
298	tono	b
298	emociones	f
310	tipo_entidad	h
310	origen_entidad	b
310	proposito	d
310	informacion_presentada	a
310	vision	d
310	consecuencias	a
310	que_muestra	d
310	intencion	b
310	localizacion_problema	b
310	involucrados	b
310	formalidad	a
310	nivel_educacion	b
310	tono	b
310	emociones	h
310	tipo_entidad	h
310	origen_entidad	b
310	proposito	d
310	informacion_presentada	a
310	vision	d
310	consecuencias	a
310	que_muestra	c
310	intencion	b
310	localizacion_problema	b
310	involucrados	c
310	formalidad	a
310	nivel_educacion	b
310	tono	b
310	emociones	h
310	tipo_entidad	h
310	origen_entidad	b
310	proposito	d
310	informacion_presentada	a
310	vision	d
310	consecuencias	a
310	que_muestra	d
310	intencion	b
310	localizacion_problema	b
310	involucrados	c
310	formalidad	a
310	nivel_educacion	b
310	tono	b
310	emociones	h
206	tipo_entidad	h
206	origen_entidad	a
206	proposito	d
206	informacion_presentada	a
206	vision	d
206	consecuencias	c
206	que_muestra	d
206	intencion	c
206	localizacion_problema	b
206	involucrados	f e c
206	formalidad	a
206	nivel_educacion	b
206	tono	b
206	emociones	h
206	tipo_entidad	h
206	origen_entidad	a
206	proposito	d
206	informacion_presentada	a
206	vision	d
206	consecuencias	c
206	que_muestra	c
206	intencion	a
206	localizacion_problema	c
206	involucrados	f e c
206	formalidad	a
206	nivel_educacion	b
206	tono	b
206	emociones	g
206	tipo_entidad	h
206	origen_entidad	b
206	proposito	d
206	informacion_presentada	a
206	vision	d
206	consecuencias	c
206	que_muestra	d
206	intencion	c
206	localizacion_problema	b
206	involucrados	a
206	formalidad	a
206	nivel_educacion	b
206	tono	b
206	emociones	c
20	tipo_entidad	b
20	origen_entidad	b
20	proposito	g e a b c d i h
20	informacion_presentada	a
20	vision	d
20	consecuencias	c
20	que_muestra	a
20	intencion	a
20	localizacion_problema	b
20	involucrados	c
20	formalidad	a
20	nivel_educacion	b
20	tono	b
20	emociones	h
20	tipo_entidad	h
20	origen_entidad	b
20	proposito	d
20	informacion_presentada	a
20	vision	d
20	consecuencias	c
20	que_muestra	c
20	intencion	a
20	localizacion_problema	c
20	involucrados	b e f
20	formalidad	a
20	nivel_educacion	b
20	tono	b
20	emociones	a
20	tipo_entidad	h
20	origen_entidad	b
20	proposito	d
20	informacion_presentada	a
20	vision	d
20	consecuencias	c
20	que_muestra	c
20	intencion	a
20	localizacion_problema	b
20	involucrados	e
20	formalidad	a
20	nivel_educacion	b
20	tono	b
20	emociones	e
536	tipo_entidad	b
536	origen_entidad	b
536	proposito	d
536	informacion_presentada	a
536	vision	d
536	consecuencias	c
536	que_muestra	c
536	intencion	a
536	localizacion_problema	b
536	involucrados	f e
536	formalidad	a
536	nivel_educacion	b
536	tono	a
536	emociones	h
536	tipo_entidad	h
536	origen_entidad	b
536	proposito	d
536	informacion_presentada	a
536	vision	d
536	consecuencias	b
536	que_muestra	d
536	intencion	a c d
536	localizacion_problema	b
536	involucrados	c
536	formalidad	a
536	nivel_educacion	b
536	tono	a
536	emociones	h
536	tipo_entidad	h
536	origen_entidad	b
536	proposito	a h d
536	informacion_presentada	a
536	vision	d
536	consecuencias	c
536	que_muestra	a
536	intencion	a
536	localizacion_problema	b
536	involucrados	f e
536	formalidad	a
536	nivel_educacion	b
536	tono	b
536	emociones	d
485	tipo_entidad	b
485	origen_entidad	a
485	proposito	d
485	informacion_presentada	a
485	vision	d
485	consecuencias	c
485	que_muestra	d
485	intencion	c
485	localizacion_problema	a
485	involucrados	c
485	formalidad	a
485	nivel_educacion	b
485	tono	a
485	emociones	h
485	tipo_entidad	b
485	origen_entidad	a
485	proposito	d
485	informacion_presentada	a
485	vision	d
485	consecuencias	d
485	que_muestra	c
485	intencion	a
485	localizacion_problema	a
485	involucrados	f e d
485	formalidad	a
485	nivel_educacion	b
485	tono	b
485	emociones	h
485	tipo_entidad	b
485	origen_entidad	a
485	proposito	b
485	informacion_presentada	a
485	vision	d
485	consecuencias	a
485	que_muestra	b
485	intencion	a
485	localizacion_problema	a
485	involucrados	a f b
485	formalidad	a
485	nivel_educacion	b
485	tono	b
485	emociones	g
388	tipo_entidad	a
388	origen_entidad	b
388	proposito	d
388	informacion_presentada	a
388	vision	d
388	consecuencias	c
388	que_muestra	b
388	intencion	a
388	localizacion_problema	b
388	involucrados	b c f d
388	formalidad	a
388	nivel_educacion	b
388	tono	b
388	emociones	h
388	tipo_entidad	a
388	origen_entidad	a
388	proposito	d
388	informacion_presentada	a
388	vision	d
388	consecuencias	c
388	que_muestra	d
388	intencion	b
388	localizacion_problema	b
388	involucrados	c
388	formalidad	a
388	nivel_educacion	b
388	tono	b
388	emociones	h
388	tipo_entidad	a
388	origen_entidad	a
388	proposito	b
388	informacion_presentada	a
388	vision	d
388	consecuencias	c
388	que_muestra	b
388	intencion	a
388	localizacion_problema	b
388	involucrados	a c f
388	formalidad	a
388	nivel_educacion	b
388	tono	b
388	emociones	h
429	tipo_entidad	b
429	origen_entidad	a
429	proposito	d
429	informacion_presentada	a
429	vision	d
429	consecuencias	a
429	que_muestra	c
429	intencion	a
429	localizacion_problema	b
429	involucrados	a f b
429	formalidad	a
429	nivel_educacion	b
429	tono	b
429	emociones	c
429	tipo_entidad	b
429	origen_entidad	b
429	proposito	d
429	informacion_presentada	a
429	vision	d
429	consecuencias	a
429	que_muestra	c
429	intencion	a
429	localizacion_problema	b
429	involucrados	b e f d
429	formalidad	a
429	nivel_educacion	b
429	tono	a
429	emociones	h
429	tipo_entidad	b
429	origen_entidad	b
429	proposito	d
429	informacion_presentada	a
429	vision	d
429	consecuencias	a
429	que_muestra	c
429	intencion	a
429	localizacion_problema	b
429	involucrados	a f b
429	formalidad	a
429	nivel_educacion	b
429	tono	a
429	emociones	f
510	tipo_entidad	d
510	origen_entidad	b
510	proposito	d
510	informacion_presentada	a
510	vision	d
510	consecuencias	a
510	que_muestra	d
510	intencion	a
510	localizacion_problema	b
510	involucrados	b
510	formalidad	a
510	nivel_educacion	b
510	tono	b
510	emociones	h
510	tipo_entidad	h
510	origen_entidad	b
510	proposito	d
510	informacion_presentada	a
510	vision	d
510	consecuencias	c
510	que_muestra	c
510	intencion	d
510	localizacion_problema	c
510	involucrados	c
510	formalidad	a
510	nivel_educacion	b
510	tono	b
510	emociones	h
510	tipo_entidad	d
510	origen_entidad	b
510	proposito	d
510	informacion_presentada	a
510	vision	d
510	consecuencias	a
510	que_muestra	d
510	intencion	e
510	localizacion_problema	b
510	involucrados	f e c
510	formalidad	a
510	nivel_educacion	b
510	tono	b
510	emociones	h
185	tipo_entidad	a
185	origen_entidad	b
185	proposito	d
185	informacion_presentada	a
185	vision	d
185	consecuencias	c
185	que_muestra	d
185	intencion	a
185	localizacion_problema	c
185	involucrados	f c d
185	formalidad	a
185	nivel_educacion	b
185	tono	a
185	emociones	f g e a b c d h
185	tipo_entidad	a
185	origen_entidad	b
185	proposito	a
185	informacion_presentada	a
185	vision	d
185	consecuencias	c
185	que_muestra	d
185	intencion	b
185	localizacion_problema	c
185	involucrados	c
185	formalidad	a
185	nivel_educacion	a
185	tono	b
185	emociones	a
185	tipo_entidad	a
185	origen_entidad	b
185	proposito	g a b d i h
185	informacion_presentada	a
185	vision	d
185	consecuencias	a c
185	que_muestra	c
185	intencion	a
185	localizacion_problema	c
185	involucrados	a
185	formalidad	a
185	nivel_educacion	b
185	tono	b
185	emociones	h
569	tipo_entidad	h
569	origen_entidad	b
569	proposito	d
569	informacion_presentada	a
569	vision	d
569	consecuencias	a
569	que_muestra	c
569	intencion	a
569	localizacion_problema	b
569	involucrados	c
569	formalidad	a
569	nivel_educacion	b
569	tono	b
569	emociones	h
569	tipo_entidad	h
569	origen_entidad	b
569	proposito	d
569	informacion_presentada	a
569	vision	d
569	consecuencias	c
569	que_muestra	c
569	intencion	c
569	localizacion_problema	c
569	involucrados	b
569	formalidad	a
569	nivel_educacion	b
569	tono	a
569	emociones	h
569	tipo_entidad	h
569	origen_entidad	b
569	proposito	d
569	informacion_presentada	a
569	vision	d
569	consecuencias	c
569	que_muestra	c
569	intencion	e
569	localizacion_problema	c
569	involucrados	b
569	formalidad	a
569	nivel_educacion	b
569	tono	a
569	emociones	e
499	tipo_entidad	h
499	origen_entidad	b
499	proposito	d
499	informacion_presentada	a
499	vision	d
499	consecuencias	c
499	que_muestra	c
499	intencion	c
499	localizacion_problema	b
499	involucrados	d
499	formalidad	a
499	nivel_educacion	b
499	tono	a
499	emociones	e
499	tipo_entidad	h
499	origen_entidad	b
499	proposito	d
499	informacion_presentada	a
499	vision	d
499	consecuencias	d
499	que_muestra	c
499	intencion	a
499	localizacion_problema	b
499	involucrados	a
499	formalidad	a
499	nivel_educacion	b
499	tono	b
499	emociones	e
499	tipo_entidad	h
499	origen_entidad	b
499	proposito	d
499	informacion_presentada	a
499	vision	d
499	consecuencias	c
499	que_muestra	c
499	intencion	c
499	localizacion_problema	b
499	involucrados	a g b
499	formalidad	a
499	nivel_educacion	b
499	tono	b
499	emociones	h
92	tipo_entidad	h
92	origen_entidad	b
92	proposito	c
92	informacion_presentada	a
92	vision	d
92	consecuencias	c
92	que_muestra	d
92	intencion	a
92	localizacion_problema	b
92	involucrados	b
92	formalidad	a
92	nivel_educacion	b
92	tono	b
92	emociones	h
92	tipo_entidad	h
92	origen_entidad	b
92	proposito	c
92	informacion_presentada	a
92	vision	d
92	consecuencias	c
92	que_muestra	d
92	intencion	a
92	localizacion_problema	b
92	involucrados	a f
92	formalidad	a
92	nivel_educacion	b
92	tono	b
92	emociones	c
92	tipo_entidad	h
92	origen_entidad	b
92	proposito	c
92	informacion_presentada	a
92	vision	d
92	consecuencias	c
92	que_muestra	d
92	intencion	a
92	localizacion_problema	b
92	involucrados	d
92	formalidad	a
92	nivel_educacion	b
92	tono	b
92	emociones	h
302	tipo_entidad	h
302	origen_entidad	b
302	proposito	d
302	informacion_presentada	a
302	vision	d
302	consecuencias	c
302	que_muestra	c
302	intencion	b
302	localizacion_problema	b
302	involucrados	d
302	formalidad	a
302	nivel_educacion	b
302	tono	a
302	emociones	h
302	tipo_entidad	h
302	origen_entidad	b
302	proposito	d
302	informacion_presentada	a
302	vision	d
302	consecuencias	d
302	que_muestra	c
302	intencion	c
302	localizacion_problema	b
302	involucrados	f e b c h
302	formalidad	a
302	nivel_educacion	b
302	tono	b
302	emociones	h
302	tipo_entidad	h
302	origen_entidad	b
302	proposito	d
302	informacion_presentada	a
302	vision	d
302	consecuencias	d
302	que_muestra	c
302	intencion	b
302	localizacion_problema	b
302	involucrados	c
302	formalidad	a
302	nivel_educacion	b
302	tono	a
302	emociones	h
465	tipo_entidad	h
465	origen_entidad	b
465	proposito	d
465	informacion_presentada	a
465	vision	d
465	consecuencias	c
465	que_muestra	c
465	intencion	c
465	localizacion_problema	b
465	involucrados	c
465	formalidad	a
465	nivel_educacion	b
465	tono	b
465	emociones	e c h
465	tipo_entidad	b
465	origen_entidad	b
465	proposito	d
465	informacion_presentada	a
465	vision	d
465	consecuencias	c
465	que_muestra	c
465	intencion	c
465	localizacion_problema	b
465	involucrados	c
465	formalidad	a
465	nivel_educacion	b
465	tono	a
465	emociones	h
465	tipo_entidad	h
465	origen_entidad	b
465	proposito	d
465	informacion_presentada	a
465	vision	d
465	consecuencias	c
465	que_muestra	c
465	intencion	c
465	localizacion_problema	b
465	involucrados	e d
465	formalidad	a
465	nivel_educacion	b
465	tono	a
465	emociones	e
11	tipo_entidad	h
11	origen_entidad	b
11	proposito	h e c d
11	informacion_presentada	a
11	vision	d
11	consecuencias	c
11	que_muestra	c
11	intencion	a
11	localizacion_problema	b
11	involucrados	a g c f
11	formalidad	a
11	nivel_educacion	b
11	tono	a
11	emociones	h
11	tipo_entidad	h
11	origen_entidad	b
11	proposito	d
11	informacion_presentada	a
11	vision	d
11	consecuencias	a
11	que_muestra	d
11	intencion	a
11	localizacion_problema	b
11	involucrados	b e c f
11	formalidad	a
11	nivel_educacion	b
11	tono	a
11	emociones	e
11	tipo_entidad	h
11	origen_entidad	b
11	proposito	a h d
11	informacion_presentada	a
11	vision	d
11	consecuencias	a
11	que_muestra	c
11	intencion	c
11	localizacion_problema	b
11	involucrados	f e c d
11	formalidad	a
11	nivel_educacion	b
11	tono	a
11	emociones	d
141	tipo_entidad	h
141	origen_entidad	b
141	proposito	d
141	informacion_presentada	a
141	vision	d
141	consecuencias	a
141	que_muestra	c
141	intencion	c
141	localizacion_problema	b
141	involucrados	b
141	formalidad	a
141	nivel_educacion	b
141	tono	a
141	emociones	h
141	tipo_entidad	h
141	origen_entidad	b
141	proposito	d
141	informacion_presentada	a
141	vision	d
141	consecuencias	a c
141	que_muestra	c
141	intencion	b
141	localizacion_problema	b
141	involucrados	f g e d
141	formalidad	a
141	nivel_educacion	b
141	tono	a
141	emociones	h
141	tipo_entidad	h
141	origen_entidad	a
141	proposito	d
141	informacion_presentada	a
141	vision	d
141	consecuencias	a c b
141	que_muestra	d
141	intencion	a
141	localizacion_problema	b
141	involucrados	f g e c d
141	formalidad	a
141	nivel_educacion	b
141	tono	a
141	emociones	a
546	tipo_entidad	h
546	origen_entidad	b
546	proposito	c
546	informacion_presentada	a
546	vision	d
546	consecuencias	c
546	que_muestra	d
546	intencion	a
546	localizacion_problema	c
546	involucrados	d
546	formalidad	a
546	nivel_educacion	b
546	tono	b
546	emociones	h
546	tipo_entidad	h
546	origen_entidad	b
546	proposito	d
546	informacion_presentada	a
546	vision	d
546	consecuencias	c
546	que_muestra	d
546	intencion	a
546	localizacion_problema	b
546	involucrados	a e c
546	formalidad	a
546	nivel_educacion	b
546	tono	b
546	emociones	h
546	tipo_entidad	h
546	origen_entidad	b
546	proposito	c
546	informacion_presentada	a
546	vision	d
546	consecuencias	c
546	que_muestra	d
546	intencion	a
546	localizacion_problema	c
546	involucrados	b
546	formalidad	a
546	nivel_educacion	b
546	tono	b
546	emociones	g
172	tipo_entidad	h
172	origen_entidad	b
172	proposito	d
172	informacion_presentada	a
172	vision	d
172	consecuencias	c
172	que_muestra	c
172	intencion	a
172	localizacion_problema	b
172	formalidad	a
172	nivel_educacion	b
172	tono	b
172	tipo_entidad	h
172	origen_entidad	b
172	proposito	d
172	informacion_presentada	a
172	vision	d
172	consecuencias	c
172	que_muestra	c
172	intencion	a
172	localizacion_problema	b
172	formalidad	a
172	nivel_educacion	b
172	tono	a
172	emociones	e
172	tipo_entidad	h
172	origen_entidad	b
172	proposito	d
172	informacion_presentada	a
172	vision	d
172	consecuencias	c
172	que_muestra	d
172	intencion	a
172	localizacion_problema	b
172	formalidad	a
172	nivel_educacion	b
172	tono	b
172	emociones	h
221	tipo_entidad	b
221	origen_entidad	a
221	proposito	a b d
221	informacion_presentada	a
221	vision	d
221	consecuencias	d
221	que_muestra	d
221	intencion	c
221	localizacion_problema	c
221	involucrados	c
221	formalidad	a
221	nivel_educacion	b
221	tono	a
221	emociones	h
221	tipo_entidad	b
221	origen_entidad	b
221	proposito	d
221	informacion_presentada	a
221	vision	d
221	consecuencias	d
221	que_muestra	d
221	intencion	c
221	localizacion_problema	c
221	involucrados	c
221	formalidad	a
221	nivel_educacion	b
221	tono	a
221	emociones	h
221	tipo_entidad	b
221	origen_entidad	a
221	proposito	d
221	informacion_presentada	a
221	vision	d
221	consecuencias	d
221	que_muestra	d
221	intencion	f
221	localizacion_problema	b
221	involucrados	a
221	formalidad	a
221	nivel_educacion	b
221	tono	b
221	emociones	h
331	tipo_entidad	h
331	origen_entidad	b
331	proposito	d
331	informacion_presentada	a
331	vision	d
331	consecuencias	a
331	que_muestra	c
331	intencion	a
331	localizacion_problema	b
331	involucrados	f e c
331	formalidad	a
331	nivel_educacion	b
331	tono	a
331	emociones	f g e a b c d h
331	tipo_entidad	h
331	origen_entidad	b
331	proposito	d
331	informacion_presentada	a
331	vision	d
331	consecuencias	a
331	que_muestra	d
331	intencion	a
331	localizacion_problema	b
331	involucrados	b e c
331	formalidad	a
331	nivel_educacion	b
331	tono	a
331	emociones	h
331	tipo_entidad	h
331	origen_entidad	b
331	proposito	d
331	informacion_presentada	a
331	vision	d
331	consecuencias	a
331	que_muestra	c
331	intencion	b
331	localizacion_problema	b
331	involucrados	f e c
331	formalidad	a
331	nivel_educacion	b
331	tono	b
331	emociones	g
242	tipo_entidad	b
242	origen_entidad	a
242	proposito	d
242	informacion_presentada	a
242	vision	d
242	consecuencias	d
242	que_muestra	c
242	intencion	e
242	localizacion_problema	b
242	involucrados	a e
242	formalidad	a
242	nivel_educacion	b
242	tono	a
242	emociones	h
242	tipo_entidad	b
242	origen_entidad	a
242	proposito	b i h
242	informacion_presentada	a
242	vision	d
242	consecuencias	d
242	que_muestra	d
242	intencion	e
242	localizacion_problema	c
242	involucrados	f e c
242	formalidad	a
242	nivel_educacion	b
242	tono	a
242	emociones	f
242	tipo_entidad	b
242	origen_entidad	a
242	proposito	d
242	informacion_presentada	a
242	vision	d
242	consecuencias	c
242	que_muestra	d
242	intencion	e
242	localizacion_problema	b
242	involucrados	f c
242	formalidad	a
242	nivel_educacion	b
242	tono	a
242	emociones	h
557	tipo_entidad	h
557	origen_entidad	a
557	proposito	d
557	informacion_presentada	a
557	vision	d
557	consecuencias	a
557	que_muestra	a
557	intencion	c
557	localizacion_problema	b
557	involucrados	a f e b
557	formalidad	a
557	nivel_educacion	b
557	tono	b
557	emociones	g
557	tipo_entidad	h
557	origen_entidad	a
557	proposito	d
557	informacion_presentada	a
557	vision	d
557	consecuencias	a b
557	que_muestra	c
557	intencion	c
557	localizacion_problema	c
557	involucrados	a
557	formalidad	a
557	nivel_educacion	a
557	tono	b
557	emociones	h
557	tipo_entidad	b
557	origen_entidad	a
557	proposito	a
557	informacion_presentada	a
557	vision	d
557	consecuencias	a
557	que_muestra	c
557	intencion	a
557	localizacion_problema	c
557	involucrados	e
557	formalidad	a
557	nivel_educacion	b
557	tono	b
557	emociones	h
515	tipo_entidad	h
515	origen_entidad	b
515	proposito	d
515	informacion_presentada	a
515	vision	d
515	consecuencias	a
515	que_muestra	c
515	intencion	c
515	localizacion_problema	b
515	involucrados	c
515	formalidad	a
515	nivel_educacion	b
515	tono	a
515	emociones	d
515	tipo_entidad	h
515	origen_entidad	b
515	proposito	d
515	informacion_presentada	a
515	vision	d
515	consecuencias	a
515	que_muestra	c
515	intencion	b
515	localizacion_problema	c
515	involucrados	e c
515	formalidad	a
515	nivel_educacion	b
515	tono	b
515	emociones	h
515	tipo_entidad	h
515	origen_entidad	b
515	proposito	d
515	informacion_presentada	a
515	vision	d
515	consecuencias	a
515	que_muestra	c
515	intencion	c
515	localizacion_problema	b
515	involucrados	c
515	formalidad	a
515	nivel_educacion	b
515	tono	a
515	emociones	h
85	tipo_entidad	h
85	origen_entidad	b
85	proposito	d
85	informacion_presentada	a
85	vision	d
85	consecuencias	c
85	que_muestra	d
85	intencion	c
85	localizacion_problema	c
85	involucrados	c
85	formalidad	a
85	nivel_educacion	b
85	tono	b
85	emociones	h
85	tipo_entidad	h
85	origen_entidad	b
85	proposito	d
85	informacion_presentada	a
85	vision	d
85	consecuencias	c
85	que_muestra	d
85	intencion	a
85	localizacion_problema	c
85	involucrados	c
85	formalidad	a
85	nivel_educacion	b
85	tono	b
85	emociones	h
85	tipo_entidad	h
85	origen_entidad	b
85	proposito	c
85	informacion_presentada	a
85	vision	d
85	consecuencias	c
85	que_muestra	d
85	intencion	a
85	localizacion_problema	b
85	involucrados	a
85	formalidad	a
85	nivel_educacion	b
85	tono	b
85	emociones	h
330	tipo_entidad	a
330	origen_entidad	b
330	proposito	d
330	informacion_presentada	a
330	vision	d
330	consecuencias	c
330	que_muestra	a
330	intencion	c
330	localizacion_problema	b
330	involucrados	g e c
330	formalidad	a
330	nivel_educacion	b
330	tono	a
330	emociones	h
330	tipo_entidad	a
330	origen_entidad	b
330	proposito	d
330	informacion_presentada	a
330	vision	d
330	consecuencias	c
330	que_muestra	c
330	intencion	c
330	localizacion_problema	b
330	involucrados	a h c b
330	formalidad	a
330	nivel_educacion	b
330	tono	b
330	emociones	e
330	tipo_entidad	a
330	origen_entidad	b
330	proposito	d
330	informacion_presentada	a
330	vision	d
330	consecuencias	c
330	que_muestra	c
330	intencion	c
330	localizacion_problema	b
330	involucrados	c
330	formalidad	a
330	nivel_educacion	b
330	tono	a
330	emociones	h
550	tipo_entidad	b
550	origen_entidad	b
550	proposito	d
550	informacion_presentada	a
550	vision	d
550	consecuencias	a
550	que_muestra	c
550	intencion	b
550	localizacion_problema	c
550	involucrados	a e f
550	formalidad	a
550	nivel_educacion	b
550	tono	a
550	emociones	h
550	tipo_entidad	b
550	origen_entidad	b
550	proposito	d
550	informacion_presentada	a
550	vision	d
550	consecuencias	a
550	que_muestra	d
550	intencion	c
550	localizacion_problema	c
550	involucrados	a g
550	formalidad	a
550	nivel_educacion	b
550	tono	a
550	emociones	g
550	tipo_entidad	h
550	origen_entidad	b
550	proposito	d
550	informacion_presentada	a
550	vision	d
550	consecuencias	a
550	que_muestra	d
550	intencion	b
550	localizacion_problema	b
550	involucrados	b
550	formalidad	a
550	nivel_educacion	b
550	tono	b
550	emociones	g
319	tipo_entidad	b
319	origen_entidad	a
319	proposito	h
319	informacion_presentada	a
319	vision	d
319	consecuencias	a
319	que_muestra	c
319	intencion	b
319	localizacion_problema	b
319	involucrados	a
319	formalidad	a
319	nivel_educacion	b
319	tono	a
319	emociones	g
319	tipo_entidad	b
319	origen_entidad	b
319	proposito	d
319	informacion_presentada	a
319	vision	d
319	consecuencias	a
319	que_muestra	c
319	intencion	e
319	localizacion_problema	c
319	involucrados	b
319	formalidad	a
319	nivel_educacion	b
319	tono	a
319	emociones	h
319	tipo_entidad	b
319	origen_entidad	a
319	proposito	h
319	informacion_presentada	a
319	vision	d
319	consecuencias	a
319	que_muestra	a
319	intencion	c
319	localizacion_problema	b
319	involucrados	b
319	formalidad	a
319	nivel_educacion	b
319	tono	a
319	emociones	h
538	tipo_entidad	a
538	origen_entidad	b
538	proposito	d
538	informacion_presentada	a
538	vision	d
538	consecuencias	d
538	que_muestra	d
538	intencion	f
538	localizacion_problema	b
538	involucrados	c
538	formalidad	a
538	nivel_educacion	b
538	tono	a
538	emociones	g
538	tipo_entidad	h
538	origen_entidad	b
538	proposito	d
538	informacion_presentada	a
538	vision	d
538	consecuencias	d
538	que_muestra	c
538	intencion	f
538	localizacion_problema	b
538	involucrados	c
538	formalidad	a
538	nivel_educacion	b
538	tono	a
538	emociones	h
538	tipo_entidad	h
538	origen_entidad	b
538	proposito	d
538	informacion_presentada	a
538	vision	d
538	consecuencias	d
538	que_muestra	d
538	intencion	b
538	localizacion_problema	b
538	involucrados	c
538	formalidad	a
538	nivel_educacion	b
538	tono	a
538	emociones	h
561	tipo_entidad	h
561	origen_entidad	b
561	proposito	b
561	informacion_presentada	a
561	vision	d
561	consecuencias	c
561	que_muestra	d
561	intencion	a
561	localizacion_problema	b
561	involucrados	b
561	formalidad	a
561	nivel_educacion	b
561	tono	b
561	emociones	h
561	tipo_entidad	h
561	origen_entidad	b
561	proposito	d
561	informacion_presentada	a
561	vision	d
561	consecuencias	c
561	que_muestra	c
561	intencion	b
561	localizacion_problema	a
561	involucrados	c
561	formalidad	a
561	nivel_educacion	b
561	tono	b
561	emociones	g
561	tipo_entidad	h
561	origen_entidad	b
561	proposito	d
561	informacion_presentada	a
561	vision	d
561	consecuencias	c
561	que_muestra	c
561	intencion	a
561	localizacion_problema	b
561	involucrados	f e c
561	formalidad	a
561	nivel_educacion	b
561	tono	b
561	emociones	g
80	tipo_entidad	h
80	origen_entidad	b
80	proposito	d
80	informacion_presentada	a
80	vision	d
80	consecuencias	c
80	que_muestra	d
80	intencion	b
80	localizacion_problema	b
80	involucrados	c
80	formalidad	a
80	nivel_educacion	b
80	tono	b
80	emociones	e
80	tipo_entidad	h
80	origen_entidad	b
80	proposito	d
80	informacion_presentada	a
80	vision	d
80	consecuencias	c
80	que_muestra	c
80	intencion	a
80	localizacion_problema	b
80	involucrados	b f
80	formalidad	a
80	nivel_educacion	b
80	tono	b
80	emociones	a
80	tipo_entidad	h
80	origen_entidad	b
80	proposito	d
80	informacion_presentada	a
80	vision	d
80	consecuencias	c
80	que_muestra	c
80	intencion	b
80	localizacion_problema	c
80	involucrados	c
80	formalidad	a
80	nivel_educacion	b
80	tono	a
80	emociones	a
5	tipo_entidad	h
5	origen_entidad	b
5	proposito	d
5	informacion_presentada	a
5	vision	d
5	consecuencias	c
5	que_muestra	c
5	intencion	a
5	localizacion_problema	b
5	involucrados	f g e c d
5	formalidad	a
5	nivel_educacion	b
5	tono	b
5	emociones	g
5	tipo_entidad	g
5	origen_entidad	b
5	proposito	d
5	informacion_presentada	a
5	vision	d
5	consecuencias	c
5	que_muestra	c
5	intencion	b
5	localizacion_problema	c
5	involucrados	f g e c
5	formalidad	a
5	nivel_educacion	b
5	tono	b
5	emociones	g
5	tipo_entidad	c
5	origen_entidad	b
5	proposito	c d
5	informacion_presentada	a
5	vision	d
5	consecuencias	c
5	que_muestra	c
5	intencion	a
5	localizacion_problema	b
5	involucrados	f g e c
5	formalidad	a
5	nivel_educacion	b
5	tono	a
5	emociones	e
586	tipo_entidad	b
586	origen_entidad	b
586	proposito	d
586	informacion_presentada	a
586	vision	d
586	consecuencias	a
586	que_muestra	d
586	intencion	c
586	localizacion_problema	b
586	involucrados	b g e c
586	formalidad	a
586	nivel_educacion	b
586	tono	a
586	emociones	e
586	tipo_entidad	b
586	origen_entidad	b
586	proposito	d
586	informacion_presentada	a
586	vision	d
586	consecuencias	a
586	que_muestra	d
586	intencion	b
586	localizacion_problema	b
586	involucrados	b e c
586	formalidad	a
586	nivel_educacion	b
586	tono	b
586	emociones	h
586	tipo_entidad	b
586	origen_entidad	b
586	proposito	d
586	informacion_presentada	a
586	vision	d
586	consecuencias	a
586	que_muestra	d
586	intencion	a
586	localizacion_problema	b
586	involucrados	b c
586	formalidad	a
586	nivel_educacion	b
586	tono	b
586	emociones	h
234	tipo_entidad	h
234	origen_entidad	b
234	proposito	d
234	informacion_presentada	a
234	vision	d
234	consecuencias	c
234	que_muestra	c
234	intencion	a
234	localizacion_problema	c
234	involucrados	f g c
234	formalidad	a
234	nivel_educacion	b
234	tono	b
234	emociones	h
234	tipo_entidad	h
234	origen_entidad	b
234	proposito	d
234	informacion_presentada	a
234	vision	d
234	consecuencias	c
234	que_muestra	c
234	intencion	b
234	localizacion_problema	b
234	involucrados	c
234	formalidad	a
234	nivel_educacion	b
234	tono	b
234	emociones	h
234	tipo_entidad	h
234	origen_entidad	b
234	proposito	d
234	informacion_presentada	a
234	vision	d
234	consecuencias	c
234	que_muestra	c
234	intencion	a
234	localizacion_problema	b
234	involucrados	c
234	formalidad	a
234	nivel_educacion	b
234	tono	b
234	emociones	h
339	tipo_entidad	h
339	origen_entidad	b
339	proposito	d
339	informacion_presentada	a
339	vision	d
339	consecuencias	c
339	que_muestra	c
339	intencion	a
339	localizacion_problema	b
339	involucrados	f g e d
339	formalidad	a
339	nivel_educacion	b
339	tono	b
339	emociones	h
339	tipo_entidad	h
339	origen_entidad	b
339	proposito	d
339	informacion_presentada	a
339	vision	d
339	consecuencias	c
339	que_muestra	c
339	intencion	e
339	localizacion_problema	b
339	involucrados	f e c d
339	formalidad	a
339	nivel_educacion	b
339	tono	b
339	emociones	e
339	tipo_entidad	h
339	origen_entidad	b
339	proposito	d
339	informacion_presentada	a
339	vision	d
339	consecuencias	c
339	que_muestra	c
339	intencion	c
339	localizacion_problema	b
339	involucrados	a f g b
339	formalidad	a
339	nivel_educacion	b
339	tono	b
339	emociones	f
408	tipo_entidad	h
408	origen_entidad	b
408	proposito	c
408	informacion_presentada	a
408	vision	d
408	consecuencias	c
408	que_muestra	c
408	intencion	a
408	localizacion_problema	a
408	involucrados	f e c d
408	formalidad	a
408	nivel_educacion	c
408	tono	b
408	emociones	g
408	tipo_entidad	h
408	origen_entidad	b
408	proposito	b c d
408	informacion_presentada	a
408	vision	d
408	consecuencias	c
408	que_muestra	c
408	intencion	a
408	localizacion_problema	b
408	involucrados	a g f
408	formalidad	a
408	nivel_educacion	c
408	tono	b
408	emociones	a
408	tipo_entidad	h
408	origen_entidad	b
408	proposito	a h d
408	informacion_presentada	a
408	vision	d
408	consecuencias	a
408	que_muestra	a
408	intencion	a
408	localizacion_problema	b
408	involucrados	a c f
408	formalidad	a
408	nivel_educacion	b
408	tono	b
408	emociones	b
577	tipo_entidad	b
577	origen_entidad	b
577	proposito	d
577	informacion_presentada	a
577	vision	d
577	consecuencias	a
577	que_muestra	d
577	intencion	a
577	localizacion_problema	b
577	involucrados	f
577	formalidad	a
577	nivel_educacion	b
577	tono	a
577	emociones	h
577	tipo_entidad	b
577	origen_entidad	b
577	proposito	d
577	informacion_presentada	a
577	vision	d
577	consecuencias	a
577	que_muestra	d
577	intencion	b
577	localizacion_problema	c
577	involucrados	b g f d
577	formalidad	a
577	nivel_educacion	b
577	tono	a
577	emociones	f
577	tipo_entidad	b
577	origen_entidad	b
577	proposito	d
577	informacion_presentada	a
577	vision	d
577	consecuencias	d
577	que_muestra	d
577	intencion	a
577	localizacion_problema	b
577	involucrados	c
577	formalidad	a
577	nivel_educacion	b
577	tono	a
577	emociones	h
483	tipo_entidad	a
483	origen_entidad	b
483	proposito	c
483	informacion_presentada	a
483	vision	a
483	consecuencias	c
483	que_muestra	c
483	intencion	a
483	localizacion_problema	b
483	involucrados	a g b
483	formalidad	a
483	nivel_educacion	b
483	tono	b
483	emociones	h
483	tipo_entidad	a
483	origen_entidad	a
483	proposito	c
483	informacion_presentada	a
483	vision	a
483	consecuencias	c
483	que_muestra	b
483	intencion	a
483	localizacion_problema	a
483	involucrados	a f d
483	formalidad	a
483	nivel_educacion	b
483	tono	b
483	emociones	e
483	tipo_entidad	a
483	origen_entidad	b
483	proposito	c
483	informacion_presentada	a
483	vision	a
483	consecuencias	c
483	que_muestra	b
483	intencion	a
483	localizacion_problema	b
483	involucrados	b
483	formalidad	a
483	nivel_educacion	b
483	tono	b
483	emociones	g
368	tipo_entidad	h
368	origen_entidad	b
368	proposito	b
368	informacion_presentada	a
368	vision	d
368	consecuencias	c
368	que_muestra	d
368	intencion	e
368	localizacion_problema	c
368	involucrados	c
368	formalidad	a
368	nivel_educacion	b
368	tono	b
368	emociones	h
368	tipo_entidad	h
368	origen_entidad	b
368	proposito	b
368	informacion_presentada	a
368	vision	d
368	consecuencias	c
368	que_muestra	d
368	intencion	c
368	localizacion_problema	c
368	involucrados	e
368	formalidad	a
368	nivel_educacion	b
368	tono	b
368	emociones	g
368	tipo_entidad	h
368	origen_entidad	b
368	proposito	d
368	informacion_presentada	a
368	vision	d
368	consecuencias	c
368	que_muestra	d
368	intencion	b
368	localizacion_problema	c
368	involucrados	c
368	formalidad	a
368	nivel_educacion	b
368	tono	b
368	emociones	g
476	tipo_entidad	h
476	origen_entidad	b
476	proposito	i h d
476	informacion_presentada	a
476	vision	d
476	consecuencias	d
476	que_muestra	c
476	intencion	a
476	localizacion_problema	b
476	involucrados	f d
476	formalidad	a
476	nivel_educacion	b
476	tono	b
476	emociones	h
476	tipo_entidad	h
476	origen_entidad	b
476	proposito	g d
476	informacion_presentada	a
476	vision	d
476	consecuencias	a
476	que_muestra	c
476	intencion	a
476	localizacion_problema	b
476	involucrados	e c d
476	formalidad	a
476	nivel_educacion	b
476	tono	a
476	emociones	h
476	tipo_entidad	h
476	origen_entidad	a
476	proposito	g d
476	informacion_presentada	a
476	vision	d
476	consecuencias	c
476	que_muestra	d
476	intencion	a
476	localizacion_problema	b
476	involucrados	g e
476	formalidad	a
476	nivel_educacion	b
476	tono	b
476	emociones	g
150	tipo_entidad	b
150	origen_entidad	a
150	proposito	d
150	informacion_presentada	a
150	vision	d
150	consecuencias	a
150	que_muestra	d
150	intencion	b
150	localizacion_problema	c
150	involucrados	f e d
150	formalidad	a
150	nivel_educacion	b
150	tono	a
150	emociones	h
150	tipo_entidad	b
150	origen_entidad	a
150	proposito	d
150	informacion_presentada	a
150	vision	d
150	consecuencias	d
150	que_muestra	c
150	intencion	b
150	localizacion_problema	c
150	involucrados	e
150	formalidad	a
150	nivel_educacion	b
150	tono	a
150	emociones	h
150	tipo_entidad	b
150	origen_entidad	a
150	proposito	d
150	informacion_presentada	a
150	vision	d
150	consecuencias	a
150	que_muestra	d
150	intencion	b
150	localizacion_problema	b
150	involucrados	f e d
150	formalidad	a
150	nivel_educacion	b
150	tono	a
150	emociones	g
537	tipo_entidad	b
537	origen_entidad	a
537	proposito	d
537	informacion_presentada	a
537	vision	d
537	consecuencias	a
537	que_muestra	c
537	intencion	c
537	localizacion_problema	b
537	involucrados	a
537	formalidad	a
537	nivel_educacion	b
537	tono	a
537	emociones	h
537	tipo_entidad	b
537	origen_entidad	b
537	proposito	d
537	informacion_presentada	a
537	vision	a b d
537	consecuencias	b
537	que_muestra	c
537	intencion	b
537	localizacion_problema	b
537	involucrados	b
537	formalidad	a
537	nivel_educacion	b
537	tono	a
537	emociones	h
537	tipo_entidad	b
537	origen_entidad	b
537	proposito	d
537	informacion_presentada	a
537	vision	d
537	consecuencias	c
537	que_muestra	c
537	intencion	c
537	localizacion_problema	c
537	involucrados	f
537	formalidad	a
537	nivel_educacion	b
537	tono	b
537	emociones	g
229	tipo_entidad	h
229	origen_entidad	b
229	proposito	d
229	informacion_presentada	a
229	vision	d
229	consecuencias	c
229	que_muestra	c
229	intencion	a
229	localizacion_problema	b
229	involucrados	c
229	formalidad	a
229	nivel_educacion	b
229	tono	a
229	emociones	h
229	tipo_entidad	h
229	origen_entidad	b
229	proposito	d
229	informacion_presentada	a
229	vision	d
229	consecuencias	d
229	que_muestra	d
229	intencion	a
229	localizacion_problema	b
229	involucrados	c
229	formalidad	a
229	nivel_educacion	b
229	tono	a
229	emociones	g
229	tipo_entidad	h
229	origen_entidad	b
229	proposito	d
229	informacion_presentada	a
229	vision	d
229	consecuencias	c
229	que_muestra	c
229	intencion	b
229	localizacion_problema	b
229	involucrados	b
229	formalidad	a
229	nivel_educacion	b
229	tono	b
229	emociones	h
365	tipo_entidad	h
365	origen_entidad	b
365	proposito	d
365	informacion_presentada	a
365	vision	d
365	consecuencias	d
365	que_muestra	d
365	intencion	b
365	localizacion_problema	c
365	involucrados	c
365	formalidad	a
365	nivel_educacion	b
365	tono	b
365	emociones	h
365	tipo_entidad	h
365	origen_entidad	b
365	proposito	d
365	informacion_presentada	a
365	vision	d
365	consecuencias	d
365	que_muestra	d
365	intencion	c
365	localizacion_problema	c
365	involucrados	b
365	formalidad	a
365	nivel_educacion	b
365	tono	a
365	emociones	h
365	tipo_entidad	h
365	origen_entidad	b
365	proposito	d
365	informacion_presentada	a
365	vision	d
365	consecuencias	d
365	que_muestra	d
365	intencion	c
365	localizacion_problema	c
365	involucrados	c
365	formalidad	a
365	nivel_educacion	b
365	tono	a
365	emociones	g
110	tipo_entidad	h
110	origen_entidad	b
110	proposito	d
110	informacion_presentada	a
110	vision	d
110	consecuencias	c
110	que_muestra	c
110	intencion	a
110	localizacion_problema	b
110	involucrados	f d
110	formalidad	a
110	nivel_educacion	b
110	tono	b
110	emociones	h
110	tipo_entidad	h
110	origen_entidad	b
110	proposito	d
110	informacion_presentada	a
110	vision	d
110	consecuencias	c
110	que_muestra	c
110	intencion	a
110	localizacion_problema	b
110	involucrados	a c f
110	formalidad	a
110	nivel_educacion	b
110	tono	b
110	emociones	g
110	tipo_entidad	h
110	origen_entidad	b
110	proposito	d
110	informacion_presentada	a
110	vision	d
110	consecuencias	c
110	que_muestra	c
110	intencion	a
110	localizacion_problema	b
110	involucrados	b e c d
110	formalidad	a
110	nivel_educacion	b
110	tono	b
110	emociones	e
562	tipo_entidad	h
562	origen_entidad	b
562	proposito	d
562	informacion_presentada	a
562	vision	d
562	consecuencias	c
562	que_muestra	d
562	intencion	a
562	localizacion_problema	b
562	involucrados	c
562	formalidad	a
562	nivel_educacion	b
562	tono	b
562	emociones	g
562	tipo_entidad	h
562	origen_entidad	b
562	proposito	c
562	informacion_presentada	a
562	vision	d
562	consecuencias	c
562	que_muestra	d
562	intencion	a
562	localizacion_problema	b
562	involucrados	a f b
562	formalidad	a
562	nivel_educacion	b
562	tono	b
562	emociones	h
562	tipo_entidad	h
562	origen_entidad	b
562	proposito	c d
562	informacion_presentada	a
562	vision	d
562	consecuencias	c
562	que_muestra	d
562	intencion	a
562	localizacion_problema	b
562	involucrados	b
562	formalidad	a
562	nivel_educacion	b
562	tono	b
562	emociones	g
7	tipo_entidad	b
7	origen_entidad	a
7	proposito	d
7	informacion_presentada	a
7	vision	d
7	consecuencias	a
7	que_muestra	b
7	intencion	a
7	localizacion_problema	b
7	involucrados	b
7	formalidad	a
7	nivel_educacion	b
7	tono	b
7	emociones	h
7	tipo_entidad	b
7	origen_entidad	a
7	proposito	b
7	informacion_presentada	a
7	vision	d
7	consecuencias	a
7	que_muestra	b
7	intencion	b
7	localizacion_problema	b
7	involucrados	b
7	formalidad	a
7	nivel_educacion	b
7	tono	a
7	emociones	f
7	tipo_entidad	b
7	origen_entidad	a
7	proposito	d
7	informacion_presentada	a
7	vision	d
7	consecuencias	a
7	que_muestra	d
7	intencion	a
7	localizacion_problema	b
7	involucrados	e
7	formalidad	a
7	nivel_educacion	b
7	tono	a
7	emociones	h
402	tipo_entidad	b
402	origen_entidad	a
402	proposito	g d
402	informacion_presentada	a
402	vision	a
402	consecuencias	c
402	que_muestra	c
402	intencion	c
402	localizacion_problema	b
402	involucrados	f
402	formalidad	a
402	nivel_educacion	d
402	tono	a
402	emociones	h
402	tipo_entidad	b
402	origen_entidad	a
402	proposito	d
402	informacion_presentada	a
402	vision	d
402	consecuencias	c
402	que_muestra	c
402	intencion	a
402	localizacion_problema	b
402	involucrados	f h
402	formalidad	a
402	nivel_educacion	a
402	tono	a
402	emociones	g e
402	tipo_entidad	b
402	origen_entidad	a
402	proposito	d
402	informacion_presentada	a
402	vision	d
402	consecuencias	c
402	que_muestra	c
402	intencion	a
402	localizacion_problema	b
402	involucrados	a g e f
402	formalidad	a
402	nivel_educacion	b
402	tono	b
402	emociones	g
180	tipo_entidad	h
180	origen_entidad	b
180	proposito	e c d
180	informacion_presentada	a
180	vision	d
180	consecuencias	c
180	que_muestra	d
180	intencion	a
180	localizacion_problema	b
180	involucrados	c
180	formalidad	a
180	nivel_educacion	b
180	tono	b
180	emociones	h
180	tipo_entidad	h
180	origen_entidad	b
180	proposito	d
180	informacion_presentada	a
180	vision	d
180	consecuencias	c
180	que_muestra	c
180	intencion	e
180	localizacion_problema	c
180	involucrados	g e c d
180	formalidad	a
180	nivel_educacion	b
180	tono	b
180	emociones	g
180	tipo_entidad	h
180	origen_entidad	b
180	proposito	c
180	informacion_presentada	a
180	vision	d
180	consecuencias	c
180	que_muestra	c
180	intencion	a
180	localizacion_problema	a
180	involucrados	f e c d
180	formalidad	a
180	nivel_educacion	b
180	tono	b
180	emociones	h
270	tipo_entidad	b
270	origen_entidad	b
270	proposito	d
270	informacion_presentada	a
270	vision	d
270	consecuencias	a
270	que_muestra	a
270	intencion	a
270	localizacion_problema	b
270	involucrados	a f h b
270	formalidad	a
270	nivel_educacion	b
270	tono	b
270	emociones	h
270	tipo_entidad	b
270	origen_entidad	b
270	proposito	d
270	informacion_presentada	a
270	vision	d
270	consecuencias	a
270	que_muestra	d
270	intencion	b
270	localizacion_problema	b
270	involucrados	a
270	formalidad	a
270	nivel_educacion	b
270	tono	a
270	emociones	g
270	tipo_entidad	b
270	origen_entidad	b
270	proposito	d
270	informacion_presentada	a
270	vision	d
270	consecuencias	a
270	que_muestra	a
270	intencion	e
270	localizacion_problema	b
270	involucrados	e d
270	formalidad	a
270	nivel_educacion	b
270	tono	a
270	emociones	h
416	tipo_entidad	b
416	origen_entidad	b
416	proposito	d
416	informacion_presentada	a
416	vision	a
416	consecuencias	c
416	que_muestra	c
416	intencion	a
416	localizacion_problema	b
416	involucrados	b f
416	formalidad	a
416	nivel_educacion	b
416	tono	b
416	emociones	h
416	tipo_entidad	b
416	origen_entidad	b
416	proposito	c d
416	informacion_presentada	a
416	vision	a
416	consecuencias	c
416	que_muestra	c
416	intencion	a
416	localizacion_problema	b
416	involucrados	f e
416	formalidad	a
416	nivel_educacion	b
416	tono	b
416	emociones	c
416	tipo_entidad	b
416	origen_entidad	a
416	proposito	g d
416	informacion_presentada	a
416	vision	a
416	consecuencias	c
416	que_muestra	c
416	intencion	a
416	localizacion_problema	a
416	involucrados	f e c
416	formalidad	a
416	nivel_educacion	b
416	tono	b
416	emociones	h
107	tipo_entidad	h
107	origen_entidad	b
107	proposito	e
107	informacion_presentada	a
107	vision	d
107	consecuencias	c
107	que_muestra	d
107	intencion	a
107	localizacion_problema	b
107	involucrados	e c
107	formalidad	a
107	nivel_educacion	b
107	tono	b
107	emociones	h
107	tipo_entidad	h
107	origen_entidad	b
107	proposito	d
107	informacion_presentada	a
107	vision	d
107	consecuencias	c
107	que_muestra	d
107	intencion	b
107	localizacion_problema	c
107	involucrados	c
107	formalidad	a
107	nivel_educacion	b
107	tono	b
107	emociones	h
107	tipo_entidad	h
107	origen_entidad	b
107	proposito	d
107	informacion_presentada	a b
107	vision	d
107	consecuencias	a c b
107	que_muestra	d
107	intencion	a
107	localizacion_problema	a
107	involucrados	c
107	formalidad	a
107	nivel_educacion	b
107	tono	b
107	emociones	h
357	tipo_entidad	h
357	origen_entidad	b
357	proposito	d
357	informacion_presentada	a
357	vision	d
357	consecuencias	d
357	que_muestra	c
357	intencion	a
357	localizacion_problema	c
357	involucrados	e
357	formalidad	a
357	nivel_educacion	b
357	tono	b
357	emociones	b
357	tipo_entidad	h
357	origen_entidad	b
357	proposito	d
357	informacion_presentada	a
357	vision	d
357	consecuencias	c
357	que_muestra	d
357	intencion	a
357	localizacion_problema	c
357	involucrados	a c b
357	formalidad	a
357	nivel_educacion	b
357	tono	b
357	emociones	f a b c d
357	tipo_entidad	h
357	origen_entidad	b
357	proposito	d
357	informacion_presentada	a
357	vision	d
357	consecuencias	c
357	que_muestra	b
357	intencion	b
357	localizacion_problema	c
357	involucrados	f
357	formalidad	a
357	nivel_educacion	b
357	tono	b
357	emociones	h
49	tipo_entidad	b
49	origen_entidad	a
49	proposito	d
49	informacion_presentada	a
49	vision	c
49	consecuencias	d
49	que_muestra	c
49	intencion	b
49	localizacion_problema	c
49	involucrados	f e
49	formalidad	a
49	nivel_educacion	b
49	tono	b
49	emociones	a h c
49	tipo_entidad	b
49	origen_entidad	a
49	proposito	d
49	informacion_presentada	a
49	vision	d
49	consecuencias	d
49	que_muestra	c
49	intencion	b
49	localizacion_problema	c
49	involucrados	b
49	formalidad	a
49	nivel_educacion	b
49	tono	a
49	emociones	h
49	tipo_entidad	b
49	origen_entidad	a
49	proposito	d
49	informacion_presentada	a
49	vision	d
49	consecuencias	d
49	que_muestra	a
49	intencion	a
49	localizacion_problema	b
49	involucrados	b
49	formalidad	a
49	nivel_educacion	b
49	tono	a
49	emociones	h
513	tipo_entidad	h
513	origen_entidad	b
513	proposito	d
513	informacion_presentada	a
513	vision	d
513	que_muestra	c
513	intencion	a
513	localizacion_problema	c
513	involucrados	f c
513	formalidad	a
513	nivel_educacion	b
513	tono	b
513	emociones	h
513	tipo_entidad	h
513	origen_entidad	b
513	proposito	c
513	informacion_presentada	a
513	vision	d
513	consecuencias	d
513	que_muestra	b
513	intencion	b
513	localizacion_problema	c
513	involucrados	c
513	formalidad	a
513	nivel_educacion	b
513	tono	b
513	emociones	g
513	tipo_entidad	h
513	origen_entidad	b
513	proposito	d
513	informacion_presentada	a
513	vision	d
513	consecuencias	c
513	que_muestra	d
513	intencion	b
513	localizacion_problema	b
513	involucrados	f e c
513	formalidad	a
513	nivel_educacion	b
513	tono	b
513	emociones	e
165	tipo_entidad	b
165	origen_entidad	a
165	proposito	d
165	informacion_presentada	a
165	vision	d
165	consecuencias	a
165	que_muestra	a
165	intencion	a
165	localizacion_problema	b
165	involucrados	a f b
165	formalidad	a
165	nivel_educacion	b
165	tono	a
165	emociones	e
165	tipo_entidad	b
165	origen_entidad	a
165	proposito	d
165	informacion_presentada	a
165	vision	d
165	consecuencias	c
165	que_muestra	c
165	intencion	a
165	localizacion_problema	c
165	involucrados	e
165	formalidad	a
165	nivel_educacion	b
165	tono	a
165	emociones	h
165	tipo_entidad	b
165	origen_entidad	a
165	proposito	d
165	informacion_presentada	a
165	vision	d
165	consecuencias	a
165	que_muestra	c
165	intencion	c
165	localizacion_problema	b
165	involucrados	e
165	formalidad	a
165	nivel_educacion	b
165	tono	a
165	emociones	h
140	tipo_entidad	h
140	origen_entidad	b
140	proposito	d
140	informacion_presentada	a
140	vision	d
140	consecuencias	a
140	que_muestra	a
140	intencion	a
140	localizacion_problema	b
140	involucrados	c
140	formalidad	a
140	nivel_educacion	b
140	tono	a
140	emociones	h
140	tipo_entidad	h
140	origen_entidad	b
140	proposito	d
140	informacion_presentada	a
140	vision	d
140	consecuencias	d
140	que_muestra	c
140	intencion	c
140	localizacion_problema	c
140	involucrados	c
140	formalidad	a
140	nivel_educacion	b
140	tono	a
140	emociones	a
140	tipo_entidad	h
140	origen_entidad	b
140	proposito	d
140	informacion_presentada	a
140	vision	d
140	consecuencias	c
140	que_muestra	d
140	intencion	c
140	localizacion_problema	b
140	involucrados	c
140	formalidad	a
140	nivel_educacion	b
140	tono	a
140	emociones	h
384	tipo_entidad	b
384	origen_entidad	b
384	proposito	d
384	informacion_presentada	a
384	vision	d
384	consecuencias	c
384	que_muestra	c
384	intencion	c
384	localizacion_problema	c
384	involucrados	c
384	formalidad	a
384	nivel_educacion	b
384	tono	b
384	emociones	h
384	tipo_entidad	b
384	origen_entidad	b
384	proposito	d
384	informacion_presentada	a
384	vision	d
384	consecuencias	c
384	que_muestra	d
384	intencion	c
384	localizacion_problema	b
384	involucrados	c
384	formalidad	a
384	nivel_educacion	b
384	tono	b
384	emociones	h
384	tipo_entidad	b
384	origen_entidad	b
384	proposito	d
384	informacion_presentada	a
384	vision	d
384	consecuencias	c
384	que_muestra	d
384	intencion	c
384	localizacion_problema	b
384	involucrados	g
384	formalidad	a
384	nivel_educacion	b
384	tono	b
384	emociones	h
123	tipo_entidad	b
123	origen_entidad	b
123	proposito	b
123	informacion_presentada	a
123	vision	d
123	consecuencias	c
123	que_muestra	c
123	intencion	a
123	localizacion_problema	b
123	involucrados	f e c d
123	formalidad	a
123	nivel_educacion	b
123	tono	a
123	emociones	f
123	tipo_entidad	b
123	origen_entidad	b
123	proposito	b
123	informacion_presentada	a
123	vision	d
123	consecuencias	c
123	que_muestra	c
123	intencion	c
123	localizacion_problema	b
123	involucrados	c
123	formalidad	a
123	nivel_educacion	b
123	tono	a
123	emociones	a
123	tipo_entidad	b
123	origen_entidad	a
123	proposito	d
123	informacion_presentada	a
123	vision	d
123	consecuencias	b
123	que_muestra	c
123	intencion	c
123	localizacion_problema	a
123	involucrados	b g e f
123	formalidad	a
123	nivel_educacion	b
123	tono	a
123	emociones	g
53	tipo_entidad	a
53	origen_entidad	b
53	proposito	d
53	informacion_presentada	a
53	vision	d
53	consecuencias	d
53	que_muestra	c
53	intencion	c
53	localizacion_problema	c
53	involucrados	f g c d
53	formalidad	a
53	nivel_educacion	b
53	tono	a
53	emociones	h
53	tipo_entidad	h
53	origen_entidad	b
53	proposito	d
53	informacion_presentada	a
53	vision	d
53	consecuencias	d
53	que_muestra	c
53	intencion	c
53	localizacion_problema	a
53	involucrados	b
53	formalidad	a
53	nivel_educacion	b
53	tono	a
53	emociones	h
53	tipo_entidad	h
53	origen_entidad	b
53	proposito	a g c d
53	informacion_presentada	a
53	vision	d
53	consecuencias	d
53	que_muestra	c
53	intencion	c
53	localizacion_problema	b
53	involucrados	e
53	formalidad	a
53	nivel_educacion	b
53	tono	b
53	emociones	h
454	tipo_entidad	h
454	origen_entidad	b
454	proposito	d
454	informacion_presentada	a
454	vision	a
454	consecuencias	c
454	que_muestra	c
454	intencion	c
454	localizacion_problema	c
454	involucrados	c
454	formalidad	a
454	nivel_educacion	b
454	tono	b
454	emociones	h
454	tipo_entidad	h
454	origen_entidad	b
454	proposito	d
454	informacion_presentada	a
454	vision	a
454	consecuencias	a
454	que_muestra	c
454	intencion	c
454	localizacion_problema	b
454	involucrados	g c
454	formalidad	a
454	nivel_educacion	b
454	tono	b
454	emociones	h
454	tipo_entidad	h
454	origen_entidad	b
454	proposito	d
454	informacion_presentada	a
454	vision	a
454	consecuencias	c
454	que_muestra	c
454	intencion	c
454	localizacion_problema	b
454	involucrados	c
454	formalidad	a
454	nivel_educacion	b
454	tono	b
454	emociones	e
55	tipo_entidad	h
55	origen_entidad	b
55	proposito	d
55	informacion_presentada	a
55	vision	d
55	consecuencias	c
55	que_muestra	c
55	intencion	a
55	localizacion_problema	b
55	involucrados	b
55	formalidad	a
55	nivel_educacion	b
55	tono	a
55	emociones	h
55	tipo_entidad	h
55	origen_entidad	b
55	proposito	d
55	informacion_presentada	a
55	vision	d
55	consecuencias	c
55	que_muestra	c
55	intencion	a
55	localizacion_problema	b
55	involucrados	c
55	formalidad	a
55	nivel_educacion	b
55	tono	a
55	emociones	h
55	tipo_entidad	h
55	origen_entidad	b
55	proposito	d
55	informacion_presentada	a
55	vision	d
55	consecuencias	c
55	que_muestra	c
55	intencion	a
55	localizacion_problema	b
55	involucrados	f e
55	formalidad	a
55	nivel_educacion	b
55	tono	b
55	emociones	a
352	tipo_entidad	a
352	origen_entidad	b
352	proposito	d
352	informacion_presentada	a
352	vision	d
352	consecuencias	c
352	que_muestra	c
352	intencion	a
352	localizacion_problema	b
352	involucrados	f g e d
352	formalidad	a
352	nivel_educacion	b
352	tono	a
352	emociones	h
352	tipo_entidad	a
352	origen_entidad	b
352	proposito	d
352	informacion_presentada	a
352	vision	a d
352	consecuencias	c
352	que_muestra	c
352	intencion	a
352	localizacion_problema	b
352	involucrados	c
352	formalidad	a
352	nivel_educacion	b
352	tono	b
352	emociones	g
352	tipo_entidad	h
352	origen_entidad	b
352	proposito	b
352	informacion_presentada	a
352	vision	d
352	consecuencias	c
352	que_muestra	c
352	intencion	a
352	localizacion_problema	b
352	involucrados	e c
352	formalidad	a
352	nivel_educacion	b
352	tono	b
352	emociones	h
369	tipo_entidad	h
369	origen_entidad	b
369	proposito	a b d
369	informacion_presentada	a
369	vision	d
369	consecuencias	a c b
369	que_muestra	c
369	intencion	a
369	localizacion_problema	b
369	involucrados	c
369	formalidad	a
369	nivel_educacion	b
369	tono	b
369	emociones	a
369	tipo_entidad	h
369	origen_entidad	b
369	proposito	a b d
369	informacion_presentada	a
369	vision	d
369	consecuencias	a c b
369	que_muestra	c
369	intencion	a
369	localizacion_problema	c
369	involucrados	e
369	formalidad	a
369	nivel_educacion	b
369	tono	b
369	emociones	h
369	tipo_entidad	h
369	origen_entidad	b
369	proposito	d
369	informacion_presentada	a
369	vision	d
369	consecuencias	c
369	que_muestra	c
369	intencion	a
369	localizacion_problema	c
369	involucrados	b
369	formalidad	a
369	nivel_educacion	b
369	tono	b
369	emociones	e
83	tipo_entidad	b
83	origen_entidad	b
83	proposito	d
83	informacion_presentada	a
83	vision	d
83	consecuencias	a
83	que_muestra	c
83	intencion	a
83	localizacion_problema	c
83	involucrados	d
83	formalidad	a
83	nivel_educacion	b
83	tono	b
83	emociones	h
83	tipo_entidad	b
83	origen_entidad	b
83	proposito	d
83	informacion_presentada	a
83	vision	d
83	consecuencias	a
83	que_muestra	d
83	intencion	b
83	localizacion_problema	b
83	involucrados	e
83	formalidad	a
83	nivel_educacion	b
83	tono	b
83	emociones	g
83	tipo_entidad	b
83	origen_entidad	b
83	proposito	d
83	informacion_presentada	a
83	vision	d
83	consecuencias	a
83	que_muestra	d
83	intencion	b
83	localizacion_problema	c
83	involucrados	f e d
83	formalidad	a
83	nivel_educacion	b
83	tono	b
83	emociones	h
79	tipo_entidad	h
79	origen_entidad	b
79	proposito	d
79	informacion_presentada	a
79	vision	d
79	consecuencias	c
79	que_muestra	c
79	intencion	a
79	localizacion_problema	c
79	involucrados	b
79	formalidad	a
79	nivel_educacion	b
79	tono	b
79	emociones	a h
79	tipo_entidad	h
79	origen_entidad	b
79	proposito	d
79	informacion_presentada	a
79	vision	d
79	consecuencias	a b
79	que_muestra	a
79	intencion	b
79	localizacion_problema	c
79	involucrados	a
79	formalidad	a
79	nivel_educacion	b
79	tono	a
79	emociones	h
79	tipo_entidad	h
79	origen_entidad	b
79	proposito	a g b d
79	informacion_presentada	a
79	vision	d
79	consecuencias	d
79	que_muestra	d
79	intencion	a
79	localizacion_problema	c
79	involucrados	e a b c d
79	formalidad	a
79	nivel_educacion	b
79	tono	a
79	emociones	h
381	tipo_entidad	h
381	origen_entidad	b
381	proposito	d
381	informacion_presentada	a
381	vision	d
381	consecuencias	a
381	que_muestra	c
381	intencion	c
381	localizacion_problema	c
381	involucrados	c
381	formalidad	a
381	nivel_educacion	b
381	tono	a
381	emociones	h
381	tipo_entidad	h
381	origen_entidad	b
381	proposito	d
381	informacion_presentada	a
381	vision	d
381	consecuencias	a b
381	que_muestra	c
381	intencion	c
381	localizacion_problema	b
381	involucrados	c
381	formalidad	a
381	nivel_educacion	b
381	tono	a
381	emociones	a
381	tipo_entidad	h
381	origen_entidad	b
381	proposito	d
381	informacion_presentada	a
381	vision	d
381	consecuencias	a
381	que_muestra	c
381	intencion	c
381	localizacion_problema	c
381	involucrados	c
381	formalidad	a
381	nivel_educacion	b
381	tono	b
381	emociones	h
305	tipo_entidad	h
305	origen_entidad	b
305	proposito	d
305	informacion_presentada	a
305	vision	d
305	consecuencias	d
305	que_muestra	c
305	intencion	a
305	localizacion_problema	c
305	involucrados	b
305	formalidad	a
305	nivel_educacion	b
305	tono	b
305	emociones	h
305	tipo_entidad	h
305	origen_entidad	b
305	proposito	d
305	informacion_presentada	a
305	vision	d
305	consecuencias	d
305	que_muestra	d
305	intencion	a
305	localizacion_problema	b
305	involucrados	a f b
305	formalidad	a
305	nivel_educacion	b
305	tono	b
305	emociones	h
305	tipo_entidad	h
305	origen_entidad	b
305	proposito	d
305	informacion_presentada	a
305	vision	d
305	consecuencias	c
305	que_muestra	c
305	intencion	a
305	localizacion_problema	b
305	involucrados	f e d
305	formalidad	a
305	nivel_educacion	b
305	tono	b
305	emociones	h
458	tipo_entidad	h
458	origen_entidad	b
458	proposito	d
458	informacion_presentada	a
458	vision	d
458	consecuencias	c
458	que_muestra	c
458	intencion	a
458	localizacion_problema	b
458	involucrados	c
458	formalidad	a
458	nivel_educacion	b
458	tono	b
458	emociones	c
458	tipo_entidad	h
458	origen_entidad	b
458	proposito	d
458	informacion_presentada	a
458	vision	d
458	consecuencias	c
458	que_muestra	c
458	intencion	a
458	localizacion_problema	b
458	involucrados	e c
458	formalidad	a
458	nivel_educacion	b
458	tono	b
458	emociones	h
458	tipo_entidad	h
458	origen_entidad	b
458	proposito	d
458	informacion_presentada	a
458	vision	d
458	consecuencias	c
458	que_muestra	d
458	intencion	a
458	localizacion_problema	c
458	involucrados	a e c f
458	formalidad	a
458	nivel_educacion	b
458	tono	b
458	emociones	g
389	tipo_entidad	h
389	origen_entidad	b
389	proposito	d
389	informacion_presentada	a
389	vision	d
389	consecuencias	c
389	que_muestra	d
389	intencion	a
389	localizacion_problema	b
389	involucrados	a e f h
389	formalidad	a
389	nivel_educacion	b
389	tono	a
389	emociones	g
389	tipo_entidad	h
389	origen_entidad	b
389	proposito	d
389	informacion_presentada	a
389	vision	d
389	consecuencias	c
389	que_muestra	a
389	intencion	c
389	localizacion_problema	c
389	involucrados	g
389	formalidad	a
389	nivel_educacion	b
389	tono	b
389	emociones	g
389	tipo_entidad	h
389	origen_entidad	b
389	proposito	d
389	informacion_presentada	a
389	vision	d
389	consecuencias	c
389	que_muestra	c
389	intencion	a
389	localizacion_problema	b
389	involucrados	e
389	formalidad	a
389	nivel_educacion	b
389	tono	b
389	emociones	h
299	tipo_entidad	h
299	origen_entidad	b
299	proposito	g e d
299	informacion_presentada	a
299	vision	d
299	consecuencias	c
299	que_muestra	c
299	intencion	a
299	localizacion_problema	b
299	involucrados	f e
299	formalidad	a
299	nivel_educacion	b
299	tono	b
299	emociones	g e a b c d
299	tipo_entidad	h
299	origen_entidad	b
299	proposito	d
299	informacion_presentada	a
299	vision	a
299	consecuencias	c
299	que_muestra	b
299	intencion	a
299	localizacion_problema	b
299	involucrados	a f h b
299	formalidad	a
299	nivel_educacion	b
299	tono	b
299	emociones	f e h
299	tipo_entidad	h
299	origen_entidad	b
299	proposito	d
299	informacion_presentada	a
299	vision	a
299	consecuencias	c
299	que_muestra	c
299	intencion	a
299	localizacion_problema	b
299	involucrados	f e
299	formalidad	a
299	nivel_educacion	b
299	tono	b
299	emociones	h
139	tipo_entidad	h
139	origen_entidad	b
139	proposito	d
139	informacion_presentada	a
139	vision	d
139	consecuencias	c
139	que_muestra	c
139	intencion	a
139	localizacion_problema	b
139	involucrados	f e
139	formalidad	a
139	nivel_educacion	b
139	tono	b
139	emociones	c
139	tipo_entidad	h
139	origen_entidad	b
139	proposito	c d
139	informacion_presentada	a
139	vision	d
139	consecuencias	c
139	que_muestra	b
139	intencion	a
139	localizacion_problema	b
139	involucrados	a c f
139	formalidad	a
139	nivel_educacion	b
139	tono	b
139	emociones	c
139	tipo_entidad	g
139	origen_entidad	b
139	proposito	b e c d
139	informacion_presentada	a
139	consecuencias	c
139	que_muestra	c
139	intencion	a
139	localizacion_problema	b
139	involucrados	b
139	formalidad	a
139	nivel_educacion	b
139	tono	b
139	emociones	h
488	tipo_entidad	a
488	origen_entidad	a
488	proposito	d
488	informacion_presentada	a
488	vision	d
488	consecuencias	d
488	que_muestra	a
488	intencion	c
488	localizacion_problema	b
488	involucrados	c
488	formalidad	a
488	nivel_educacion	b
488	tono	a
488	emociones	g
488	tipo_entidad	a
488	origen_entidad	b
488	proposito	d
488	informacion_presentada	a
488	vision	d
488	consecuencias	c
488	que_muestra	a
488	intencion	c
488	localizacion_problema	c
488	involucrados	a c f
488	formalidad	a
488	nivel_educacion	b
488	tono	a
488	emociones	g
488	tipo_entidad	a
488	origen_entidad	a
488	proposito	d
488	informacion_presentada	a
488	vision	a
488	consecuencias	c
488	que_muestra	c
488	intencion	c
488	localizacion_problema	b
488	involucrados	b
488	formalidad	a
488	nivel_educacion	b
488	tono	a
488	emociones	e
506	tipo_entidad	d
506	origen_entidad	a
506	proposito	b
506	informacion_presentada	a
506	vision	d
506	consecuencias	c
506	que_muestra	c
506	intencion	a
506	localizacion_problema	b
506	involucrados	c
506	formalidad	a
506	nivel_educacion	b
506	tono	b
506	emociones	c
506	tipo_entidad	d
506	origen_entidad	a
506	proposito	d
506	informacion_presentada	a
506	vision	d
506	consecuencias	d
506	que_muestra	c
506	intencion	b
506	localizacion_problema	b
506	involucrados	b c f d
506	formalidad	a
506	nivel_educacion	b
506	tono	b
506	emociones	b g e f
506	tipo_entidad	d
506	origen_entidad	a
506	proposito	b
506	informacion_presentada	a
506	vision	d
506	consecuencias	d
506	que_muestra	d
506	intencion	c
506	localizacion_problema	c
506	involucrados	e
506	formalidad	a
506	nivel_educacion	b
506	tono	b
506	emociones	d
64	tipo_entidad	h
64	origen_entidad	b
64	proposito	d
64	informacion_presentada	a
64	vision	d
64	consecuencias	b
64	que_muestra	d
64	intencion	b
64	localizacion_problema	c
64	involucrados	c
64	formalidad	a
64	nivel_educacion	b
64	tono	b
64	emociones	h
64	tipo_entidad	h
64	origen_entidad	b
64	proposito	d
64	informacion_presentada	a
64	vision	d
64	consecuencias	d
64	que_muestra	d
64	intencion	a
64	localizacion_problema	b
64	involucrados	e c
64	formalidad	a
64	nivel_educacion	b
64	tono	a
64	emociones	h
64	tipo_entidad	h
64	origen_entidad	b
64	proposito	d
64	informacion_presentada	a
64	vision	d
64	consecuencias	c
64	que_muestra	a
64	intencion	c
64	localizacion_problema	b
64	involucrados	b
64	formalidad	a
64	nivel_educacion	b
64	tono	a
64	emociones	h
196	tipo_entidad	h
196	origen_entidad	b
196	proposito	c
196	informacion_presentada	a
196	vision	d
196	consecuencias	c
196	que_muestra	d
196	intencion	a
196	localizacion_problema	c
196	involucrados	f c
196	formalidad	a
196	nivel_educacion	b
196	tono	b
196	emociones	h
196	tipo_entidad	h
196	origen_entidad	b
196	proposito	d
196	informacion_presentada	a
196	vision	d
196	consecuencias	c
196	que_muestra	d
196	intencion	a
196	localizacion_problema	b
196	involucrados	b
196	formalidad	a
196	nivel_educacion	b
196	tono	b
196	emociones	g
196	tipo_entidad	h
196	origen_entidad	b
196	proposito	c
196	informacion_presentada	a
196	vision	d
196	consecuencias	c
196	que_muestra	d
196	intencion	a
196	localizacion_problema	a
196	involucrados	a f
196	formalidad	a
196	nivel_educacion	b
196	tono	b
196	emociones	h
317	tipo_entidad	c
317	origen_entidad	b
317	proposito	d
317	informacion_presentada	a
317	vision	d
317	consecuencias	c
317	que_muestra	b
317	intencion	b
317	localizacion_problema	b
317	involucrados	f g c d
317	formalidad	a
317	nivel_educacion	b
317	tono	a
317	emociones	h
317	tipo_entidad	c
317	origen_entidad	b
317	proposito	d
317	informacion_presentada	a
317	vision	d
317	consecuencias	b
317	que_muestra	b
317	intencion	a
317	localizacion_problema	b
317	involucrados	a b
317	formalidad	a
317	nivel_educacion	b
317	tono	b
317	emociones	h
317	tipo_entidad	c
317	origen_entidad	b
317	proposito	d
317	informacion_presentada	a
317	vision	d
317	consecuencias	c
317	que_muestra	c
317	intencion	a
317	localizacion_problema	b
317	involucrados	c
317	formalidad	a
317	nivel_educacion	b
317	tono	a
317	emociones	h
93	tipo_entidad	h
93	origen_entidad	b
93	proposito	d
93	informacion_presentada	a
93	vision	d
93	consecuencias	c
93	que_muestra	d
93	intencion	b
93	localizacion_problema	b
93	involucrados	c
93	formalidad	a
93	nivel_educacion	b
93	tono	b
93	emociones	h
93	tipo_entidad	h
93	origen_entidad	b
93	proposito	d
93	informacion_presentada	a
93	vision	d
93	consecuencias	c
93	que_muestra	d
93	intencion	a
93	localizacion_problema	c
93	involucrados	c
93	formalidad	a
93	nivel_educacion	b
93	tono	b
93	emociones	h
93	tipo_entidad	h
93	origen_entidad	b
93	proposito	d
93	informacion_presentada	a
93	vision	d
93	consecuencias	c
93	que_muestra	c
93	intencion	b
93	localizacion_problema	c
93	involucrados	c
93	formalidad	a
93	nivel_educacion	b
93	tono	a
93	emociones	h
269	tipo_entidad	b
269	origen_entidad	a
269	proposito	b
269	informacion_presentada	a
269	vision	d
269	consecuencias	d
269	que_muestra	c
269	intencion	c
269	localizacion_problema	b
269	involucrados	a
269	formalidad	a
269	nivel_educacion	b
269	tono	a
269	emociones	h
269	tipo_entidad	b
269	origen_entidad	a
269	proposito	d
269	informacion_presentada	a
269	vision	d
269	consecuencias	b
269	que_muestra	c
269	intencion	e
269	localizacion_problema	b
269	involucrados	f e d
269	formalidad	a
269	nivel_educacion	b
269	tono	b
269	emociones	g
269	tipo_entidad	b
269	origen_entidad	a
269	proposito	d
269	informacion_presentada	a
269	vision	d
269	consecuencias	d
269	que_muestra	c
269	intencion	e
269	localizacion_problema	b
269	involucrados	f e
269	formalidad	a
269	nivel_educacion	b
269	tono	a
269	emociones	h
470	tipo_entidad	b
470	origen_entidad	b
470	proposito	g e
470	informacion_presentada	a
470	vision	d
470	consecuencias	c
470	que_muestra	c
470	intencion	b
470	localizacion_problema	a
470	involucrados	f g e d
470	formalidad	a
470	nivel_educacion	b
470	tono	b
470	emociones	h
470	tipo_entidad	d
470	origen_entidad	b
470	proposito	d
470	informacion_presentada	a
470	vision	d
470	consecuencias	c
470	que_muestra	d
470	intencion	b
470	localizacion_problema	b
470	involucrados	b
470	formalidad	a
470	nivel_educacion	b
470	tono	b
470	emociones	f
470	tipo_entidad	g
470	origen_entidad	b
470	proposito	b
470	informacion_presentada	a
470	vision	d
470	consecuencias	c
470	que_muestra	d
470	intencion	b
470	localizacion_problema	b
470	involucrados	f e d
470	formalidad	a
470	nivel_educacion	b
470	tono	b
470	emociones	g c d
164	tipo_entidad	h
164	origen_entidad	b
164	proposito	c d
164	informacion_presentada	a
164	vision	d
164	consecuencias	c
164	que_muestra	c
164	intencion	f
164	localizacion_problema	b
164	involucrados	a e c
164	formalidad	a
164	nivel_educacion	b
164	tono	b
164	emociones	h
164	tipo_entidad	h
164	origen_entidad	a
164	proposito	e d
164	informacion_presentada	a
164	vision	d
164	consecuencias	c
164	que_muestra	c
164	intencion	a e d
164	localizacion_problema	b
164	involucrados	f e a c h
164	formalidad	a
164	nivel_educacion	b
164	tono	b
164	emociones	g
164	tipo_entidad	h
164	origen_entidad	a
164	proposito	a
164	informacion_presentada	a
164	vision	d
164	consecuencias	c
164	que_muestra	c
164	intencion	a
164	localizacion_problema	b
164	involucrados	a f b d
164	formalidad	a
164	nivel_educacion	b
164	tono	b
164	emociones	g
25	tipo_entidad	b
25	origen_entidad	b
25	proposito	d
25	informacion_presentada	a
25	vision	d
25	consecuencias	d
25	que_muestra	c
25	intencion	c
25	localizacion_problema	b
25	involucrados	a c f
25	formalidad	a
25	nivel_educacion	b
25	tono	a
25	emociones	e
25	tipo_entidad	b
25	origen_entidad	b
25	proposito	d
25	informacion_presentada	a
25	vision	d
25	consecuencias	b
25	que_muestra	c
25	intencion	c
25	localizacion_problema	b
25	involucrados	a
25	formalidad	a
25	nivel_educacion	b
25	tono	a
25	emociones	e
25	tipo_entidad	b
25	origen_entidad	b
25	proposito	c
25	informacion_presentada	a
25	vision	d
25	consecuencias	a
25	que_muestra	c
25	intencion	c
25	localizacion_problema	b
25	involucrados	a
25	formalidad	a
25	nivel_educacion	b
25	tono	a
25	emociones	h
380	tipo_entidad	b
380	origen_entidad	b
380	proposito	b
380	informacion_presentada	a
380	vision	d
380	consecuencias	c
380	que_muestra	d
380	intencion	a
380	localizacion_problema	b
380	involucrados	a f
380	formalidad	a
380	nivel_educacion	b
380	tono	b
380	emociones	e
380	tipo_entidad	h
380	origen_entidad	b
380	proposito	b
380	informacion_presentada	a
380	vision	d
380	consecuencias	c
380	que_muestra	c
380	intencion	a
380	localizacion_problema	b
380	involucrados	f g d
380	formalidad	a
380	nivel_educacion	b
380	tono	b
380	emociones	f
380	tipo_entidad	h
380	origen_entidad	b
380	proposito	b
380	informacion_presentada	a
380	vision	d
380	consecuencias	c
380	que_muestra	c
380	intencion	e
380	localizacion_problema	b
380	involucrados	c
380	formalidad	a
380	nivel_educacion	b
380	tono	b
380	emociones	h
393	tipo_entidad	h
393	origen_entidad	b
393	proposito	d
393	informacion_presentada	a
393	vision	d
393	consecuencias	b
393	que_muestra	c
393	intencion	a
393	localizacion_problema	c
393	involucrados	c
393	formalidad	a
393	nivel_educacion	b
393	tono	b
393	emociones	h
393	tipo_entidad	h
393	origen_entidad	b
393	proposito	d
393	informacion_presentada	a
393	vision	d
393	consecuencias	b
393	que_muestra	c
393	intencion	a
393	localizacion_problema	b
393	involucrados	c
393	formalidad	a
393	nivel_educacion	b
393	tono	b
393	emociones	h
393	tipo_entidad	h
393	origen_entidad	b
393	proposito	d
393	informacion_presentada	a
393	vision	d
393	consecuencias	a
393	que_muestra	c
393	intencion	a
393	localizacion_problema	b
393	involucrados	a f c b
393	formalidad	a
393	nivel_educacion	b
393	tono	b
393	emociones	h
63	tipo_entidad	h
63	origen_entidad	b
63	proposito	a b d
63	informacion_presentada	a
63	vision	d
63	consecuencias	c
63	que_muestra	c
63	intencion	a
63	localizacion_problema	b
63	involucrados	f e c
63	formalidad	a
63	nivel_educacion	b
63	tono	b
63	tipo_entidad	h
63	origen_entidad	b
63	proposito	d
63	informacion_presentada	a
63	vision	d
63	consecuencias	c
63	que_muestra	b
63	intencion	a
63	localizacion_problema	b
63	involucrados	c
63	formalidad	a
63	nivel_educacion	b
63	tono	b
63	emociones	h
63	tipo_entidad	h
63	origen_entidad	b
63	proposito	d
63	informacion_presentada	a
63	vision	d
63	consecuencias	a
63	que_muestra	c
63	intencion	a
63	localizacion_problema	c
63	involucrados	c
63	formalidad	a
63	nivel_educacion	b
63	tono	a
63	emociones	h
17	tipo_entidad	h
17	proposito	b
17	informacion_presentada	a
17	vision	d
17	consecuencias	d
17	que_muestra	c
17	intencion	c
17	localizacion_problema	a
17	involucrados	a g c f
17	formalidad	a
17	nivel_educacion	b
17	tono	b
17	emociones	g
17	tipo_entidad	d
17	proposito	b
17	vision	d
17	consecuencias	a
17	que_muestra	b
17	intencion	c
17	localizacion_problema	c
17	involucrados	f e c d
17	formalidad	a
17	nivel_educacion	b
17	tono	b
17	emociones	h
17	tipo_entidad	h
17	origen_entidad	a
17	proposito	b
17	informacion_presentada	a
17	vision	d
17	consecuencias	c
17	que_muestra	d
17	intencion	c
17	localizacion_problema	c
17	involucrados	f c d
17	formalidad	a
17	nivel_educacion	b
17	tono	b
17	emociones	c
191	tipo_entidad	h
191	origen_entidad	a
191	proposito	d
191	informacion_presentada	a
191	vision	d
191	consecuencias	c
191	que_muestra	b
191	intencion	b
191	localizacion_problema	a
191	involucrados	b
191	formalidad	a
191	nivel_educacion	b
191	tono	b
191	emociones	h
191	tipo_entidad	h
191	origen_entidad	b
191	proposito	d
191	informacion_presentada	a
191	vision	d
191	consecuencias	a
191	que_muestra	d
191	intencion	a
191	localizacion_problema	b
191	involucrados	c
191	formalidad	a
191	nivel_educacion	b
191	tono	b
191	emociones	c
191	tipo_entidad	h
191	origen_entidad	b
191	proposito	b
191	informacion_presentada	a
191	vision	d
191	consecuencias	c
191	que_muestra	d
191	intencion	a
191	localizacion_problema	a
191	involucrados	b
191	formalidad	a
191	nivel_educacion	b
191	tono	b
191	emociones	c
232	tipo_entidad	h
232	origen_entidad	a
232	proposito	g d
232	informacion_presentada	a
232	vision	d
232	consecuencias	c
232	que_muestra	d
232	intencion	a f
232	formalidad	a
232	nivel_educacion	b
232	tono	b
232	emociones	c
232	tipo_entidad	h
232	origen_entidad	b
232	proposito	g d
232	informacion_presentada	a
232	vision	d
232	consecuencias	c
232	que_muestra	d
232	intencion	b
232	localizacion_problema	b
232	involucrados	a e c f
232	formalidad	a
232	nivel_educacion	b
232	tono	b
232	emociones	c
232	tipo_entidad	h
232	origen_entidad	a
232	proposito	b d
232	informacion_presentada	a
232	vision	d
232	consecuencias	c
232	que_muestra	d
232	intencion	b
232	localizacion_problema	b
232	involucrados	a c f
232	formalidad	a
232	nivel_educacion	b
232	tono	b
232	emociones	g
16	tipo_entidad	h
16	origen_entidad	b
16	proposito	d
16	informacion_presentada	a
16	vision	d
16	consecuencias	d
16	que_muestra	d
16	intencion	a
16	localizacion_problema	b
16	involucrados	c
16	formalidad	a
16	nivel_educacion	b
16	tono	a
16	emociones	g
16	tipo_entidad	h
16	origen_entidad	b
16	proposito	d
16	informacion_presentada	a
16	vision	d
16	consecuencias	c
16	que_muestra	d
16	intencion	c
16	localizacion_problema	c
16	involucrados	b g c f
16	formalidad	a
16	nivel_educacion	b
16	tono	a
16	emociones	a
16	tipo_entidad	h
16	origen_entidad	b
16	proposito	d
16	informacion_presentada	a
16	vision	d
16	consecuencias	a
16	que_muestra	c
16	intencion	a
16	localizacion_problema	b
16	involucrados	f h c d
16	formalidad	a
16	nivel_educacion	b
16	tono	b
16	emociones	h
423	tipo_entidad	h
423	origen_entidad	b
423	proposito	f g a b d h
423	informacion_presentada	a
423	vision	d
423	consecuencias	a c b
423	que_muestra	c
423	intencion	a
423	localizacion_problema	c
423	involucrados	a
423	formalidad	a
423	nivel_educacion	b
423	tono	b
423	emociones	a
423	tipo_entidad	h
423	origen_entidad	b
423	proposito	f g e a b c d i h
423	informacion_presentada	a
423	vision	d
423	consecuencias	c
423	que_muestra	c
423	intencion	a
423	localizacion_problema	c
423	involucrados	c
423	formalidad	a
423	nivel_educacion	b
423	tono	b
423	emociones	a g b d
423	tipo_entidad	a
423	origen_entidad	b
423	proposito	d
423	informacion_presentada	a
423	vision	d
423	consecuencias	c
423	que_muestra	c
423	intencion	a
423	localizacion_problema	c
423	involucrados	c
423	formalidad	a
423	nivel_educacion	b
423	tono	b
423	emociones	h
48	tipo_entidad	h
48	origen_entidad	b
48	proposito	d
48	informacion_presentada	a
48	vision	d
48	consecuencias	c
48	que_muestra	c
48	intencion	a
48	localizacion_problema	b
48	involucrados	g e c
48	formalidad	a
48	nivel_educacion	b
48	tono	b
48	emociones	h
48	tipo_entidad	h
48	origen_entidad	b
48	proposito	c
48	informacion_presentada	a
48	vision	d
48	consecuencias	c
48	que_muestra	c
48	intencion	a
48	localizacion_problema	b
48	involucrados	a f
48	formalidad	a
48	nivel_educacion	b
48	tono	b
48	emociones	f e
48	tipo_entidad	h
48	origen_entidad	b
48	proposito	a
48	informacion_presentada	a
48	vision	d
48	consecuencias	c
48	que_muestra	c
48	intencion	b
48	localizacion_problema	b
48	involucrados	f e d
48	formalidad	a
48	nivel_educacion	b
48	tono	b
48	emociones	e
564	tipo_entidad	h
564	origen_entidad	a
564	proposito	e
564	informacion_presentada	a
564	vision	d
564	consecuencias	a
564	que_muestra	d
564	intencion	c
564	localizacion_problema	b
564	involucrados	b
564	formalidad	a
564	nivel_educacion	b
564	tono	b
564	emociones	e
564	tipo_entidad	h
564	origen_entidad	b
564	proposito	d
564	informacion_presentada	a
564	vision	d
564	consecuencias	a
564	que_muestra	d
564	intencion	a
564	localizacion_problema	b
564	involucrados	e
564	formalidad	a
564	nivel_educacion	b
564	tono	b
564	emociones	f
564	tipo_entidad	h
564	origen_entidad	b
564	proposito	d
564	informacion_presentada	a
564	vision	d
564	consecuencias	a
564	que_muestra	d
564	intencion	a
564	localizacion_problema	c
564	involucrados	b
564	formalidad	a
564	nivel_educacion	b
564	tono	b
564	emociones	g
445	tipo_entidad	h
445	origen_entidad	b
445	proposito	c
445	informacion_presentada	a
445	vision	d
445	consecuencias	c
445	que_muestra	c
445	intencion	a
445	localizacion_problema	b
445	involucrados	b
445	formalidad	a
445	nivel_educacion	b
445	tono	b
445	emociones	e
445	tipo_entidad	h
445	origen_entidad	b
445	proposito	d
445	informacion_presentada	a
445	vision	d
445	consecuencias	c
445	que_muestra	d
445	intencion	a
445	localizacion_problema	c
445	involucrados	c
445	formalidad	a
445	nivel_educacion	b
445	tono	b
445	emociones	h
445	tipo_entidad	h
445	origen_entidad	b
445	proposito	c
445	informacion_presentada	a
445	vision	d
445	consecuencias	c
445	que_muestra	d
445	intencion	a
445	localizacion_problema	b
445	involucrados	e
445	formalidad	a
445	nivel_educacion	b
445	tono	b
445	emociones	g
340	tipo_entidad	h
340	origen_entidad	b
340	proposito	d
340	informacion_presentada	a
340	vision	d
340	consecuencias	d
340	que_muestra	b
340	intencion	a
340	localizacion_problema	b
340	involucrados	c
340	formalidad	a
340	nivel_educacion	b
340	tono	a
340	emociones	d
340	tipo_entidad	h
340	origen_entidad	b
340	proposito	d
340	informacion_presentada	a
340	vision	d
340	consecuencias	c
340	que_muestra	d
340	intencion	a
340	localizacion_problema	b
340	involucrados	c
340	formalidad	a
340	nivel_educacion	b
340	tono	b
340	emociones	h
340	tipo_entidad	h
340	origen_entidad	b
340	proposito	d
340	informacion_presentada	a
340	vision	d
340	consecuencias	c
340	que_muestra	d
340	intencion	a
340	localizacion_problema	b
340	involucrados	a
340	formalidad	a
340	nivel_educacion	b
340	tono	b
340	emociones	h
531	tipo_entidad	h
531	origen_entidad	b
531	proposito	d
531	informacion_presentada	a
531	vision	d
531	consecuencias	a
531	que_muestra	c
531	intencion	a
531	localizacion_problema	b
531	involucrados	c
531	formalidad	a
531	nivel_educacion	b
531	tono	b
531	emociones	h
531	tipo_entidad	h
531	origen_entidad	b
531	proposito	d
531	informacion_presentada	a
531	vision	d
531	consecuencias	c
531	que_muestra	c
531	intencion	a
531	localizacion_problema	b
531	involucrados	c
531	formalidad	a
531	nivel_educacion	b
531	tono	b
531	emociones	d
531	tipo_entidad	h
531	origen_entidad	b
531	proposito	d
531	informacion_presentada	a
531	vision	d
531	consecuencias	c
531	que_muestra	c
531	intencion	a
531	localizacion_problema	b
531	involucrados	f e c
531	formalidad	a
531	nivel_educacion	b
531	tono	b
531	emociones	h
312	tipo_entidad	a
312	origen_entidad	a
312	proposito	b
312	informacion_presentada	a
312	vision	d
312	consecuencias	c
312	que_muestra	b
312	intencion	a
312	localizacion_problema	b
312	involucrados	c
312	formalidad	a
312	nivel_educacion	b
312	tono	b
312	tipo_entidad	a
312	origen_entidad	b
312	proposito	d
312	informacion_presentada	a
312	vision	d
312	consecuencias	c
312	que_muestra	c
312	intencion	a
312	localizacion_problema	a
312	involucrados	c d
312	formalidad	a
312	nivel_educacion	b
312	tono	b
312	emociones	h
312	tipo_entidad	a
312	origen_entidad	b
312	proposito	d
312	informacion_presentada	a
312	vision	d
312	consecuencias	c
312	que_muestra	c
312	intencion	a
312	localizacion_problema	b
312	involucrados	b c
312	formalidad	a
312	nivel_educacion	b
312	tono	b
312	emociones	h
26	tipo_entidad	h
26	origen_entidad	b
26	proposito	c d
26	informacion_presentada	a
26	vision	d
26	que_muestra	d
26	intencion	b
26	localizacion_problema	c
26	formalidad	a
26	nivel_educacion	b
26	tono	a
26	tipo_entidad	h
26	origen_entidad	b
26	proposito	c d
26	informacion_presentada	a
26	consecuencias	d
26	que_muestra	d
26	intencion	a
26	localizacion_problema	b
26	formalidad	a
26	nivel_educacion	b
26	tono	b
26	emociones	e
26	tipo_entidad	h
26	origen_entidad	b
26	proposito	b c d
26	informacion_presentada	a
26	vision	d
26	consecuencias	d
26	que_muestra	c
26	intencion	a
26	formalidad	a
26	nivel_educacion	b
26	tono	a
26	emociones	h
473	tipo_entidad	g
473	origen_entidad	b
473	proposito	d
473	informacion_presentada	a
473	vision	d
473	consecuencias	d
473	que_muestra	a
473	intencion	b
473	localizacion_problema	b
473	involucrados	f g c d
473	formalidad	a
473	nivel_educacion	b
473	tono	b
473	emociones	c
473	tipo_entidad	h
473	origen_entidad	b
473	proposito	g d
473	informacion_presentada	a
473	vision	d
473	consecuencias	a
473	que_muestra	c
473	intencion	a
473	localizacion_problema	b
473	involucrados	f e
473	formalidad	a
473	nivel_educacion	b
473	tono	a
473	emociones	h
473	tipo_entidad	g
473	origen_entidad	b
473	proposito	g e d
473	informacion_presentada	a
473	vision	d
473	consecuencias	b
473	que_muestra	d
473	intencion	b
473	localizacion_problema	b
473	involucrados	b e c
473	formalidad	a
473	nivel_educacion	b
473	tono	b
473	emociones	g
582	tipo_entidad	h
582	origen_entidad	b
582	proposito	c d
582	informacion_presentada	a
582	vision	d
582	consecuencias	d
582	que_muestra	d
582	intencion	a
582	localizacion_problema	c
582	involucrados	e c
582	formalidad	a
582	nivel_educacion	b
582	tono	b
582	emociones	f g e a b c d h
582	tipo_entidad	h
582	origen_entidad	b
582	proposito	d
582	informacion_presentada	a
582	vision	d
582	consecuencias	d
582	que_muestra	d
582	intencion	a
582	localizacion_problema	c
582	involucrados	f g c
582	formalidad	a
582	nivel_educacion	b
582	tono	b
582	emociones	h
582	tipo_entidad	h
582	origen_entidad	b
582	proposito	a b d
582	informacion_presentada	a
582	vision	d
582	consecuencias	d
582	que_muestra	d
582	intencion	a
582	localizacion_problema	c
582	involucrados	c
582	formalidad	a
582	nivel_educacion	a
582	tono	b
582	emociones	a g c d
356	tipo_entidad	b
356	origen_entidad	a
356	proposito	d
356	informacion_presentada	a
356	vision	d
356	consecuencias	a
356	que_muestra	d
356	intencion	b
356	localizacion_problema	b
356	involucrados	f c d
356	formalidad	a
356	nivel_educacion	b
356	tono	b
356	emociones	g
356	tipo_entidad	b
356	origen_entidad	a
356	proposito	b
356	informacion_presentada	a
356	vision	d
356	consecuencias	a
356	que_muestra	d
356	intencion	a
356	localizacion_problema	b
356	involucrados	c
356	formalidad	a
356	nivel_educacion	b
356	tono	b
356	emociones	g
356	tipo_entidad	b
356	origen_entidad	a
356	proposito	d
356	informacion_presentada	a
356	vision	d
356	consecuencias	a
356	que_muestra	c
356	intencion	b
356	localizacion_problema	b
356	involucrados	c
356	formalidad	a
356	nivel_educacion	b
356	tono	b
356	emociones	h
181	tipo_entidad	a
181	origen_entidad	b
181	proposito	d
181	informacion_presentada	a
181	vision	d
181	consecuencias	a
181	que_muestra	c
181	intencion	c
181	localizacion_problema	b
181	involucrados	f g c
181	formalidad	a
181	nivel_educacion	b
181	tono	b
181	emociones	g
181	tipo_entidad	a
181	origen_entidad	b
181	proposito	e
181	informacion_presentada	a
181	vision	b a c d
181	consecuencias	a
181	que_muestra	c
181	intencion	a
181	localizacion_problema	b
181	involucrados	f g c d
181	formalidad	a
181	nivel_educacion	b
181	tono	b
181	emociones	h
181	tipo_entidad	a
181	origen_entidad	b
181	proposito	d
181	informacion_presentada	a
181	vision	d
181	consecuencias	a
181	que_muestra	c
181	intencion	c
181	localizacion_problema	b
181	involucrados	f g c d
181	formalidad	a
181	nivel_educacion	b
181	tono	b
181	emociones	h
101	tipo_entidad	h
101	origen_entidad	b
101	proposito	d
101	informacion_presentada	a
101	vision	d
101	consecuencias	a
101	que_muestra	c
101	intencion	c
101	localizacion_problema	a
101	involucrados	g e
101	formalidad	a
101	nivel_educacion	b
101	tono	a
101	emociones	a
101	tipo_entidad	h
101	origen_entidad	a
101	proposito	d
101	informacion_presentada	a
101	vision	d
101	consecuencias	a
101	que_muestra	c
101	intencion	a
101	localizacion_problema	b
101	involucrados	e d
101	formalidad	a
101	nivel_educacion	b
101	tono	a
101	emociones	h
101	tipo_entidad	h
101	origen_entidad	a
101	proposito	d
101	informacion_presentada	a
101	vision	d
101	consecuencias	a
101	que_muestra	a
101	intencion	a
101	localizacion_problema	b
101	involucrados	a b
101	formalidad	a
101	nivel_educacion	b
101	tono	b
101	emociones	h
87	tipo_entidad	h
87	origen_entidad	b
87	proposito	d
87	informacion_presentada	a
87	vision	d
87	consecuencias	c
87	que_muestra	c
87	intencion	a
87	localizacion_problema	b
87	involucrados	f e
87	formalidad	a
87	nivel_educacion	b
87	tono	b
87	emociones	e
87	tipo_entidad	h
87	origen_entidad	b
87	proposito	d
87	informacion_presentada	a
87	vision	d
87	consecuencias	c
87	que_muestra	c
87	intencion	a
87	localizacion_problema	b
87	involucrados	c
87	formalidad	a
87	nivel_educacion	b
87	tono	b
87	emociones	a h
87	tipo_entidad	h
87	origen_entidad	b
87	proposito	d
87	informacion_presentada	a
87	vision	d
87	consecuencias	c
87	que_muestra	c
87	intencion	b
87	localizacion_problema	b
87	involucrados	f
87	formalidad	a
87	nivel_educacion	b
87	tono	b
87	emociones	a
148	tipo_entidad	h
148	origen_entidad	b
148	proposito	d
148	informacion_presentada	a
148	vision	d
148	consecuencias	c
148	que_muestra	c
148	intencion	b
148	localizacion_problema	c
148	involucrados	c
148	formalidad	a
148	nivel_educacion	b
148	tono	b
148	emociones	a
148	tipo_entidad	h
148	origen_entidad	b
148	proposito	d
148	informacion_presentada	a
148	vision	d
148	consecuencias	a b
148	que_muestra	c
148	intencion	a
148	localizacion_problema	b
148	involucrados	c
148	formalidad	a
148	nivel_educacion	a
148	tono	b
148	emociones	a h b
148	tipo_entidad	h
148	origen_entidad	b
148	proposito	d
148	informacion_presentada	a
148	vision	d
148	consecuencias	a c b
148	que_muestra	c
148	intencion	a
148	localizacion_problema	c
148	involucrados	f c d
148	formalidad	a
148	nivel_educacion	b
148	tono	b
148	emociones	e
271	tipo_entidad	b
271	origen_entidad	b
271	proposito	d
271	informacion_presentada	a
271	vision	d
271	consecuencias	d
271	que_muestra	c
271	intencion	c
271	localizacion_problema	b
271	involucrados	b
271	formalidad	a
271	nivel_educacion	b
271	tono	b
271	emociones	h
271	tipo_entidad	b
271	origen_entidad	a
271	proposito	d
271	informacion_presentada	a
271	vision	d
271	consecuencias	d
271	que_muestra	a
271	intencion	b
271	localizacion_problema	c
271	involucrados	f c
271	formalidad	a
271	nivel_educacion	b
271	tono	b
271	emociones	a e c
271	tipo_entidad	b
271	origen_entidad	b
271	proposito	h d
271	informacion_presentada	a
271	vision	d
271	consecuencias	d
271	que_muestra	a
271	intencion	c
271	localizacion_problema	b
271	involucrados	a f
271	formalidad	a
271	nivel_educacion	b
271	tono	a
271	emociones	h
333	tipo_entidad	h
333	origen_entidad	b
333	proposito	d
333	informacion_presentada	a
333	vision	d
333	consecuencias	b
333	que_muestra	c
333	intencion	b
333	localizacion_problema	b
333	involucrados	e
333	formalidad	a
333	nivel_educacion	b
333	tono	b
333	emociones	h
333	tipo_entidad	h
333	origen_entidad	b
333	proposito	d
333	informacion_presentada	a
333	vision	d
333	consecuencias	c
333	que_muestra	d
333	intencion	b
333	localizacion_problema	b
333	involucrados	b h c
333	formalidad	a
333	nivel_educacion	b
333	tono	a
333	emociones	h
333	tipo_entidad	h
333	origen_entidad	b
333	proposito	d
333	informacion_presentada	a
333	vision	d
333	consecuencias	c
333	que_muestra	c
333	intencion	c
333	localizacion_problema	b
333	involucrados	b h c
333	formalidad	a
333	nivel_educacion	b
333	tono	a
333	emociones	f
52	tipo_entidad	h
52	origen_entidad	b
52	proposito	d
52	informacion_presentada	a
52	vision	d
52	consecuencias	a
52	que_muestra	c
52	intencion	a
52	localizacion_problema	c
52	involucrados	c
52	formalidad	a
52	nivel_educacion	b
52	tono	b
52	emociones	d
52	tipo_entidad	h
52	origen_entidad	b
52	proposito	d
52	informacion_presentada	a
52	vision	d
52	consecuencias	a
52	que_muestra	d
52	intencion	b
52	localizacion_problema	a
52	involucrados	c
52	formalidad	a
52	nivel_educacion	b
52	tono	a
52	emociones	h
52	tipo_entidad	h
52	origen_entidad	b
52	proposito	a b d
52	informacion_presentada	a
52	vision	d
52	consecuencias	a
52	que_muestra	d
52	intencion	a
52	localizacion_problema	b
52	involucrados	c
52	formalidad	a
52	nivel_educacion	b
52	tono	b
52	emociones	g
171	tipo_entidad	a
171	origen_entidad	b
171	proposito	d
171	informacion_presentada	a
171	vision	d
171	consecuencias	c
171	que_muestra	c
171	intencion	a
171	localizacion_problema	b
171	involucrados	a f g b
171	formalidad	a
171	nivel_educacion	b
171	tono	b
171	emociones	h
171	tipo_entidad	a
171	origen_entidad	a
171	proposito	c
171	informacion_presentada	a
171	vision	d
171	consecuencias	c
171	que_muestra	c
171	intencion	a
171	localizacion_problema	b
171	involucrados	b
171	formalidad	a
171	nivel_educacion	b
171	tono	b
171	emociones	h
171	tipo_entidad	a
171	origen_entidad	b
171	proposito	c d
171	informacion_presentada	a
171	vision	d
171	consecuencias	c
171	que_muestra	c
171	intencion	a
171	localizacion_problema	a
171	involucrados	f h d
171	formalidad	a
171	nivel_educacion	b
171	tono	b
171	emociones	h
86	tipo_entidad	h
86	origen_entidad	b
86	proposito	d
86	informacion_presentada	a
86	vision	d
86	consecuencias	d
86	que_muestra	c
86	intencion	b
86	localizacion_problema	b
86	involucrados	f e c h
86	formalidad	a
86	nivel_educacion	b
86	tono	b
86	emociones	h
86	tipo_entidad	h
86	origen_entidad	b
86	proposito	b
86	informacion_presentada	a
86	vision	d
86	consecuencias	a
86	que_muestra	c
86	intencion	c
86	localizacion_problema	c
86	involucrados	f e c d
86	formalidad	a
86	nivel_educacion	b
86	tono	b
86	emociones	h
86	tipo_entidad	h
86	origen_entidad	b
86	proposito	d
86	informacion_presentada	a
86	vision	d
86	consecuencias	a
86	que_muestra	c
86	intencion	a
86	localizacion_problema	b
86	involucrados	c
86	formalidad	a
86	nivel_educacion	b
86	tono	b
86	emociones	h
441	tipo_entidad	h
441	origen_entidad	b
441	proposito	d
441	informacion_presentada	a
441	vision	d
441	consecuencias	a
441	que_muestra	c
441	intencion	a
441	localizacion_problema	c
441	involucrados	b
441	formalidad	a
441	nivel_educacion	b
441	tono	b
441	emociones	f g e a b c d h
441	tipo_entidad	h
441	origen_entidad	b
441	proposito	d
441	informacion_presentada	a
441	vision	d
441	consecuencias	c
441	que_muestra	c
441	intencion	a
441	localizacion_problema	b
441	involucrados	c
441	formalidad	a
441	nivel_educacion	b
441	tono	b
441	emociones	g
441	tipo_entidad	h
441	origen_entidad	b
441	proposito	d
441	informacion_presentada	a
441	vision	d
441	consecuencias	c
441	que_muestra	c
441	intencion	a
441	localizacion_problema	c
441	involucrados	c
441	formalidad	a
441	nivel_educacion	b
441	tono	a
441	emociones	a c f
401	tipo_entidad	b
401	origen_entidad	a
401	proposito	d
401	informacion_presentada	a
401	vision	d
401	consecuencias	a
401	que_muestra	c
401	intencion	f
401	localizacion_problema	a
401	involucrados	f
401	formalidad	a
401	nivel_educacion	b
401	tono	a
401	emociones	d
401	tipo_entidad	b
401	origen_entidad	a
401	proposito	d
401	informacion_presentada	a
401	vision	d
401	consecuencias	a
401	que_muestra	d
401	intencion	b
401	localizacion_problema	b
401	involucrados	f
401	formalidad	a
401	nivel_educacion	b
401	tono	b
401	emociones	h
401	tipo_entidad	b
401	origen_entidad	a
401	proposito	h d
401	informacion_presentada	a
401	vision	d
401	consecuencias	c
401	que_muestra	c
401	intencion	c
401	localizacion_problema	b
401	involucrados	f
401	formalidad	a
401	nivel_educacion	b
401	tono	a
401	emociones	f g e a b c d h
24	tipo_entidad	h
24	origen_entidad	b
24	proposito	d
24	informacion_presentada	a
24	vision	d
24	consecuencias	c
24	que_muestra	c
24	intencion	a
24	localizacion_problema	b
24	involucrados	a g b
24	formalidad	a
24	nivel_educacion	b
24	tono	b
24	emociones	h
24	tipo_entidad	h
24	origen_entidad	b
24	proposito	d
24	informacion_presentada	a
24	vision	d
24	consecuencias	c
24	que_muestra	c
24	intencion	a
24	localizacion_problema	b
24	involucrados	e
24	formalidad	a
24	nivel_educacion	b
24	tono	b
24	emociones	h
24	tipo_entidad	h
24	origen_entidad	a
24	proposito	d
24	informacion_presentada	a
24	vision	d
24	consecuencias	c
24	que_muestra	b
24	intencion	a
24	localizacion_problema	b
24	involucrados	b
24	formalidad	a
24	nivel_educacion	b
24	tono	b
24	emociones	h
132	tipo_entidad	h
132	origen_entidad	b
132	proposito	d
132	informacion_presentada	a
132	vision	d
132	consecuencias	c
132	que_muestra	c
132	intencion	a
132	localizacion_problema	b
132	involucrados	f g e a d
132	formalidad	a
132	nivel_educacion	b
132	tono	b
132	emociones	e
132	tipo_entidad	h
132	origen_entidad	b
132	proposito	g e d
132	informacion_presentada	a
132	vision	d
132	consecuencias	b
132	que_muestra	c
132	intencion	b
132	localizacion_problema	b
132	involucrados	b e
132	formalidad	a
132	nivel_educacion	b
132	tono	b
132	emociones	a
132	tipo_entidad	h
132	origen_entidad	b
132	proposito	d
132	informacion_presentada	a
132	vision	d
132	consecuencias	c
132	que_muestra	c
132	intencion	b
132	localizacion_problema	b
132	involucrados	f c
132	formalidad	a
132	nivel_educacion	b
132	tono	b
132	emociones	a
547	tipo_entidad	d
547	origen_entidad	b
547	proposito	d
547	informacion_presentada	a
547	vision	d
547	consecuencias	c
547	que_muestra	c
547	intencion	d
547	localizacion_problema	c
547	involucrados	c
547	formalidad	a
547	tono	b
547	emociones	g
547	tipo_entidad	d
547	origen_entidad	b
547	proposito	b
547	informacion_presentada	a
547	vision	d
547	consecuencias	d
547	que_muestra	d
547	intencion	b
547	localizacion_problema	c
547	involucrados	c
547	formalidad	a
547	nivel_educacion	b
547	tono	b
547	emociones	h
547	tipo_entidad	d
547	origen_entidad	b
547	proposito	b
547	informacion_presentada	a
547	consecuencias	c
547	que_muestra	d
547	intencion	a
547	localizacion_problema	c
547	involucrados	c
547	formalidad	a
547	nivel_educacion	b
547	tono	b
547	emociones	c
504	tipo_entidad	h
504	origen_entidad	b
504	proposito	d
504	informacion_presentada	a
504	vision	d
504	consecuencias	a
504	que_muestra	d
504	intencion	d
504	localizacion_problema	b
504	involucrados	a
504	formalidad	a
504	nivel_educacion	b
504	tono	a
504	emociones	e
504	tipo_entidad	h
504	origen_entidad	b
504	proposito	d
504	informacion_presentada	a
504	vision	d
504	consecuencias	a
504	que_muestra	c
504	intencion	d
504	localizacion_problema	b
504	involucrados	a
504	formalidad	a
504	nivel_educacion	b
504	tono	a
504	emociones	h
504	tipo_entidad	h
504	origen_entidad	a
504	proposito	d
504	informacion_presentada	a
504	vision	d
504	consecuencias	a
504	que_muestra	c
504	intencion	a
504	localizacion_problema	b
504	involucrados	b
504	formalidad	a
504	nivel_educacion	b
504	tono	a
504	emociones	h
281	tipo_entidad	h
281	origen_entidad	a
281	proposito	d
281	informacion_presentada	a
281	vision	d
281	consecuencias	a
281	que_muestra	d
281	intencion	a
281	localizacion_problema	b
281	involucrados	f g c d
281	formalidad	a
281	nivel_educacion	b
281	tono	b
281	emociones	h
281	tipo_entidad	h
281	origen_entidad	b
281	proposito	b
281	informacion_presentada	a
281	vision	d
281	consecuencias	a
281	que_muestra	c
281	intencion	b
281	localizacion_problema	b
281	involucrados	c
281	formalidad	a
281	nivel_educacion	b
281	tono	b
281	emociones	c
281	tipo_entidad	h
281	origen_entidad	a
281	proposito	b
281	informacion_presentada	a
281	vision	d
281	consecuencias	a
281	que_muestra	d
281	intencion	b
281	localizacion_problema	c
281	involucrados	f c
281	formalidad	a
281	nivel_educacion	b
281	tono	b
281	emociones	h
511	tipo_entidad	h
511	origen_entidad	b
511	proposito	d
511	informacion_presentada	a
511	vision	d
511	consecuencias	c
511	que_muestra	d
511	intencion	a
511	localizacion_problema	c
511	involucrados	c
511	formalidad	a
511	nivel_educacion	b
511	tono	b
511	emociones	h
511	tipo_entidad	h
511	origen_entidad	b
511	proposito	d
511	informacion_presentada	a
511	vision	d
511	consecuencias	c
511	que_muestra	d
511	intencion	a
511	localizacion_problema	b
511	involucrados	b
511	formalidad	a
511	nivel_educacion	b
511	tono	b
511	emociones	h
511	tipo_entidad	h
511	origen_entidad	b
511	proposito	b
511	informacion_presentada	a
511	vision	d
511	consecuencias	c
511	que_muestra	d
511	intencion	a
511	localizacion_problema	b
511	involucrados	c
511	formalidad	a
511	nivel_educacion	b
511	tono	b
511	emociones	e
274	tipo_entidad	b
274	origen_entidad	b
274	proposito	d
274	informacion_presentada	a
274	vision	d
274	consecuencias	a
274	que_muestra	d
274	intencion	a
274	localizacion_problema	b
274	involucrados	f
274	formalidad	a
274	nivel_educacion	b
274	tono	b
274	emociones	g
274	tipo_entidad	b
274	origen_entidad	b
274	proposito	d
274	informacion_presentada	a
274	vision	d
274	consecuencias	a
274	que_muestra	b
274	intencion	b
274	localizacion_problema	c
274	involucrados	f e
274	formalidad	a
274	nivel_educacion	b
274	tono	b
274	emociones	h
274	tipo_entidad	b
274	origen_entidad	b
274	proposito	d
274	informacion_presentada	a
274	vision	d
274	consecuencias	a b
274	que_muestra	d
274	intencion	c
274	localizacion_problema	c
274	involucrados	a
274	formalidad	a
274	nivel_educacion	b
274	tono	b
274	emociones	h
222	tipo_entidad	b
222	origen_entidad	a
222	proposito	h
222	informacion_presentada	a
222	vision	d
222	consecuencias	a
222	que_muestra	d
222	intencion	e
222	localizacion_problema	b
222	involucrados	a f b
222	formalidad	a
222	nivel_educacion	b
222	tono	b
222	emociones	h
222	tipo_entidad	b
222	origen_entidad	a
222	proposito	d
222	informacion_presentada	a
222	vision	d
222	consecuencias	a
222	que_muestra	c
222	intencion	e
222	localizacion_problema	b
222	involucrados	a
222	formalidad	a
222	nivel_educacion	b
222	tono	a
222	emociones	h
222	tipo_entidad	b
222	origen_entidad	a
222	proposito	h
222	informacion_presentada	a
222	vision	d
222	consecuencias	a
222	que_muestra	c
222	intencion	e
222	localizacion_problema	b
222	involucrados	e
222	formalidad	a
222	nivel_educacion	b
222	tono	b
222	emociones	h
204	tipo_entidad	b
204	origen_entidad	a
204	proposito	d
204	informacion_presentada	a
204	vision	d
204	consecuencias	a
204	que_muestra	c
204	intencion	a
204	localizacion_problema	b
204	involucrados	a
204	formalidad	a
204	nivel_educacion	b
204	tono	b
204	emociones	h
204	tipo_entidad	b
204	origen_entidad	a
204	proposito	d
204	informacion_presentada	a
204	vision	b
204	consecuencias	a
204	que_muestra	c
204	intencion	a
204	localizacion_problema	b
204	involucrados	a
204	formalidad	a
204	nivel_educacion	b
204	tono	b
204	emociones	c
204	tipo_entidad	b
204	origen_entidad	a
204	proposito	c
204	informacion_presentada	a
204	vision	b
204	consecuencias	a
204	que_muestra	b
204	intencion	a
204	localizacion_problema	b
204	involucrados	a
204	formalidad	a
204	nivel_educacion	b
204	tono	b
204	emociones	e
351	tipo_entidad	b
351	origen_entidad	b
351	proposito	d
351	informacion_presentada	a
351	vision	d
351	consecuencias	a
351	que_muestra	b
351	intencion	a
351	localizacion_problema	b
351	involucrados	h
351	formalidad	a
351	nivel_educacion	b
351	tono	a
351	emociones	g
351	tipo_entidad	b
351	origen_entidad	b
351	proposito	d
351	informacion_presentada	a
351	vision	d
351	consecuencias	c
351	que_muestra	d
351	intencion	c
351	localizacion_problema	c
351	involucrados	c
351	formalidad	a
351	nivel_educacion	b
351	tono	a
351	emociones	h
351	tipo_entidad	b
351	origen_entidad	b
351	proposito	d
351	informacion_presentada	a
351	vision	d
351	consecuencias	a
351	que_muestra	d
351	intencion	c
351	localizacion_problema	c
351	involucrados	f
351	formalidad	a
351	nivel_educacion	b
351	tono	a
351	emociones	h
228	tipo_entidad	h
228	origen_entidad	b
228	proposito	d
228	informacion_presentada	a
228	vision	d
228	consecuencias	c
228	que_muestra	c
228	intencion	a
228	localizacion_problema	b
228	formalidad	a
228	nivel_educacion	b
228	tono	b
228	tipo_entidad	h
228	origen_entidad	b
228	proposito	d
228	informacion_presentada	a
228	vision	d
228	consecuencias	c
228	que_muestra	d
228	intencion	a
228	localizacion_problema	b
228	formalidad	a
228	nivel_educacion	b
228	tono	b
228	emociones	c
228	tipo_entidad	h
228	origen_entidad	b
228	proposito	d
228	informacion_presentada	a
228	vision	d
228	consecuencias	c
228	que_muestra	c
228	intencion	a
228	localizacion_problema	b
228	formalidad	a
228	nivel_educacion	b
228	tono	b
228	emociones	e
549	tipo_entidad	h
549	origen_entidad	b
549	proposito	d
549	informacion_presentada	a
549	vision	d
549	consecuencias	a b
549	que_muestra	d
549	intencion	a
549	localizacion_problema	b
549	involucrados	f h c
549	formalidad	a
549	nivel_educacion	b
549	tono	b
549	emociones	h
549	tipo_entidad	h
549	origen_entidad	b
549	proposito	d
549	informacion_presentada	a
549	vision	a
549	consecuencias	c
549	que_muestra	d
549	intencion	a
549	localizacion_problema	c
549	involucrados	f e b d h
549	formalidad	a
549	nivel_educacion	b
549	emociones	c
549	tipo_entidad	h
549	origen_entidad	b
549	proposito	b
549	informacion_presentada	a
549	consecuencias	c
549	que_muestra	c
549	intencion	a
549	localizacion_problema	b
549	involucrados	f e c d
549	formalidad	a
549	tono	b
192	tipo_entidad	h
192	origen_entidad	b
192	proposito	g a b c d
192	informacion_presentada	a
192	vision	d
192	consecuencias	c
192	que_muestra	c
192	intencion	a
192	localizacion_problema	b
192	involucrados	a g e b
192	formalidad	a
192	nivel_educacion	b
192	tono	a
192	emociones	h
192	tipo_entidad	h
192	origen_entidad	b
192	proposito	d
192	informacion_presentada	a
192	vision	d
192	consecuencias	a
192	que_muestra	c
192	intencion	c
192	localizacion_problema	b
192	involucrados	c
192	formalidad	a
192	nivel_educacion	b
192	tono	a
192	emociones	h
192	tipo_entidad	h
192	origen_entidad	b
192	proposito	g e a b c d h
192	informacion_presentada	a
192	vision	d
192	consecuencias	c
192	que_muestra	c
192	intencion	a
192	localizacion_problema	b
192	involucrados	b c f
192	formalidad	a
192	nivel_educacion	b
192	tono	a
192	emociones	h
51	tipo_entidad	h
51	origen_entidad	b
51	proposito	d
51	informacion_presentada	a
51	vision	d
51	consecuencias	c
51	que_muestra	c
51	intencion	e
51	localizacion_problema	b
51	involucrados	f h e d
51	formalidad	a
51	nivel_educacion	b
51	tono	b
51	emociones	h
51	tipo_entidad	c
51	origen_entidad	b
51	proposito	d
51	informacion_presentada	a
51	vision	d
51	consecuencias	d
51	que_muestra	c
51	intencion	a
51	localizacion_problema	b
51	involucrados	b e
51	formalidad	a
51	nivel_educacion	b
51	tono	b
51	emociones	h
51	tipo_entidad	h
51	origen_entidad	b
51	proposito	d
51	informacion_presentada	a
51	vision	d
51	consecuencias	c
51	que_muestra	c
51	intencion	a
51	localizacion_problema	b
51	involucrados	e c
51	formalidad	a
51	nivel_educacion	b
51	tono	a
51	emociones	h
38	tipo_entidad	d
38	origen_entidad	a
38	proposito	b
38	informacion_presentada	a
38	vision	d
38	consecuencias	d
38	que_muestra	d
38	intencion	c
38	localizacion_problema	b
38	involucrados	f c d
38	formalidad	a
38	nivel_educacion	b
38	tono	b
38	emociones	h
38	tipo_entidad	d
38	origen_entidad	b
38	proposito	d
38	informacion_presentada	a
38	vision	d
38	consecuencias	c
38	que_muestra	c
38	intencion	c
38	localizacion_problema	b
38	involucrados	f d
38	formalidad	a
38	nivel_educacion	b
38	tono	b
38	emociones	g
38	tipo_entidad	d
38	origen_entidad	a
38	proposito	b
38	informacion_presentada	a
38	vision	d
38	consecuencias	d
38	que_muestra	c
38	intencion	c
38	localizacion_problema	c
38	involucrados	c
38	formalidad	a
38	nivel_educacion	b
38	tono	a
38	emociones	c
167	tipo_entidad	h
167	origen_entidad	b
167	proposito	d
167	informacion_presentada	a
167	vision	d
167	consecuencias	c
167	que_muestra	d
167	intencion	a
167	localizacion_problema	c
167	involucrados	c
167	formalidad	a
167	nivel_educacion	b
167	tono	b
167	emociones	h
167	tipo_entidad	h
167	origen_entidad	b
167	proposito	b
167	informacion_presentada	a
167	vision	d
167	consecuencias	c
167	que_muestra	d
167	intencion	c
167	localizacion_problema	b
167	involucrados	c
167	formalidad	a
167	nivel_educacion	b
167	tono	b
167	emociones	h
167	tipo_entidad	h
167	origen_entidad	b
167	proposito	d
167	informacion_presentada	a
167	vision	d
167	consecuencias	c
167	que_muestra	d
167	intencion	f
167	localizacion_problema	a
167	involucrados	f e c d h
167	formalidad	a
167	nivel_educacion	b
167	tono	b
167	emociones	g
303	tipo_entidad	h
303	origen_entidad	b
303	proposito	d
303	informacion_presentada	a
303	vision	d
303	consecuencias	a
303	que_muestra	c
303	intencion	b
303	localizacion_problema	b
303	involucrados	c
303	formalidad	a
303	nivel_educacion	b
303	tono	b
303	emociones	h
303	tipo_entidad	h
303	origen_entidad	b
303	proposito	d
303	informacion_presentada	a
303	vision	d
303	consecuencias	a
303	que_muestra	c
303	intencion	b
303	localizacion_problema	c
303	involucrados	b e c f
303	formalidad	a
303	nivel_educacion	b
303	tono	b
303	emociones	h
303	tipo_entidad	h
303	origen_entidad	b
303	proposito	d
303	informacion_presentada	a
303	vision	d
303	consecuencias	d
303	que_muestra	d
303	intencion	b
303	localizacion_problema	b
303	involucrados	e c
303	formalidad	a
303	nivel_educacion	b
303	tono	a
303	emociones	h
91	tipo_entidad	c
91	origen_entidad	b
91	proposito	d
91	informacion_presentada	a
91	vision	d
91	consecuencias	b
91	que_muestra	c
91	intencion	c
91	localizacion_problema	b
91	involucrados	a g e c
91	formalidad	a
91	nivel_educacion	b
91	tono	b
91	emociones	c
91	tipo_entidad	c
91	origen_entidad	b
91	proposito	e d
91	informacion_presentada	a
91	vision	d
91	consecuencias	c
91	que_muestra	c
91	intencion	c
91	localizacion_problema	b
91	involucrados	b c f d
91	formalidad	a
91	nivel_educacion	b
91	tono	a
91	emociones	d
91	tipo_entidad	c
91	origen_entidad	b
91	proposito	d
91	informacion_presentada	a
91	vision	d
91	consecuencias	c
91	que_muestra	c
91	intencion	c
91	localizacion_problema	b
91	involucrados	f g e d
91	formalidad	a
91	nivel_educacion	b
91	tono	a
91	emociones	c
516	tipo_entidad	b
516	origen_entidad	a
516	proposito	c
516	informacion_presentada	a
516	vision	d
516	consecuencias	c
516	que_muestra	c
516	intencion	a
516	localizacion_problema	b
516	involucrados	b
516	formalidad	a
516	nivel_educacion	b
516	tono	b
516	emociones	g
516	tipo_entidad	b
516	origen_entidad	a
516	proposito	d
516	informacion_presentada	a
516	vision	d
516	consecuencias	c
516	que_muestra	d
516	intencion	a
516	localizacion_problema	c
516	involucrados	b
516	formalidad	a
516	nivel_educacion	b
516	tono	b
516	emociones	g
516	tipo_entidad	b
516	origen_entidad	a
516	proposito	d
516	informacion_presentada	a
516	vision	d
516	consecuencias	c
516	que_muestra	c
516	intencion	a
516	localizacion_problema	c
516	involucrados	c
516	formalidad	a
516	nivel_educacion	b
516	tono	b
516	emociones	h
372	tipo_entidad	h
372	origen_entidad	b
372	proposito	d
372	informacion_presentada	a
372	vision	d
372	consecuencias	c
372	que_muestra	c
372	intencion	a
372	localizacion_problema	b
372	involucrados	f e c d
372	formalidad	a
372	nivel_educacion	b
372	tono	b
372	emociones	h
372	tipo_entidad	h
372	origen_entidad	b
372	proposito	e c d
372	informacion_presentada	a
372	vision	d
372	consecuencias	c
372	que_muestra	d
372	intencion	a
372	localizacion_problema	b
372	involucrados	e
372	formalidad	a
372	nivel_educacion	b
372	tono	b
372	emociones	h
372	tipo_entidad	h
372	origen_entidad	b
372	proposito	b
372	informacion_presentada	a
372	vision	d
372	consecuencias	c
372	que_muestra	d
372	intencion	c
372	localizacion_problema	c
372	involucrados	e d
372	formalidad	a
372	nivel_educacion	b
372	tono	b
372	emociones	g
568	tipo_entidad	a
568	origen_entidad	b
568	proposito	b
568	informacion_presentada	a
568	vision	d
568	consecuencias	c
568	que_muestra	d
568	intencion	a
568	localizacion_problema	c
568	involucrados	b
568	formalidad	a
568	nivel_educacion	b
568	tono	b
568	emociones	e
568	tipo_entidad	a
568	origen_entidad	b
568	proposito	c
568	informacion_presentada	a
568	vision	d
568	consecuencias	c
568	que_muestra	c
568	intencion	a
568	localizacion_problema	b
568	involucrados	b
568	formalidad	a
568	nivel_educacion	b
568	tono	b
568	emociones	h
568	tipo_entidad	a
568	origen_entidad	b
568	proposito	c
568	informacion_presentada	a
568	vision	d
568	consecuencias	c
568	que_muestra	d
568	intencion	a
568	localizacion_problema	b
568	involucrados	d
568	formalidad	a
568	nivel_educacion	b
568	tono	b
568	emociones	b
280	tipo_entidad	b
280	origen_entidad	a
280	proposito	d
280	informacion_presentada	a
280	vision	d
280	consecuencias	a
280	que_muestra	c
280	intencion	a
280	localizacion_problema	b
280	involucrados	e
280	formalidad	a
280	nivel_educacion	b
280	tono	a
280	emociones	e
280	tipo_entidad	b
280	origen_entidad	b
280	proposito	d
280	informacion_presentada	a
280	vision	d
280	consecuencias	a
280	que_muestra	d
280	intencion	b
280	localizacion_problema	b
280	involucrados	b
280	formalidad	a
280	nivel_educacion	b
280	tono	b
280	emociones	a
280	tipo_entidad	b
280	origen_entidad	b
280	proposito	d
280	informacion_presentada	a
280	vision	d
280	consecuencias	a
280	que_muestra	c
280	intencion	c
280	localizacion_problema	c
280	involucrados	e
280	formalidad	a
280	nivel_educacion	b
280	tono	a
280	emociones	g
97	tipo_entidad	h
97	origen_entidad	b
97	proposito	d
97	informacion_presentada	a
97	vision	d
97	consecuencias	a
97	que_muestra	d
97	intencion	d
97	localizacion_problema	b
97	involucrados	e
97	formalidad	a
97	nivel_educacion	b
97	tono	b
97	emociones	h
97	tipo_entidad	h
97	origen_entidad	b
97	proposito	b
97	informacion_presentada	a
97	vision	d
97	consecuencias	d
97	que_muestra	d
97	intencion	e
97	localizacion_problema	c
97	involucrados	f e c d
97	formalidad	a
97	nivel_educacion	b
97	tono	b
97	emociones	e
97	tipo_entidad	h
97	origen_entidad	b
97	proposito	d
97	informacion_presentada	a
97	vision	d
97	consecuencias	a
97	que_muestra	d
97	intencion	a
97	localizacion_problema	c
97	involucrados	e
97	formalidad	a
97	nivel_educacion	b
97	tono	b
97	emociones	h
163	tipo_entidad	g
163	origen_entidad	a
163	proposito	h e d
163	informacion_presentada	a
163	vision	d
163	consecuencias	a
163	que_muestra	d
163	intencion	b
163	localizacion_problema	b
163	involucrados	b
163	formalidad	a
163	nivel_educacion	b
163	tono	a
163	emociones	h
163	tipo_entidad	g
163	origen_entidad	b
163	proposito	g h d
163	informacion_presentada	a
163	vision	d
163	consecuencias	d
163	que_muestra	d
163	intencion	b
163	involucrados	b
163	formalidad	a
163	nivel_educacion	b
163	tono	b
163	emociones	g
163	tipo_entidad	g
163	origen_entidad	a
163	proposito	d
163	informacion_presentada	a
163	vision	d
163	consecuencias	a
163	que_muestra	d
163	intencion	a c
163	localizacion_problema	c
163	involucrados	e d
163	formalidad	a
163	nivel_educacion	b
163	tono	a
163	emociones	h
493	tipo_entidad	h
493	origen_entidad	a
493	proposito	d
493	informacion_presentada	a
493	vision	d
493	consecuencias	c
493	que_muestra	c
493	intencion	a
493	localizacion_problema	c
493	involucrados	f d
493	formalidad	a
493	nivel_educacion	b
493	tono	b
493	emociones	h
493	tipo_entidad	h
493	origen_entidad	a
493	proposito	d
493	informacion_presentada	a
493	vision	d
493	consecuencias	b
493	que_muestra	c
493	intencion	a
493	localizacion_problema	c
493	involucrados	f
493	formalidad	a
493	nivel_educacion	b
493	tono	b
493	emociones	c
493	tipo_entidad	h
493	origen_entidad	a
493	proposito	g d
493	informacion_presentada	a
493	vision	d
493	consecuencias	c
493	que_muestra	c
493	intencion	a
493	localizacion_problema	c
493	involucrados	a e f
493	formalidad	a
493	nivel_educacion	b
493	tono	a
493	emociones	h
43	tipo_entidad	h
43	origen_entidad	b
43	proposito	d
43	informacion_presentada	a
43	vision	d
43	consecuencias	c
43	que_muestra	c
43	intencion	a
43	localizacion_problema	b
43	involucrados	a f
43	formalidad	a
43	nivel_educacion	b
43	tono	b
43	emociones	g
43	tipo_entidad	h
43	origen_entidad	b
43	proposito	d
43	informacion_presentada	a
43	vision	d
43	consecuencias	c
43	que_muestra	c
43	intencion	c
43	localizacion_problema	b
43	involucrados	g e c
43	formalidad	a
43	nivel_educacion	b
43	tono	b
43	emociones	h
43	tipo_entidad	h
43	origen_entidad	b
43	proposito	d
43	informacion_presentada	a
43	vision	d
43	consecuencias	c
43	que_muestra	c
43	intencion	a
43	localizacion_problema	b
43	involucrados	e
43	formalidad	a
43	nivel_educacion	b
43	tono	a
43	emociones	h
62	tipo_entidad	b
62	origen_entidad	a
62	proposito	d
62	informacion_presentada	a
62	vision	d
62	consecuencias	c
62	que_muestra	c
62	intencion	c
62	localizacion_problema	b
62	involucrados	c
62	formalidad	a
62	nivel_educacion	b
62	tono	a
62	emociones	f
62	tipo_entidad	h
62	origen_entidad	b
62	proposito	d
62	informacion_presentada	a
62	vision	d
62	consecuencias	a
62	que_muestra	c
62	intencion	c
62	localizacion_problema	c
62	involucrados	e
62	formalidad	a
62	nivel_educacion	b
62	tono	a
62	emociones	g
62	tipo_entidad	h
62	origen_entidad	b
62	proposito	c d
62	informacion_presentada	a
62	vision	d
62	consecuencias	c
62	que_muestra	c
62	intencion	b
62	localizacion_problema	b
62	involucrados	f
62	formalidad	a
62	nivel_educacion	b
62	tono	a
62	emociones	d
383	tipo_entidad	h
383	origen_entidad	b
383	proposito	d
383	informacion_presentada	a
383	vision	d
383	consecuencias	c
383	que_muestra	c
383	intencion	c
383	localizacion_problema	b
383	involucrados	f h c d
383	formalidad	a
383	nivel_educacion	b
383	tono	b
383	emociones	h
383	tipo_entidad	h
383	origen_entidad	b
383	proposito	d
383	informacion_presentada	a
383	vision	d
383	consecuencias	c
383	que_muestra	c
383	intencion	a
383	localizacion_problema	b
383	involucrados	f g c d
383	formalidad	a
383	nivel_educacion	b
383	tono	b
383	emociones	g
383	tipo_entidad	h
383	origen_entidad	a
383	proposito	d
383	informacion_presentada	a
383	vision	d
383	consecuencias	c
383	que_muestra	c
383	intencion	a
383	localizacion_problema	b
383	involucrados	f g e c
383	formalidad	a
383	nivel_educacion	b
383	tono	b
383	emociones	c
354	tipo_entidad	h
354	origen_entidad	a
354	proposito	d
354	informacion_presentada	a
354	vision	d
354	consecuencias	c
354	que_muestra	d
354	intencion	a
354	localizacion_problema	b
354	involucrados	c
354	formalidad	a
354	nivel_educacion	b
354	tono	b
354	emociones	f
354	tipo_entidad	h
354	origen_entidad	a
354	proposito	d
354	informacion_presentada	a
354	vision	d
354	consecuencias	c
354	que_muestra	d
354	intencion	a
354	localizacion_problema	b
354	involucrados	b c f
354	formalidad	a
354	nivel_educacion	b
354	tono	b
354	emociones	h
354	tipo_entidad	h
354	origen_entidad	a
354	proposito	d
354	informacion_presentada	a
354	vision	d
354	consecuencias	c
354	que_muestra	b
354	intencion	a
354	localizacion_problema	c
354	involucrados	c
354	formalidad	a
354	nivel_educacion	b
354	tono	b
354	emociones	e
170	tipo_entidad	g
170	origen_entidad	a
170	proposito	i e h
170	informacion_presentada	a
170	vision	d
170	consecuencias	a
170	que_muestra	a
170	intencion	e
170	localizacion_problema	b
170	involucrados	c
170	formalidad	a
170	nivel_educacion	b
170	tono	b
170	emociones	h
170	tipo_entidad	h
170	origen_entidad	b
170	proposito	b
170	informacion_presentada	a
170	vision	d
170	consecuencias	a
170	que_muestra	c
170	intencion	c
170	localizacion_problema	b
170	involucrados	a
170	formalidad	a
170	nivel_educacion	b
170	tono	a
170	emociones	d
170	tipo_entidad	h
170	origen_entidad	a
170	proposito	b
170	informacion_presentada	a
170	vision	d
170	consecuencias	a
170	que_muestra	b
170	intencion	a
170	localizacion_problema	b
170	involucrados	c
170	formalidad	a
170	nivel_educacion	a
170	tono	b
170	emociones	a
472	tipo_entidad	h
472	origen_entidad	b
472	proposito	d
472	informacion_presentada	a
472	vision	d
472	consecuencias	c
472	que_muestra	d
472	intencion	a
472	localizacion_problema	b
472	involucrados	b
472	formalidad	a
472	nivel_educacion	b
472	tono	b
472	emociones	c
472	tipo_entidad	h
472	origen_entidad	a
472	proposito	d
472	informacion_presentada	a
472	vision	d
472	consecuencias	c
472	que_muestra	c
472	intencion	a
472	localizacion_problema	b
472	involucrados	c
472	formalidad	a
472	nivel_educacion	b
472	tono	b
472	emociones	e
472	tipo_entidad	h
472	origen_entidad	b
472	proposito	b
472	informacion_presentada	a
472	vision	d
472	consecuencias	c
472	que_muestra	d
472	intencion	a
472	localizacion_problema	b
472	involucrados	e
472	formalidad	a
472	nivel_educacion	b
472	tono	b
472	emociones	h
227	tipo_entidad	b
227	origen_entidad	a
227	proposito	h d
227	informacion_presentada	a
227	vision	d
227	consecuencias	a
227	que_muestra	a
227	intencion	f
227	localizacion_problema	b
227	involucrados	e c
227	formalidad	a
227	nivel_educacion	b
227	tono	b
227	emociones	h
227	tipo_entidad	b
227	origen_entidad	b
227	proposito	i h e d
227	informacion_presentada	a
227	vision	d
227	consecuencias	a
227	que_muestra	c
227	intencion	e
227	localizacion_problema	b
227	involucrados	a f
227	formalidad	a
227	nivel_educacion	b
227	tono	b
227	emociones	h
227	tipo_entidad	b
227	origen_entidad	a
227	proposito	e d
227	informacion_presentada	a
227	vision	d
227	consecuencias	a
227	que_muestra	d
227	intencion	f
227	localizacion_problema	c
227	involucrados	a g e b
227	formalidad	a
227	nivel_educacion	b
227	tono	b
227	emociones	h
56	tipo_entidad	h
56	origen_entidad	b
56	proposito	f g e a b c d i h
56	informacion_presentada	a
56	vision	d
56	consecuencias	c
56	que_muestra	d
56	intencion	a
56	localizacion_problema	c
56	involucrados	f c d
56	formalidad	a
56	nivel_educacion	b
56	tono	b
56	emociones	h
56	tipo_entidad	h
56	origen_entidad	b
56	proposito	a e b d
56	informacion_presentada	a b
56	vision	c
56	consecuencias	c
56	que_muestra	b
56	intencion	e
56	localizacion_problema	c
56	involucrados	f a b c h
56	formalidad	a
56	nivel_educacion	b
56	tono	b
56	emociones	h
56	tipo_entidad	h
56	origen_entidad	b
56	proposito	a b d
56	informacion_presentada	a
56	vision	d
56	consecuencias	c
56	que_muestra	d
56	intencion	e
56	localizacion_problema	c
56	involucrados	c
56	formalidad	a
56	nivel_educacion	b
56	tono	b
56	emociones	h
193	tipo_entidad	b
193	origen_entidad	b
193	proposito	d
193	informacion_presentada	a
193	vision	d
193	consecuencias	d
193	que_muestra	c
193	intencion	b
193	localizacion_problema	b
193	involucrados	c
193	formalidad	a
193	nivel_educacion	b
193	tono	a
193	emociones	h
193	tipo_entidad	b
193	origen_entidad	b
193	proposito	d
193	informacion_presentada	a
193	vision	d
193	consecuencias	a
193	que_muestra	d
193	intencion	c
193	localizacion_problema	c
193	involucrados	b
193	formalidad	a
193	nivel_educacion	b
193	tono	b
193	emociones	h
193	tipo_entidad	b
193	origen_entidad	b
193	proposito	d
193	informacion_presentada	a
193	vision	d
193	consecuencias	d
193	que_muestra	d
193	intencion	b
193	localizacion_problema	c
193	involucrados	c
193	formalidad	a
193	nivel_educacion	b
193	tono	b
193	emociones	h
119	tipo_entidad	a
119	origen_entidad	b
119	proposito	d
119	informacion_presentada	a
119	vision	d
119	consecuencias	c
119	que_muestra	d
119	intencion	a
119	localizacion_problema	b
119	involucrados	f c d
119	formalidad	a
119	nivel_educacion	b
119	tono	a
119	emociones	g
119	tipo_entidad	a
119	origen_entidad	b
119	proposito	d
119	informacion_presentada	a
119	vision	d
119	consecuencias	c
119	que_muestra	d
119	intencion	a
119	localizacion_problema	b
119	involucrados	e c d
119	formalidad	a
119	nivel_educacion	b
119	tono	b
119	emociones	f
119	tipo_entidad	a
119	origen_entidad	b
119	proposito	d
119	informacion_presentada	a
119	vision	d
119	consecuencias	c
119	que_muestra	d
119	intencion	a
119	localizacion_problema	c
119	involucrados	c
119	formalidad	a
119	nivel_educacion	b
119	tono	b
119	emociones	h
349	tipo_entidad	h
349	origen_entidad	b
349	proposito	d
349	informacion_presentada	a
349	vision	d
349	consecuencias	b
349	que_muestra	d
349	intencion	b
349	localizacion_problema	c
349	involucrados	c
349	formalidad	a
349	nivel_educacion	b
349	tono	a
349	emociones	h
349	tipo_entidad	h
349	origen_entidad	b
349	proposito	d
349	informacion_presentada	a
349	vision	d
349	consecuencias	a
349	que_muestra	c
349	intencion	c
349	localizacion_problema	c
349	involucrados	c
349	formalidad	a
349	nivel_educacion	b
349	tono	b
349	emociones	h
349	tipo_entidad	h
349	origen_entidad	b
349	proposito	c
349	informacion_presentada	a
349	vision	d
349	consecuencias	b
349	que_muestra	c
349	intencion	a
349	localizacion_problema	b
349	involucrados	c
349	formalidad	a
349	nivel_educacion	b
349	tono	b
349	emociones	a
442	tipo_entidad	h
442	origen_entidad	a
442	proposito	d
442	informacion_presentada	a
442	vision	d
442	consecuencias	c
442	que_muestra	d
442	intencion	e
442	localizacion_problema	c
442	involucrados	b
442	formalidad	a
442	nivel_educacion	b
442	tono	b
442	emociones	h
442	tipo_entidad	h
442	origen_entidad	b
442	proposito	d
442	informacion_presentada	a
442	vision	d
442	consecuencias	c
442	que_muestra	d
442	intencion	a
442	localizacion_problema	c
442	involucrados	c
442	formalidad	a
442	nivel_educacion	b
442	tono	b
442	emociones	h
442	tipo_entidad	h
442	origen_entidad	a
442	proposito	d
442	informacion_presentada	a
442	vision	d
442	consecuencias	c
442	que_muestra	d
442	intencion	a
442	localizacion_problema	c
442	involucrados	a
442	formalidad	a
442	nivel_educacion	b
442	tono	a
442	emociones	a
47	tipo_entidad	h
47	origen_entidad	b
47	proposito	d
47	informacion_presentada	a
47	vision	d
47	consecuencias	a
47	que_muestra	d
47	intencion	a
47	localizacion_problema	b
47	involucrados	c
47	formalidad	a
47	nivel_educacion	b
47	tono	b
47	emociones	h
47	tipo_entidad	h
47	origen_entidad	b
47	proposito	d
47	informacion_presentada	a
47	vision	d
47	consecuencias	a
47	que_muestra	c
47	intencion	b
47	localizacion_problema	b
47	involucrados	f c d
47	formalidad	a
47	nivel_educacion	b
47	tono	b
47	emociones	h
47	tipo_entidad	h
47	origen_entidad	b
47	proposito	a g b d
47	informacion_presentada	a
47	vision	d
47	consecuencias	b
47	que_muestra	d
47	intencion	a
47	localizacion_problema	b
47	involucrados	c
47	formalidad	a
47	nivel_educacion	b
47	tono	b
47	emociones	f
447	tipo_entidad	h
447	origen_entidad	b
447	proposito	d
447	informacion_presentada	a
447	vision	d
447	consecuencias	c
447	que_muestra	b
447	intencion	a
447	localizacion_problema	b
447	involucrados	f g e b c d
447	formalidad	a
447	nivel_educacion	b
447	tono	b
447	emociones	h
447	tipo_entidad	h
447	origen_entidad	b
447	proposito	b
447	informacion_presentada	a
447	vision	d
447	consecuencias	a
447	que_muestra	c
447	intencion	a
447	localizacion_problema	b
447	involucrados	f e d
447	formalidad	a
447	nivel_educacion	b
447	tono	b
447	emociones	e
447	tipo_entidad	h
447	origen_entidad	b
447	proposito	d
447	informacion_presentada	a
447	vision	d
447	consecuencias	a
447	que_muestra	b
447	intencion	a
447	localizacion_problema	b
447	involucrados	f e c
447	formalidad	a
447	nivel_educacion	b
447	tono	b
447	emociones	h
505	tipo_entidad	b
505	origen_entidad	a
505	proposito	h
505	informacion_presentada	a
505	vision	d
505	consecuencias	a
505	que_muestra	c
505	intencion	c
505	localizacion_problema	b
505	involucrados	f e d
505	formalidad	a
505	nivel_educacion	b
505	tono	a
505	emociones	h
505	tipo_entidad	b
505	origen_entidad	a
505	proposito	d
505	informacion_presentada	a
505	vision	a
505	consecuencias	a
505	que_muestra	c
505	intencion	e
505	localizacion_problema	b
505	involucrados	a f e b
505	formalidad	a
505	nivel_educacion	b
505	tono	a
505	emociones	c
505	tipo_entidad	b
505	origen_entidad	a
505	proposito	h
505	informacion_presentada	a
505	vision	d
505	consecuencias	a
505	que_muestra	c
505	intencion	c
505	localizacion_problema	b
505	involucrados	f h e d
505	formalidad	a
505	nivel_educacion	b
505	tono	a
505	emociones	g
439	tipo_entidad	h
439	origen_entidad	a
439	proposito	d
439	informacion_presentada	a
439	vision	d
439	consecuencias	c
439	que_muestra	d
439	intencion	b
439	localizacion_problema	a
439	involucrados	c
439	formalidad	a
439	nivel_educacion	b
439	tono	b
439	emociones	h
439	tipo_entidad	h
439	origen_entidad	b
439	proposito	d
439	informacion_presentada	a
439	vision	d
439	consecuencias	c
439	que_muestra	c
439	intencion	a
439	localizacion_problema	a
439	involucrados	b
439	formalidad	a
439	nivel_educacion	b
439	tono	a
439	emociones	c
439	tipo_entidad	h
439	origen_entidad	b
439	proposito	d
439	informacion_presentada	a
439	vision	d
439	consecuencias	c
439	que_muestra	d
439	intencion	b
439	localizacion_problema	a
439	involucrados	b c
439	formalidad	a
439	nivel_educacion	b
439	tono	a
439	emociones	h
104	tipo_entidad	h
104	origen_entidad	b
104	proposito	c
104	informacion_presentada	a
104	vision	d
104	consecuencias	d
104	que_muestra	d
104	intencion	a
104	localizacion_problema	c
104	involucrados	c
104	formalidad	a
104	nivel_educacion	b
104	tono	a
104	emociones	b
104	tipo_entidad	h
104	origen_entidad	b
104	proposito	d
104	informacion_presentada	a
104	vision	d
104	consecuencias	a
104	que_muestra	d
104	intencion	a
104	localizacion_problema	c
104	involucrados	c
104	formalidad	a
104	nivel_educacion	b
104	tono	a
104	emociones	h
104	tipo_entidad	h
104	origen_entidad	b
104	proposito	b
104	informacion_presentada	a
104	vision	d
104	consecuencias	d
104	que_muestra	d
104	intencion	a
104	localizacion_problema	b
104	involucrados	c
104	formalidad	a
104	nivel_educacion	b
104	tono	a
104	emociones	h
453	tipo_entidad	d
453	origen_entidad	b
453	proposito	b
453	informacion_presentada	a
453	vision	d
453	consecuencias	c
453	que_muestra	c
453	intencion	a
453	localizacion_problema	c
453	involucrados	b
453	formalidad	a
453	nivel_educacion	b
453	tono	b
453	emociones	c
453	tipo_entidad	d
453	origen_entidad	b
453	proposito	d
453	informacion_presentada	a
453	vision	d
453	consecuencias	c
453	que_muestra	c
453	intencion	a
453	localizacion_problema	b
453	involucrados	b
453	formalidad	a
453	tono	b
453	emociones	h
453	tipo_entidad	d
453	origen_entidad	b
453	proposito	d
453	informacion_presentada	a
453	vision	d
453	consecuencias	c
453	que_muestra	c
453	intencion	a
453	localizacion_problema	b
453	involucrados	c
453	formalidad	a
453	nivel_educacion	b
453	tono	b
453	emociones	h
286	tipo_entidad	h
286	origen_entidad	b
286	proposito	e
286	informacion_presentada	a
286	vision	d
286	consecuencias	c
286	que_muestra	d
286	intencion	a
286	localizacion_problema	c
286	involucrados	c
286	formalidad	a
286	nivel_educacion	b
286	tono	b
286	emociones	h
286	tipo_entidad	h
286	origen_entidad	b
286	proposito	d
286	informacion_presentada	a
286	vision	d
286	consecuencias	c
286	que_muestra	d
286	intencion	a
286	localizacion_problema	c
286	involucrados	c
286	formalidad	a
286	nivel_educacion	b
286	tono	b
286	emociones	h
286	tipo_entidad	h
286	origen_entidad	b
286	proposito	d
286	informacion_presentada	a
286	vision	d
286	consecuencias	d
286	que_muestra	c
286	intencion	b
286	localizacion_problema	b
286	involucrados	c
286	formalidad	a
286	nivel_educacion	b
286	tono	b
567	tipo_entidad	b
567	origen_entidad	b
567	proposito	d
567	informacion_presentada	a
567	vision	d
567	consecuencias	c
567	que_muestra	c
567	intencion	e
567	localizacion_problema	b
567	involucrados	e
567	formalidad	a
567	nivel_educacion	b
567	tono	a
567	emociones	h
567	tipo_entidad	b
567	origen_entidad	b
567	proposito	d
567	informacion_presentada	a
567	vision	d
567	consecuencias	d
567	que_muestra	d
567	intencion	e
567	localizacion_problema	b
567	involucrados	f
567	formalidad	a
567	nivel_educacion	b
567	tono	b
567	emociones	h
567	tipo_entidad	b
567	origen_entidad	b
567	proposito	d
567	informacion_presentada	a
567	vision	d
567	consecuencias	d
567	que_muestra	d
567	intencion	e
567	localizacion_problema	c
567	involucrados	b
567	formalidad	a
567	nivel_educacion	b
567	tono	b
567	emociones	h
360	tipo_entidad	b
360	origen_entidad	b
360	proposito	d
360	informacion_presentada	a
360	vision	d
360	consecuencias	c
360	que_muestra	d
360	intencion	b
360	localizacion_problema	b
360	involucrados	f g e c d
360	formalidad	a
360	nivel_educacion	b
360	tono	a
360	emociones	h
360	tipo_entidad	b
360	origen_entidad	b
360	proposito	d
360	informacion_presentada	a
360	vision	d
360	consecuencias	c
360	que_muestra	c
360	intencion	a
360	localizacion_problema	b
360	involucrados	c
360	formalidad	a
360	nivel_educacion	b
360	tono	a
360	emociones	h
360	tipo_entidad	b
360	origen_entidad	b
360	proposito	h d
360	informacion_presentada	a
360	vision	d
360	consecuencias	c
360	que_muestra	c
360	intencion	a
360	localizacion_problema	b
360	involucrados	b
360	formalidad	a
360	nivel_educacion	b
360	tono	a
360	emociones	h
456	tipo_entidad	h
456	origen_entidad	b
456	proposito	d
456	informacion_presentada	a
456	vision	d
456	consecuencias	c
456	que_muestra	d
456	intencion	c
456	localizacion_problema	c
456	involucrados	f
456	formalidad	a
456	nivel_educacion	b
456	tono	b
456	emociones	h
456	tipo_entidad	h
456	origen_entidad	b
456	proposito	d
456	informacion_presentada	a
456	vision	d
456	consecuencias	c
456	que_muestra	d
456	intencion	b
456	localizacion_problema	b
456	involucrados	f
456	formalidad	a
456	nivel_educacion	b
456	tono	b
456	emociones	g
456	tipo_entidad	h
456	origen_entidad	b
456	proposito	d
456	informacion_presentada	a
456	vision	d
456	consecuencias	c
456	que_muestra	d
456	intencion	a
456	localizacion_problema	b
456	involucrados	b
456	formalidad	a
456	nivel_educacion	b
456	tono	b
456	emociones	f
22	tipo_entidad	b
22	origen_entidad	b
22	proposito	d
22	informacion_presentada	a
22	vision	d
22	consecuencias	a
22	que_muestra	d
22	intencion	c
22	localizacion_problema	b
22	involucrados	f e d
22	formalidad	a
22	nivel_educacion	b
22	tono	a
22	emociones	g
22	tipo_entidad	b
22	origen_entidad	b
22	proposito	d
22	informacion_presentada	a
22	vision	d
22	consecuencias	d
22	que_muestra	c
22	intencion	e
22	localizacion_problema	b
22	involucrados	a
22	formalidad	a
22	nivel_educacion	b
22	tono	a
22	emociones	h
22	tipo_entidad	b
22	origen_entidad	b
22	proposito	d
22	informacion_presentada	a
22	vision	d
22	consecuencias	b
22	que_muestra	c
22	intencion	c
22	localizacion_problema	c
22	involucrados	f g c
22	formalidad	a
22	nivel_educacion	b
22	tono	a
22	emociones	h
461	tipo_entidad	b
461	origen_entidad	a
461	proposito	d
461	informacion_presentada	a
461	vision	d
461	consecuencias	a
461	que_muestra	d
461	intencion	a
461	localizacion_problema	c
461	involucrados	a f c b
461	formalidad	a
461	nivel_educacion	b
461	tono	b
461	emociones	h
461	tipo_entidad	b
461	origen_entidad	a
461	proposito	b
461	informacion_presentada	a
461	vision	d
461	consecuencias	c
461	que_muestra	a
461	intencion	a e
461	localizacion_problema	b
461	involucrados	f
461	formalidad	a
461	nivel_educacion	b
461	tono	a
461	emociones	f
461	tipo_entidad	b
461	origen_entidad	a
461	proposito	g h d
461	informacion_presentada	a
461	vision	a b d
461	consecuencias	c
461	que_muestra	d
461	intencion	e
461	localizacion_problema	c
461	involucrados	b
461	formalidad	a
461	nivel_educacion	b
461	tono	a
461	emociones	f
316	tipo_entidad	h
316	origen_entidad	b
316	proposito	d
316	informacion_presentada	a
316	vision	d
316	consecuencias	c
316	que_muestra	b
316	intencion	b
316	localizacion_problema	b
316	involucrados	b g
316	formalidad	a
316	nivel_educacion	b
316	tono	a
316	emociones	h
316	tipo_entidad	h
316	origen_entidad	b
316	proposito	d
316	informacion_presentada	a
316	vision	d
316	consecuencias	c
316	que_muestra	c
316	intencion	b
316	localizacion_problema	b
316	involucrados	g e c
316	formalidad	a
316	nivel_educacion	b
316	tono	a
316	emociones	h
316	tipo_entidad	h
316	origen_entidad	b
316	proposito	d
316	informacion_presentada	a
316	vision	d
316	consecuencias	c
316	que_muestra	c
316	intencion	b
316	localizacion_problema	b
316	involucrados	f g e c
316	formalidad	a
316	nivel_educacion	b
316	tono	b
316	emociones	e
268	tipo_entidad	e
268	origen_entidad	b
268	proposito	b
268	informacion_presentada	a
268	vision	d
268	consecuencias	c
268	que_muestra	c
268	intencion	c
268	localizacion_problema	c
268	involucrados	g
268	formalidad	a
268	nivel_educacion	b
268	tono	b
268	emociones	h
268	tipo_entidad	h
268	origen_entidad	a
268	proposito	b
268	informacion_presentada	a
268	vision	d
268	consecuencias	c
268	que_muestra	d
268	intencion	c
268	localizacion_problema	a
268	involucrados	g
268	formalidad	a
268	nivel_educacion	b
268	tono	b
268	emociones	h
268	tipo_entidad	e
268	origen_entidad	b
268	proposito	b
268	informacion_presentada	a
268	vision	d
268	consecuencias	a
268	que_muestra	d
268	intencion	b
268	localizacion_problema	b
268	involucrados	d
268	formalidad	a
268	nivel_educacion	b
268	tono	b
268	emociones	h
116	tipo_entidad	h
116	origen_entidad	b
116	proposito	d
116	informacion_presentada	a
116	vision	d
116	consecuencias	c
116	que_muestra	b
116	intencion	a
116	localizacion_problema	b
116	involucrados	f e a b c
116	formalidad	a
116	nivel_educacion	b
116	tono	b
116	emociones	b
116	tipo_entidad	h
116	origen_entidad	b
116	proposito	d
116	informacion_presentada	a
116	vision	d
116	consecuencias	c
116	que_muestra	d
116	intencion	b
116	localizacion_problema	b
116	involucrados	f e
116	formalidad	a
116	nivel_educacion	b
116	tono	b
116	emociones	b
116	tipo_entidad	h
116	origen_entidad	b
116	proposito	d
116	informacion_presentada	a
116	vision	d
116	consecuencias	c
116	que_muestra	c
116	intencion	a
116	localizacion_problema	b
116	involucrados	c
116	formalidad	a
116	nivel_educacion	b
116	tono	b
116	emociones	e
410	tipo_entidad	h
410	origen_entidad	b
410	proposito	d
410	informacion_presentada	a
410	vision	d
410	consecuencias	c
410	que_muestra	c
410	intencion	a
410	localizacion_problema	b
410	involucrados	c
410	formalidad	a
410	nivel_educacion	b
410	tono	b
410	emociones	h
410	tipo_entidad	h
410	origen_entidad	b
410	proposito	d
410	informacion_presentada	a
410	vision	d
410	consecuencias	c
410	que_muestra	c
410	intencion	a
410	localizacion_problema	b
410	involucrados	f g e
410	formalidad	a
410	nivel_educacion	b
410	tono	b
410	emociones	d
410	tipo_entidad	h
410	origen_entidad	b
410	proposito	d
410	informacion_presentada	a
410	vision	d
410	consecuencias	c
410	que_muestra	c
410	intencion	a
410	localizacion_problema	b
410	involucrados	a f g b
410	formalidad	a
410	nivel_educacion	b
410	tono	b
410	emociones	e
337	tipo_entidad	c
337	origen_entidad	b
337	proposito	d
337	informacion_presentada	a
337	vision	d
337	consecuencias	c
337	que_muestra	c
337	intencion	c
337	localizacion_problema	b
337	involucrados	g e
337	formalidad	a
337	nivel_educacion	b
337	tono	a
337	emociones	g
337	tipo_entidad	c
337	origen_entidad	b
337	proposito	d
337	informacion_presentada	a
337	vision	d
337	consecuencias	c
337	que_muestra	c
337	intencion	c
337	localizacion_problema	b
337	involucrados	a b
337	formalidad	a
337	nivel_educacion	b
337	tono	a
337	emociones	h
337	tipo_entidad	h
337	origen_entidad	b
337	proposito	d
337	informacion_presentada	a
337	vision	d
337	consecuencias	c
337	que_muestra	d
337	intencion	c
337	localizacion_problema	b
337	involucrados	f e d
337	formalidad	a
337	nivel_educacion	b
337	tono	a
337	emociones	h
130	tipo_entidad	h
130	origen_entidad	b
130	proposito	d
130	informacion_presentada	a
130	vision	d
130	consecuencias	c
130	que_muestra	c
130	intencion	a
130	localizacion_problema	c
130	involucrados	b
130	formalidad	a
130	nivel_educacion	b
130	tono	b
130	emociones	h
130	tipo_entidad	h
130	origen_entidad	b
130	proposito	d
130	informacion_presentada	a
130	vision	d
130	consecuencias	c
130	que_muestra	c
130	intencion	a
130	localizacion_problema	c
130	involucrados	f e c d
130	formalidad	a
130	nivel_educacion	b
130	tono	a
130	emociones	h
130	tipo_entidad	h
130	origen_entidad	b
130	proposito	d
130	informacion_presentada	a
130	vision	d
130	consecuencias	c
130	que_muestra	c
130	intencion	a
130	localizacion_problema	c
130	involucrados	f e d
130	formalidad	a
130	nivel_educacion	b
130	tono	b
130	emociones	h
415	tipo_entidad	h
415	origen_entidad	b
415	proposito	d
415	informacion_presentada	a
415	vision	d
415	consecuencias	c
415	que_muestra	c
415	intencion	c
415	localizacion_problema	c
415	involucrados	c
415	formalidad	a
415	nivel_educacion	b
415	tono	b
415	emociones	e
415	tipo_entidad	h
415	origen_entidad	b
415	proposito	d
415	informacion_presentada	a
415	vision	d
415	consecuencias	a
415	que_muestra	d
415	intencion	a
415	localizacion_problema	c
415	involucrados	a c f
415	formalidad	a
415	nivel_educacion	b
415	tono	a
415	emociones	h
415	tipo_entidad	h
415	origen_entidad	b
415	proposito	a b d
415	informacion_presentada	a
415	vision	d
415	consecuencias	c
415	que_muestra	c
415	intencion	c
415	localizacion_problema	c
415	involucrados	c
415	formalidad	a
415	nivel_educacion	b
415	tono	a
415	emociones	h
210	tipo_entidad	h
210	origen_entidad	b
210	proposito	d
210	informacion_presentada	a
210	vision	d
210	consecuencias	b
210	que_muestra	c
210	intencion	a
210	localizacion_problema	b
210	involucrados	c
210	formalidad	a
210	nivel_educacion	b
210	tono	b
210	emociones	a
210	tipo_entidad	h
210	origen_entidad	b
210	proposito	d
210	informacion_presentada	a
210	vision	d
210	consecuencias	b
210	que_muestra	d
210	intencion	a
210	localizacion_problema	b
210	involucrados	f g e d
210	formalidad	a
210	nivel_educacion	b
210	tono	b
210	emociones	h
210	tipo_entidad	h
210	origen_entidad	b
210	proposito	b
210	informacion_presentada	a
210	vision	d
210	consecuencias	c
210	que_muestra	c
210	intencion	a
210	localizacion_problema	b
210	involucrados	c
210	formalidad	a
210	nivel_educacion	b
210	tono	b
210	emociones	h
195	tipo_entidad	h
195	origen_entidad	b
195	proposito	d
195	informacion_presentada	a
195	vision	d
195	consecuencias	d
195	que_muestra	d
195	intencion	a
195	localizacion_problema	c
195	involucrados	c
195	formalidad	a
195	nivel_educacion	b
195	tono	a
195	emociones	h
195	tipo_entidad	h
195	origen_entidad	b
195	proposito	d
195	informacion_presentada	a
195	vision	d
195	consecuencias	a
195	que_muestra	d
195	intencion	b
195	localizacion_problema	c
195	involucrados	c
195	formalidad	a
195	nivel_educacion	b
195	tono	b
195	emociones	a
195	tipo_entidad	h
195	origen_entidad	b
195	proposito	g a b d i h
195	informacion_presentada	a
195	vision	d
195	consecuencias	d
195	que_muestra	d
195	intencion	a
195	localizacion_problema	c
195	involucrados	c
195	formalidad	a
195	nivel_educacion	b
195	tono	a
195	emociones	h
23	tipo_entidad	h
23	origen_entidad	b
23	proposito	d
23	informacion_presentada	a
23	vision	d
23	consecuencias	c
23	que_muestra	c
23	intencion	a
23	localizacion_problema	b
23	involucrados	b f
23	formalidad	a
23	nivel_educacion	b
23	tono	a
23	emociones	g
23	tipo_entidad	h
23	origen_entidad	b
23	proposito	d
23	informacion_presentada	a
23	vision	d
23	consecuencias	c
23	que_muestra	a
23	intencion	a
23	localizacion_problema	b
23	involucrados	b
23	formalidad	a
23	nivel_educacion	b
23	tono	b
23	emociones	g
23	tipo_entidad	h
23	origen_entidad	b
23	proposito	d
23	informacion_presentada	a
23	vision	d
23	consecuencias	c
23	que_muestra	c
23	intencion	a
23	localizacion_problema	c
23	involucrados	c
23	formalidad	a
23	nivel_educacion	b
23	tono	b
23	emociones	h
309	tipo_entidad	h
309	origen_entidad	b
309	proposito	h
309	informacion_presentada	a
309	vision	d
309	consecuencias	d
309	que_muestra	d
309	intencion	a
309	localizacion_problema	b
309	involucrados	c
309	formalidad	a
309	nivel_educacion	b
309	tono	a
309	emociones	g
309	tipo_entidad	h
309	origen_entidad	b
309	proposito	d
309	informacion_presentada	a
309	vision	d
309	consecuencias	a
309	que_muestra	d
309	intencion	e
309	localizacion_problema	b
309	involucrados	c
309	formalidad	a
309	nivel_educacion	b
309	tono	a
309	emociones	g
309	tipo_entidad	h
309	origen_entidad	b
309	proposito	d
309	informacion_presentada	a
309	vision	d
309	consecuencias	b
309	que_muestra	c
309	intencion	a
309	localizacion_problema	c
309	involucrados	c
309	formalidad	a
309	nivel_educacion	b
309	tono	a
309	emociones	h
512	tipo_entidad	d
512	origen_entidad	a
512	proposito	d
512	informacion_presentada	a
512	vision	d
512	consecuencias	c
512	que_muestra	c
512	intencion	b
512	localizacion_problema	b
512	involucrados	c
512	formalidad	a
512	nivel_educacion	b
512	tono	a
512	emociones	d
512	tipo_entidad	d
512	origen_entidad	a
512	proposito	d
512	informacion_presentada	a
512	vision	d
512	consecuencias	a
512	que_muestra	b
512	intencion	a
512	localizacion_problema	b
512	involucrados	a b
512	formalidad	a
512	nivel_educacion	b
512	tono	a
512	emociones	e
512	tipo_entidad	d
512	origen_entidad	a
512	proposito	d
512	informacion_presentada	a
512	vision	d
512	consecuencias	a
512	que_muestra	d
512	intencion	e
512	localizacion_problema	b
512	involucrados	a f c b
512	formalidad	a
512	nivel_educacion	b
512	tono	b
512	emociones	h
382	tipo_entidad	h
382	origen_entidad	b
382	proposito	b
382	informacion_presentada	a
382	vision	a
382	consecuencias	c
382	que_muestra	c
382	intencion	b
382	localizacion_problema	b
382	involucrados	c
382	formalidad	a
382	nivel_educacion	b
382	tono	b
382	emociones	h
382	tipo_entidad	h
382	origen_entidad	b
382	proposito	d
382	informacion_presentada	a
382	vision	d
382	consecuencias	c
382	que_muestra	c
382	intencion	a
382	localizacion_problema	b
382	involucrados	c
382	formalidad	a
382	nivel_educacion	b
382	tono	b
382	emociones	h
382	tipo_entidad	h
382	origen_entidad	b
382	proposito	b
382	informacion_presentada	a
382	vision	a
382	consecuencias	c
382	que_muestra	d
382	intencion	b
382	localizacion_problema	b
382	involucrados	c
382	formalidad	a
382	nivel_educacion	b
382	tono	b
382	emociones	h
593	tipo_entidad	h
593	origen_entidad	b
593	proposito	e
593	informacion_presentada	b
593	vision	d
593	consecuencias	c
593	que_muestra	d
593	intencion	c
593	localizacion_problema	b
593	involucrados	c
593	formalidad	a
593	nivel_educacion	b
593	tono	b
593	emociones	g
593	tipo_entidad	h
593	origen_entidad	b
593	proposito	e
593	informacion_presentada	a
593	vision	a b d
593	consecuencias	c
593	que_muestra	d
593	intencion	b
593	localizacion_problema	b
593	involucrados	c
593	formalidad	a
593	nivel_educacion	b
593	tono	b
593	emociones	f
593	tipo_entidad	h
593	origen_entidad	b
593	proposito	e
593	informacion_presentada	a
593	vision	d
593	consecuencias	c
593	que_muestra	d
593	intencion	e
593	localizacion_problema	c
593	involucrados	d
593	formalidad	a
593	nivel_educacion	b
593	tono	b
593	emociones	h
350	tipo_entidad	h
350	origen_entidad	b
350	proposito	d
350	informacion_presentada	a
350	vision	d
350	consecuencias	a
350	que_muestra	c
350	intencion	a
350	localizacion_problema	c
350	involucrados	c
350	formalidad	a
350	nivel_educacion	b
350	tono	b
350	emociones	h
350	tipo_entidad	h
350	origen_entidad	b
350	proposito	d
350	informacion_presentada	a
350	vision	d
350	consecuencias	a
350	que_muestra	c
350	intencion	c
350	localizacion_problema	b
350	involucrados	c
350	formalidad	a
350	nivel_educacion	b
350	tono	a
350	emociones	h
350	tipo_entidad	h
350	origen_entidad	b
350	proposito	d
350	informacion_presentada	a
350	vision	d
350	consecuencias	a
350	que_muestra	c
350	intencion	c
350	localizacion_problema	c
350	involucrados	f g e c d
350	formalidad	a
350	nivel_educacion	b
350	tono	b
350	emociones	h
225	tipo_entidad	h
225	origen_entidad	a
225	proposito	d
225	informacion_presentada	a
225	vision	d
225	consecuencias	c
225	que_muestra	d
225	intencion	a
225	localizacion_problema	b
225	involucrados	e c
225	formalidad	a
225	nivel_educacion	b
225	tono	b
225	emociones	f g e a b c d h
225	tipo_entidad	h
225	origen_entidad	b
225	proposito	d
225	informacion_presentada	a
225	vision	d
225	consecuencias	c
225	que_muestra	d
225	intencion	a
225	localizacion_problema	c
225	involucrados	f g e c
225	formalidad	a
225	nivel_educacion	b
225	tono	b
225	emociones	a
225	tipo_entidad	h
225	origen_entidad	b
225	proposito	d
225	informacion_presentada	a
225	vision	d
225	consecuencias	c
225	que_muestra	c
225	intencion	a
225	localizacion_problema	c
225	involucrados	c
225	formalidad	a
225	nivel_educacion	b
225	tono	a
225	emociones	h
211	tipo_entidad	b
211	origen_entidad	b
211	proposito	d
211	informacion_presentada	a
211	vision	d
211	consecuencias	a
211	que_muestra	c
211	intencion	a
211	localizacion_problema	b
211	involucrados	c
211	formalidad	a
211	nivel_educacion	b
211	tono	b
211	emociones	h
211	tipo_entidad	b
211	origen_entidad	b
211	proposito	d
211	informacion_presentada	a
211	vision	d
211	consecuencias	a
211	que_muestra	d
211	intencion	a
211	localizacion_problema	b
211	involucrados	c
211	formalidad	a
211	nivel_educacion	b
211	tono	b
211	emociones	h
211	tipo_entidad	b
211	origen_entidad	b
211	proposito	b
211	informacion_presentada	a
211	vision	d
211	consecuencias	a
211	que_muestra	d
211	intencion	c
211	localizacion_problema	c
211	involucrados	c
211	formalidad	a
211	nivel_educacion	b
211	tono	b
211	emociones	g
494	tipo_entidad	b
494	origen_entidad	a
494	proposito	d
494	informacion_presentada	a
494	vision	d
494	consecuencias	c
494	que_muestra	c
494	intencion	c
494	localizacion_problema	c
494	involucrados	b
494	formalidad	a
494	nivel_educacion	b
494	tono	b
494	emociones	g
494	tipo_entidad	b
494	origen_entidad	a
494	proposito	d
494	informacion_presentada	a
494	vision	d
494	consecuencias	d
494	que_muestra	c
494	intencion	e
494	localizacion_problema	c
494	involucrados	b
494	formalidad	a
494	nivel_educacion	b
494	tono	a
494	emociones	c
494	tipo_entidad	b
494	origen_entidad	a
494	proposito	d
494	informacion_presentada	a
494	vision	d
494	consecuencias	a
494	que_muestra	c
494	intencion	e
494	localizacion_problema	c
494	involucrados	e c
494	formalidad	a
494	nivel_educacion	b
494	tono	b
494	emociones	f
260	tipo_entidad	h
260	origen_entidad	b
260	proposito	d
260	informacion_presentada	a
260	vision	d
260	consecuencias	a
260	que_muestra	c
260	intencion	b
260	localizacion_problema	b
260	involucrados	c
260	formalidad	a
260	nivel_educacion	b
260	tono	a
260	emociones	g
260	tipo_entidad	h
260	origen_entidad	b
260	proposito	d
260	informacion_presentada	a
260	vision	d
260	consecuencias	a
260	que_muestra	c
260	intencion	a
260	localizacion_problema	b
260	involucrados	f e c d
260	formalidad	a
260	nivel_educacion	b
260	tono	b
260	emociones	h
260	tipo_entidad	h
260	origen_entidad	b
260	proposito	d
260	informacion_presentada	a
260	vision	d
260	consecuencias	a
260	que_muestra	d
260	intencion	a
260	localizacion_problema	b
260	involucrados	f h c
260	formalidad	a
260	nivel_educacion	b
260	tono	a
260	emociones	h
68	tipo_entidad	b
68	origen_entidad	b
68	proposito	d
68	informacion_presentada	a
68	vision	d
68	consecuencias	a
68	que_muestra	c
68	intencion	a
68	localizacion_problema	b
68	involucrados	c
68	formalidad	a
68	nivel_educacion	b
68	tono	b
68	emociones	h
68	tipo_entidad	b
68	origen_entidad	b
68	proposito	d
68	informacion_presentada	a
68	vision	d
68	consecuencias	a
68	que_muestra	c
68	intencion	c
68	localizacion_problema	b
68	involucrados	e
68	formalidad	a
68	nivel_educacion	b
68	tono	b
68	emociones	h
68	tipo_entidad	b
68	origen_entidad	b
68	proposito	d
68	informacion_presentada	a
68	vision	d
68	consecuencias	a
68	que_muestra	d
68	intencion	c
68	localizacion_problema	b
68	involucrados	c
68	formalidad	a
68	nivel_educacion	b
68	tono	a
68	emociones	h
371	tipo_entidad	h
371	origen_entidad	b
371	proposito	d
371	informacion_presentada	a
371	vision	d
371	consecuencias	a
371	que_muestra	a
371	intencion	a
371	localizacion_problema	a
371	involucrados	c
371	formalidad	a
371	nivel_educacion	b
371	tono	b
371	emociones	b
371	tipo_entidad	h
371	origen_entidad	b
371	proposito	a h b d
371	informacion_presentada	a
371	vision	d
371	consecuencias	a c b
371	que_muestra	a
371	intencion	a
371	localizacion_problema	a
371	involucrados	a g c f
371	formalidad	a
371	nivel_educacion	b
371	tono	b
371	emociones	h
371	tipo_entidad	h
371	origen_entidad	b
371	proposito	a
371	informacion_presentada	a
371	vision	d
371	consecuencias	a
371	que_muestra	c
371	intencion	a
371	localizacion_problema	c
371	involucrados	c
371	formalidad	a
371	nivel_educacion	b
371	tono	b
371	emociones	d
178	tipo_entidad	h
178	origen_entidad	b
178	proposito	d
178	informacion_presentada	a
178	vision	d
178	consecuencias	a
178	que_muestra	d
178	intencion	a
178	localizacion_problema	b
178	involucrados	f e c
178	formalidad	a
178	nivel_educacion	b
178	tono	b
178	emociones	g
178	tipo_entidad	h
178	origen_entidad	b
178	proposito	d
178	informacion_presentada	a
178	vision	d
178	consecuencias	a
178	que_muestra	d
178	intencion	e
178	localizacion_problema	b
178	involucrados	f
178	formalidad	a
178	nivel_educacion	b
178	tono	b
178	emociones	g
178	tipo_entidad	h
178	origen_entidad	b
178	proposito	d
178	informacion_presentada	a
178	vision	d
178	consecuencias	a
178	que_muestra	d
178	intencion	a
178	localizacion_problema	b
178	involucrados	e c
178	formalidad	a
178	nivel_educacion	b
178	tono	b
178	emociones	h
138	tipo_entidad	h
138	origen_entidad	b
138	proposito	d
138	informacion_presentada	a
138	vision	d
138	consecuencias	d
138	que_muestra	d
138	intencion	a
138	localizacion_problema	b
138	involucrados	c
138	formalidad	a
138	nivel_educacion	b
138	tono	b
138	emociones	h
138	tipo_entidad	h
138	origen_entidad	b
138	proposito	d
138	informacion_presentada	a
138	vision	d
138	consecuencias	c
138	que_muestra	d
138	intencion	a
138	localizacion_problema	b
138	involucrados	c
138	formalidad	a
138	nivel_educacion	b
138	tono	b
138	emociones	h
138	tipo_entidad	h
138	origen_entidad	b
138	proposito	d
138	informacion_presentada	a
138	vision	d
138	consecuencias	d
138	que_muestra	d
138	intencion	b
138	localizacion_problema	b
138	involucrados	c
138	formalidad	a
138	nivel_educacion	b
138	tono	a
138	emociones	g
468	tipo_entidad	h
468	origen_entidad	b
468	proposito	d
468	informacion_presentada	a
468	vision	d
468	consecuencias	c
468	que_muestra	c
468	intencion	a
468	localizacion_problema	b
468	involucrados	c
468	formalidad	a
468	nivel_educacion	b
468	tono	b
468	emociones	h
468	tipo_entidad	h
468	origen_entidad	b
468	proposito	d
468	informacion_presentada	a
468	vision	d
468	consecuencias	c
468	que_muestra	c
468	intencion	a
468	localizacion_problema	b
468	involucrados	c
468	formalidad	a
468	nivel_educacion	b
468	tono	a
468	emociones	h
468	tipo_entidad	h
468	origen_entidad	b
468	proposito	d
468	informacion_presentada	a
468	vision	d
468	consecuencias	c
468	que_muestra	c
468	intencion	a
468	localizacion_problema	b
468	involucrados	b
468	formalidad	a
468	nivel_educacion	b
468	tono	a
468	emociones	h
390	tipo_entidad	h
390	origen_entidad	b
390	proposito	d
390	informacion_presentada	a
390	vision	d
390	consecuencias	c
390	que_muestra	d
390	intencion	a
390	localizacion_problema	b
390	involucrados	d
390	formalidad	a
390	nivel_educacion	b
390	tono	b
390	emociones	e
390	tipo_entidad	h
390	origen_entidad	b
390	proposito	d
390	informacion_presentada	a
390	vision	d
390	consecuencias	c
390	que_muestra	b
390	intencion	a
390	localizacion_problema	b
390	involucrados	e
390	formalidad	a
390	nivel_educacion	b
390	tono	a
390	emociones	h
390	tipo_entidad	h
390	origen_entidad	b
390	proposito	d
390	informacion_presentada	a
390	vision	d
390	consecuencias	c
390	que_muestra	c
390	intencion	a
390	localizacion_problema	c
390	involucrados	f e h
390	formalidad	a
390	nivel_educacion	b
390	tono	b
390	emociones	h
413	tipo_entidad	h
413	origen_entidad	b
413	proposito	d
413	informacion_presentada	a
413	vision	d
413	consecuencias	c
413	que_muestra	d
413	intencion	a
413	localizacion_problema	c
413	involucrados	a b
413	formalidad	a
413	nivel_educacion	b
413	tono	b
413	emociones	h
413	tipo_entidad	h
413	origen_entidad	b
413	proposito	c
413	informacion_presentada	a
413	vision	d
413	consecuencias	c
413	que_muestra	c
413	intencion	a
413	localizacion_problema	c
413	involucrados	b
413	formalidad	a
413	nivel_educacion	b
413	tono	a
413	emociones	h
413	tipo_entidad	h
413	origen_entidad	b
413	proposito	c
413	informacion_presentada	a
413	vision	d
413	consecuencias	c
413	que_muestra	c
413	intencion	a
413	localizacion_problema	b
413	involucrados	e
413	formalidad	a
413	nivel_educacion	b
413	tono	b
413	emociones	h
320	tipo_entidad	b
320	origen_entidad	a
320	proposito	d
320	informacion_presentada	a
320	vision	d
320	consecuencias	d
320	que_muestra	d
320	intencion	e
320	localizacion_problema	b
320	involucrados	b
320	formalidad	a
320	nivel_educacion	b
320	tono	a
320	emociones	e
320	tipo_entidad	b
320	origen_entidad	a
320	proposito	i
320	informacion_presentada	a
320	vision	d
320	consecuencias	c
320	que_muestra	c
320	intencion	e
320	localizacion_problema	b
320	involucrados	b
320	formalidad	a
320	nivel_educacion	b
320	tono	b
320	emociones	e
320	tipo_entidad	b
320	origen_entidad	a
320	proposito	h
320	informacion_presentada	a
320	vision	d
320	consecuencias	d
320	que_muestra	c
320	intencion	e
320	localizacion_problema	b
320	involucrados	b
320	formalidad	a
320	nivel_educacion	b
320	tono	a
320	emociones	e a b d h
507	tipo_entidad	d
507	origen_entidad	b
507	proposito	d
507	informacion_presentada	a
507	vision	d
507	consecuencias	b
507	que_muestra	b
507	intencion	a
507	localizacion_problema	b
507	involucrados	c
507	formalidad	a
507	nivel_educacion	b
507	tono	b
507	emociones	h
507	tipo_entidad	d
507	origen_entidad	b
507	proposito	d
507	informacion_presentada	a
507	vision	d
507	consecuencias	c
507	que_muestra	b
507	intencion	a
507	localizacion_problema	b
507	involucrados	b
507	formalidad	a
507	nivel_educacion	b
507	tono	b
507	emociones	h
507	tipo_entidad	d
507	origen_entidad	b
507	proposito	d
507	informacion_presentada	a
507	vision	d
507	consecuencias	b
507	que_muestra	b
507	intencion	a
507	localizacion_problema	b
507	involucrados	b c f d
507	formalidad	a
507	nivel_educacion	b
507	tono	b
507	emociones	h
452	tipo_entidad	h
452	origen_entidad	b
452	proposito	d
452	informacion_presentada	a
452	vision	d
452	consecuencias	b
452	que_muestra	c
452	intencion	b
452	localizacion_problema	b
452	involucrados	e
452	formalidad	a
452	nivel_educacion	b
452	tono	a
452	emociones	h
452	tipo_entidad	h
452	origen_entidad	b
452	proposito	d
452	informacion_presentada	a
452	vision	d
452	consecuencias	b
452	que_muestra	c
452	intencion	a
452	localizacion_problema	c
452	involucrados	f h e d
452	formalidad	a
452	nivel_educacion	b
452	tono	a
452	emociones	h
452	tipo_entidad	h
452	origen_entidad	b
452	proposito	d
452	informacion_presentada	a
452	vision	d
452	consecuencias	a
452	que_muestra	c
452	intencion	a
452	localizacion_problema	b
452	involucrados	a
452	formalidad	a
452	nivel_educacion	b
452	tono	a
452	emociones	h
385	tipo_entidad	h
385	origen_entidad	b
385	proposito	d
385	informacion_presentada	a
385	vision	d
385	consecuencias	c
385	que_muestra	c
385	intencion	c
385	localizacion_problema	b
385	involucrados	a b
385	formalidad	a
385	nivel_educacion	b
385	tono	a
385	emociones	h
385	tipo_entidad	h
385	origen_entidad	b
385	proposito	b
385	informacion_presentada	a
385	vision	d
385	consecuencias	c
385	que_muestra	c
385	intencion	a
385	localizacion_problema	b
385	involucrados	c
385	formalidad	a
385	nivel_educacion	b
385	tono	b
385	emociones	g
385	tipo_entidad	h
385	origen_entidad	b
385	proposito	d
385	informacion_presentada	a
385	vision	d
385	consecuencias	c
385	que_muestra	c
385	intencion	a
385	localizacion_problema	c
385	involucrados	b c f
385	formalidad	a
385	nivel_educacion	b
385	tono	b
385	emociones	h
411	tipo_entidad	b
411	origen_entidad	a
411	proposito	d
411	informacion_presentada	a
411	vision	d
411	consecuencias	d
411	que_muestra	c
411	intencion	a
411	localizacion_problema	b
411	involucrados	f e c d
411	formalidad	a
411	nivel_educacion	b
411	tono	b
411	emociones	g
411	tipo_entidad	b
411	origen_entidad	a
411	proposito	d
411	informacion_presentada	a
411	vision	d
411	consecuencias	d
411	que_muestra	c
411	intencion	a
411	localizacion_problema	c
411	involucrados	b
411	formalidad	a
411	nivel_educacion	b
411	tono	a
411	emociones	h
411	tipo_entidad	b
411	origen_entidad	a
411	proposito	h d
411	informacion_presentada	a
411	vision	d
411	consecuencias	d
411	que_muestra	d
411	intencion	e
411	localizacion_problema	c
411	involucrados	b
411	formalidad	a
411	nivel_educacion	b
411	tono	a
411	emociones	h
202	tipo_entidad	b
202	origen_entidad	b
202	proposito	d
202	informacion_presentada	a
202	vision	d
202	consecuencias	a
202	que_muestra	c
202	intencion	a
202	localizacion_problema	b
202	involucrados	c
202	formalidad	a
202	nivel_educacion	b
202	tono	a
202	emociones	h
202	tipo_entidad	b
202	origen_entidad	b
202	proposito	d
202	informacion_presentada	a
202	vision	d
202	consecuencias	c
202	que_muestra	c
202	intencion	a
202	localizacion_problema	b
202	involucrados	c
202	formalidad	a
202	nivel_educacion	b
202	tono	a
202	emociones	f
202	tipo_entidad	b
202	origen_entidad	b
202	proposito	d
202	informacion_presentada	a
202	vision	d
202	consecuencias	d
202	que_muestra	c
202	intencion	a
202	localizacion_problema	c
202	involucrados	f e d
202	formalidad	a
202	nivel_educacion	b
202	tono	a
202	emociones	h
233	tipo_entidad	h
233	origen_entidad	b
233	proposito	d
233	informacion_presentada	a
233	vision	d
233	consecuencias	d
233	que_muestra	d
233	intencion	b
233	localizacion_problema	b
233	involucrados	e
233	formalidad	a
233	nivel_educacion	b
233	tono	b
233	emociones	h
233	tipo_entidad	h
233	origen_entidad	b
233	proposito	d
233	informacion_presentada	a
233	vision	d
233	consecuencias	c
233	que_muestra	d
233	intencion	a
233	localizacion_problema	b
233	involucrados	b
233	formalidad	a
233	nivel_educacion	b
233	tono	b
233	emociones	h
233	tipo_entidad	h
233	origen_entidad	b
233	proposito	d
233	informacion_presentada	a
233	vision	d
233	consecuencias	c
233	que_muestra	d
233	intencion	a
233	localizacion_problema	b
233	involucrados	b g
233	formalidad	a
233	nivel_educacion	b
233	tono	b
233	emociones	h
262	tipo_entidad	h
262	origen_entidad	a
262	proposito	h d
262	informacion_presentada	a
262	vision	d
262	consecuencias	a
262	que_muestra	d
262	intencion	e
262	localizacion_problema	b
262	involucrados	a e b
262	formalidad	a
262	nivel_educacion	b
262	tono	b
262	emociones	g
262	tipo_entidad	b
262	origen_entidad	a
262	proposito	d
262	informacion_presentada	a
262	vision	d
262	consecuencias	a
262	que_muestra	d
262	intencion	e
262	localizacion_problema	b
262	involucrados	b c f
262	formalidad	a
262	nivel_educacion	b
262	tono	a
262	emociones	h
262	tipo_entidad	b
262	origen_entidad	a
262	proposito	d
262	informacion_presentada	a
262	vision	d
262	consecuencias	a
262	que_muestra	c
262	intencion	e
262	localizacion_problema	b
262	involucrados	f e d
262	formalidad	a
262	nivel_educacion	b
262	tono	b
262	emociones	h
545	tipo_entidad	a
545	origen_entidad	b
545	proposito	d
545	informacion_presentada	a
545	vision	d
545	consecuencias	c
545	que_muestra	d
545	intencion	b
545	localizacion_problema	b
545	formalidad	a
545	nivel_educacion	b
545	tono	a
545	emociones	h
545	tipo_entidad	a
545	origen_entidad	b
545	proposito	d
545	informacion_presentada	a
545	vision	d
545	consecuencias	d
545	que_muestra	d
545	intencion	e
545	localizacion_problema	c
545	involucrados	c
545	formalidad	a
545	nivel_educacion	b
545	tono	b
545	emociones	g
545	tipo_entidad	a
545	origen_entidad	b
545	proposito	d
545	informacion_presentada	a
545	vision	d
545	consecuencias	d
545	que_muestra	d
545	formalidad	a
545	nivel_educacion	b
545	tono	b
545	emociones	c
294	tipo_entidad	h
294	origen_entidad	b
294	proposito	b
294	informacion_presentada	a
294	vision	d
294	consecuencias	c
294	que_muestra	c
294	intencion	e
294	localizacion_problema	c
294	involucrados	c
294	formalidad	a
294	nivel_educacion	b
294	tono	b
294	emociones	h
294	tipo_entidad	h
294	origen_entidad	b
294	proposito	b
294	informacion_presentada	a
294	vision	d
294	consecuencias	c
294	que_muestra	c
294	intencion	a
294	localizacion_problema	b
294	involucrados	c
294	formalidad	a
294	nivel_educacion	b
294	tono	b
294	emociones	h
294	tipo_entidad	h
294	origen_entidad	b
294	proposito	b
294	informacion_presentada	a
294	vision	d
294	consecuencias	c
294	que_muestra	d
294	intencion	a
294	localizacion_problema	b
294	involucrados	f g c d
294	formalidad	a
294	nivel_educacion	b
294	tono	b
294	emociones	g
376	tipo_entidad	b
376	origen_entidad	b
376	proposito	d
376	informacion_presentada	a
376	vision	d
376	consecuencias	c
376	que_muestra	b
376	intencion	b
376	localizacion_problema	b
376	involucrados	b
376	formalidad	a
376	nivel_educacion	b
376	tono	b
376	emociones	h
376	tipo_entidad	b
376	origen_entidad	b
376	proposito	d
376	informacion_presentada	a
376	vision	d
376	consecuencias	a
376	que_muestra	c
376	intencion	b
376	localizacion_problema	b
376	involucrados	f
376	formalidad	a
376	nivel_educacion	b
376	tono	a
376	emociones	h
376	tipo_entidad	b
376	origen_entidad	b
376	proposito	d
376	informacion_presentada	a
376	vision	d
376	consecuencias	c
376	que_muestra	c
376	intencion	a
376	localizacion_problema	c
376	involucrados	b
376	formalidad	a
376	nivel_educacion	b
376	tono	b
376	emociones	h
251	tipo_entidad	h
251	origen_entidad	b
251	proposito	d
251	informacion_presentada	a
251	vision	d
251	consecuencias	c
251	que_muestra	c
251	intencion	a
251	localizacion_problema	b
251	involucrados	e
251	formalidad	a
251	nivel_educacion	b
251	tono	a
251	emociones	g
251	tipo_entidad	h
251	origen_entidad	b
251	proposito	d
251	informacion_presentada	a
251	vision	d
251	consecuencias	a
251	que_muestra	c
251	intencion	a
251	localizacion_problema	b
251	involucrados	a
251	formalidad	a
251	nivel_educacion	b
251	tono	b
251	emociones	h
251	tipo_entidad	h
251	origen_entidad	b
251	proposito	d
251	informacion_presentada	a
251	vision	d
251	consecuencias	a
251	que_muestra	c
251	intencion	a
251	localizacion_problema	b
251	involucrados	e c
251	formalidad	a
251	nivel_educacion	b
251	tono	a
251	emociones	e
32	tipo_entidad	h
32	origen_entidad	b
32	proposito	d
32	informacion_presentada	a
32	vision	d
32	consecuencias	c
32	que_muestra	d
32	intencion	b
32	localizacion_problema	b
32	involucrados	a
32	formalidad	a
32	nivel_educacion	b
32	tono	b
32	emociones	h
32	tipo_entidad	h
32	origen_entidad	b
32	proposito	d
32	informacion_presentada	a
32	vision	d
32	consecuencias	c
32	que_muestra	d
32	intencion	b
32	localizacion_problema	c
32	involucrados	b c f
32	formalidad	a
32	nivel_educacion	b
32	tono	a
32	emociones	h
32	tipo_entidad	h
32	origen_entidad	b
32	proposito	d
32	informacion_presentada	a
32	vision	d
32	consecuencias	c
32	que_muestra	d
32	intencion	a
32	localizacion_problema	b
32	involucrados	e d
32	formalidad	a
32	nivel_educacion	b
32	tono	a
32	emociones	h
428	tipo_entidad	h
428	origen_entidad	b
428	proposito	d
428	informacion_presentada	a
428	vision	d
428	consecuencias	c
428	que_muestra	c
428	intencion	a
428	localizacion_problema	b
428	involucrados	f g e a b
428	formalidad	a
428	nivel_educacion	b
428	tono	a
428	emociones	a
428	tipo_entidad	h
428	origen_entidad	a
428	proposito	d
428	informacion_presentada	a
428	vision	d
428	consecuencias	c
428	que_muestra	c
428	intencion	a
428	localizacion_problema	b
428	involucrados	a f
428	formalidad	a
428	nivel_educacion	b
428	tono	a
428	emociones	e
428	tipo_entidad	h
428	origen_entidad	b
428	proposito	e d
428	informacion_presentada	a
428	vision	d
428	consecuencias	c
428	que_muestra	c
428	intencion	a
428	localizacion_problema	c
428	involucrados	f e
428	formalidad	a
428	nivel_educacion	b
428	tono	a
428	emociones	d
112	tipo_entidad	h
112	origen_entidad	b
112	proposito	d
112	informacion_presentada	a
112	vision	d
112	consecuencias	b
112	que_muestra	c
112	intencion	a
112	localizacion_problema	c
112	involucrados	f
112	formalidad	a
112	nivel_educacion	b
112	tono	b
112	emociones	g
112	tipo_entidad	h
112	origen_entidad	b
112	proposito	d
112	informacion_presentada	a
112	vision	d
112	consecuencias	a
112	que_muestra	c
112	intencion	a
112	localizacion_problema	c
112	involucrados	f e
112	formalidad	a
112	nivel_educacion	b
112	tono	a
112	emociones	h
112	tipo_entidad	h
112	origen_entidad	b
112	proposito	d
112	informacion_presentada	a
112	vision	d
112	consecuencias	a
112	que_muestra	c
112	intencion	a
112	localizacion_problema	b
112	involucrados	f e
112	formalidad	a
112	nivel_educacion	b
112	tono	a
112	emociones	h
574	tipo_entidad	h
574	origen_entidad	b
574	proposito	d
574	informacion_presentada	a
574	vision	d
574	consecuencias	a
574	que_muestra	d
574	intencion	f
574	localizacion_problema	b
574	involucrados	c
574	formalidad	a
574	nivel_educacion	b
574	tono	b
574	emociones	h
574	tipo_entidad	h
574	origen_entidad	b
574	proposito	b
574	informacion_presentada	a
574	vision	d
574	consecuencias	a
574	que_muestra	d
574	intencion	c
574	localizacion_problema	c
574	involucrados	c
574	formalidad	a
574	nivel_educacion	b
574	tono	b
574	emociones	h
574	tipo_entidad	h
574	origen_entidad	b
574	proposito	d
574	informacion_presentada	a
574	vision	d
574	consecuencias	c
574	que_muestra	d
574	intencion	e
574	localizacion_problema	c
574	involucrados	c
574	formalidad	a
574	nivel_educacion	b
574	tono	b
574	emociones	g
300	tipo_entidad	h
300	origen_entidad	b
300	proposito	d
300	informacion_presentada	a
300	vision	d
300	consecuencias	d
300	que_muestra	c
300	intencion	b
300	localizacion_problema	b
300	involucrados	d
300	formalidad	a
300	nivel_educacion	b
300	tono	a
300	emociones	h
300	tipo_entidad	h
300	origen_entidad	b
300	proposito	d
300	informacion_presentada	a
300	vision	d
300	consecuencias	b
300	que_muestra	c
300	intencion	b
300	localizacion_problema	b
300	involucrados	e
300	formalidad	a
300	nivel_educacion	b
300	tono	a
300	emociones	h
300	tipo_entidad	h
300	origen_entidad	b
300	proposito	d
300	informacion_presentada	a
300	vision	d
300	consecuencias	b
300	que_muestra	c
300	intencion	c
300	localizacion_problema	b
300	involucrados	f e c
300	formalidad	a
300	nivel_educacion	b
300	tono	a
300	emociones	h
153	tipo_entidad	h
153	origen_entidad	b
153	proposito	d
153	informacion_presentada	a
153	vision	d
153	consecuencias	c
153	que_muestra	d
153	intencion	b
153	localizacion_problema	c
153	involucrados	c
153	formalidad	a
153	nivel_educacion	b
153	tono	a
153	emociones	h
153	tipo_entidad	h
153	origen_entidad	b
153	proposito	d
153	informacion_presentada	a
153	vision	d
153	consecuencias	c
153	que_muestra	c
153	intencion	c
153	localizacion_problema	c
153	involucrados	b e
153	formalidad	a
153	nivel_educacion	b
153	tono	b
153	emociones	g
153	tipo_entidad	h
153	origen_entidad	b
153	proposito	d
153	informacion_presentada	a
153	vision	d
153	consecuencias	c
153	que_muestra	b
153	intencion	b
153	localizacion_problema	c
153	involucrados	e
153	formalidad	a
153	nivel_educacion	b
153	tono	b
153	emociones	h
60	tipo_entidad	h
60	origen_entidad	b
60	proposito	d
60	informacion_presentada	a
60	vision	d
60	consecuencias	a
60	que_muestra	d
60	intencion	b
60	localizacion_problema	b
60	involucrados	e c
60	formalidad	a
60	nivel_educacion	b
60	tono	a
60	emociones	g
60	tipo_entidad	h
60	origen_entidad	b
60	proposito	d
60	informacion_presentada	a
60	vision	d
60	consecuencias	d
60	que_muestra	c
60	intencion	c
60	localizacion_problema	b
60	involucrados	c
60	formalidad	a
60	nivel_educacion	b
60	tono	b
60	emociones	g
60	tipo_entidad	h
60	origen_entidad	b
60	proposito	d
60	informacion_presentada	a
60	vision	d
60	consecuencias	d
60	que_muestra	c
60	intencion	b
60	localizacion_problema	b
60	involucrados	c
60	formalidad	a
60	nivel_educacion	b
60	tono	a
60	emociones	h
243	tipo_entidad	b
243	origen_entidad	b
243	proposito	b
243	informacion_presentada	a
243	vision	d
243	consecuencias	c
243	que_muestra	d
243	intencion	a
243	localizacion_problema	c
243	involucrados	a
243	formalidad	a
243	nivel_educacion	a
243	tono	a
243	emociones	h
243	tipo_entidad	b
243	origen_entidad	b
243	proposito	d
243	informacion_presentada	a
243	vision	d
243	consecuencias	a
243	que_muestra	d
243	intencion	c
243	localizacion_problema	b
243	involucrados	a
243	formalidad	a
243	nivel_educacion	b
243	tono	a
243	emociones	g
243	tipo_entidad	b
243	origen_entidad	a
243	proposito	e d
243	informacion_presentada	a
243	vision	d
243	consecuencias	b
243	que_muestra	d
243	intencion	e
243	localizacion_problema	b
243	involucrados	a f g b
243	formalidad	a
243	nivel_educacion	a
243	tono	a
243	emociones	g
496	tipo_entidad	h
496	origen_entidad	b
496	proposito	d
496	informacion_presentada	a
496	vision	d
496	consecuencias	c
496	que_muestra	c
496	intencion	a
496	localizacion_problema	c
496	involucrados	c
496	formalidad	a
496	nivel_educacion	b
496	tono	b
496	emociones	h
496	tipo_entidad	h
496	origen_entidad	b
496	proposito	e d
496	informacion_presentada	a
496	vision	d
496	consecuencias	c
496	que_muestra	d
496	intencion	a
496	localizacion_problema	c
496	involucrados	f g c d
496	formalidad	a
496	nivel_educacion	b
496	tono	b
496	emociones	h
496	tipo_entidad	h
496	origen_entidad	b
496	proposito	d
496	informacion_presentada	a
496	vision	d
496	consecuencias	c
496	que_muestra	d
496	intencion	a
496	localizacion_problema	b
496	involucrados	c
496	formalidad	a
496	nivel_educacion	b
496	tono	b
496	emociones	h
176	tipo_entidad	h
176	origen_entidad	b
176	proposito	d
176	informacion_presentada	a
176	vision	d
176	consecuencias	b
176	que_muestra	d
176	intencion	c
176	localizacion_problema	c
176	involucrados	b
176	formalidad	a
176	nivel_educacion	b
176	tono	b
176	emociones	h
176	tipo_entidad	h
176	origen_entidad	b
176	proposito	c
176	informacion_presentada	a
176	vision	d
176	consecuencias	a
176	que_muestra	c
176	intencion	c
176	localizacion_problema	c
176	involucrados	c
176	formalidad	a
176	nivel_educacion	b
176	tono	a
176	emociones	h
176	tipo_entidad	h
176	origen_entidad	b
176	proposito	d
176	informacion_presentada	a
176	vision	d
176	consecuencias	a
176	que_muestra	b
176	intencion	b
176	localizacion_problema	c
176	involucrados	a b
176	formalidad	a
176	nivel_educacion	b
176	tono	b
176	emociones	h
182	tipo_entidad	h
182	origen_entidad	b
182	proposito	d
182	informacion_presentada	a
182	vision	d
182	consecuencias	b
182	que_muestra	d
182	intencion	a
182	localizacion_problema	c
182	involucrados	f e c
182	formalidad	a
182	nivel_educacion	b
182	tono	b
182	emociones	f
182	tipo_entidad	h
182	origen_entidad	b
182	proposito	b d
182	informacion_presentada	a
182	vision	d
182	consecuencias	b
182	que_muestra	b
182	intencion	a
182	localizacion_problema	b
182	involucrados	a c f
182	formalidad	a
182	nivel_educacion	b
182	tono	a
182	emociones	g
182	tipo_entidad	h
182	origen_entidad	b
182	proposito	d
182	informacion_presentada	a
182	vision	d
182	consecuencias	b
182	que_muestra	d
182	intencion	a
182	localizacion_problema	b
182	involucrados	b
182	formalidad	a
182	nivel_educacion	b
182	tono	b
182	emociones	h
334	tipo_entidad	b
334	origen_entidad	a
334	proposito	a h b
334	informacion_presentada	a
334	vision	d
334	consecuencias	b
334	que_muestra	c
334	intencion	e
334	localizacion_problema	c
334	involucrados	e
334	formalidad	a
334	nivel_educacion	b
334	tono	a
334	emociones	g
334	tipo_entidad	b
334	origen_entidad	a
334	proposito	a h c b
334	informacion_presentada	a
334	vision	d
334	consecuencias	a
334	que_muestra	c
334	intencion	e
334	localizacion_problema	b
334	involucrados	a
334	formalidad	a
334	nivel_educacion	b
334	tono	a
334	emociones	h
334	tipo_entidad	b
334	origen_entidad	a
334	proposito	h
334	informacion_presentada	a
334	vision	d
334	consecuencias	a
334	que_muestra	c
334	intencion	e
334	localizacion_problema	b
334	involucrados	a
334	formalidad	a
334	nivel_educacion	b
334	tono	b
334	emociones	e
158	tipo_entidad	h
158	origen_entidad	b
158	proposito	d
158	informacion_presentada	a
158	vision	d
158	consecuencias	c
158	que_muestra	c
158	intencion	a
158	localizacion_problema	b
158	involucrados	c
158	formalidad	a
158	nivel_educacion	b
158	tono	b
158	emociones	g
158	tipo_entidad	h
158	origen_entidad	b
158	proposito	d
158	informacion_presentada	a
158	vision	d
158	consecuencias	c
158	que_muestra	c
158	intencion	a
158	localizacion_problema	b
158	involucrados	b c f
158	formalidad	a
158	nivel_educacion	b
158	tono	b
158	emociones	e
158	tipo_entidad	h
158	origen_entidad	b
158	proposito	d
158	informacion_presentada	a
158	vision	d
158	consecuencias	c
158	que_muestra	c
158	intencion	b
158	localizacion_problema	b
158	involucrados	b c
158	formalidad	a
158	nivel_educacion	b
158	emociones	e
325	tipo_entidad	h
325	origen_entidad	b
325	proposito	d
325	informacion_presentada	a
325	vision	d
325	consecuencias	a
325	que_muestra	d
325	intencion	b
325	localizacion_problema	b
325	involucrados	c
325	formalidad	a
325	nivel_educacion	b
325	tono	a
325	emociones	e
325	tipo_entidad	h
325	origen_entidad	b
325	proposito	c
325	informacion_presentada	a
325	vision	d
325	consecuencias	a
325	que_muestra	d
325	intencion	a
325	localizacion_problema	b
325	involucrados	a h b
325	formalidad	a
325	nivel_educacion	b
325	tono	a
325	emociones	h
325	tipo_entidad	h
325	origen_entidad	b
325	proposito	d
325	informacion_presentada	a
325	vision	d
325	consecuencias	a
325	que_muestra	d
325	intencion	e
325	localizacion_problema	b
325	involucrados	c
325	formalidad	a
325	nivel_educacion	b
325	tono	b
325	emociones	h
479	tipo_entidad	b
479	origen_entidad	a
479	proposito	c
479	informacion_presentada	a
479	vision	d
479	consecuencias	c
479	que_muestra	c
479	intencion	a
479	localizacion_problema	b
479	involucrados	f e
479	formalidad	a
479	nivel_educacion	b
479	tono	b
479	emociones	h
479	tipo_entidad	b
479	origen_entidad	a
479	proposito	c
479	informacion_presentada	a
479	vision	d
479	consecuencias	a
479	que_muestra	c
479	intencion	a
479	localizacion_problema	a
479	involucrados	f e
479	formalidad	a
479	nivel_educacion	b
479	tono	b
479	emociones	g
479	tipo_entidad	h
479	origen_entidad	a
479	proposito	c
479	informacion_presentada	a
479	vision	d
479	consecuencias	c
479	que_muestra	c
479	intencion	a
479	localizacion_problema	c
479	involucrados	a
479	formalidad	a
479	nivel_educacion	b
479	tono	b
479	emociones	e
469	tipo_entidad	h
469	origen_entidad	a
469	proposito	d
469	informacion_presentada	a
469	vision	d
469	consecuencias	c
469	que_muestra	c
469	intencion	a
469	localizacion_problema	b
469	involucrados	c
469	formalidad	a
469	nivel_educacion	b
469	tono	b
469	emociones	h
469	tipo_entidad	h
469	origen_entidad	a
469	proposito	d
469	informacion_presentada	a
469	vision	d
469	consecuencias	c
469	que_muestra	c
469	intencion	b
469	localizacion_problema	b
469	involucrados	f e c d
469	formalidad	a
469	nivel_educacion	b
469	tono	a
469	emociones	h
469	tipo_entidad	h
469	origen_entidad	a
469	proposito	d
469	informacion_presentada	a
469	vision	d
469	consecuencias	a
469	que_muestra	d
469	intencion	a
469	localizacion_problema	b
469	involucrados	c
469	formalidad	a
469	nivel_educacion	b
469	tono	b
469	emociones	c
386	tipo_entidad	h
386	origen_entidad	b
386	proposito	d
386	informacion_presentada	a
386	vision	d
386	consecuencias	c
386	que_muestra	d
386	intencion	c
386	localizacion_problema	b
386	involucrados	c
386	formalidad	a
386	nivel_educacion	b
386	tono	a
386	emociones	h
386	tipo_entidad	h
386	origen_entidad	b
386	proposito	d
386	informacion_presentada	a
386	vision	d
386	consecuencias	c
386	que_muestra	c
386	intencion	a
386	localizacion_problema	b
386	involucrados	f e c
386	formalidad	a
386	nivel_educacion	b
386	tono	b
386	emociones	h
386	tipo_entidad	h
386	origen_entidad	b
386	proposito	d
386	informacion_presentada	a
386	vision	d
386	consecuencias	c
386	que_muestra	d
386	intencion	e
386	localizacion_problema	b
386	involucrados	c
386	formalidad	a
386	nivel_educacion	b
386	tono	a
386	emociones	h
58	tipo_entidad	h
58	origen_entidad	b
58	proposito	c
58	informacion_presentada	a
58	vision	d
58	consecuencias	c
58	que_muestra	d
58	intencion	a
58	localizacion_problema	c
58	involucrados	c
58	formalidad	a
58	nivel_educacion	b
58	tono	b
58	emociones	h
58	tipo_entidad	h
58	origen_entidad	b
58	proposito	c
58	informacion_presentada	a
58	vision	d
58	consecuencias	c
58	que_muestra	d
58	intencion	b
58	localizacion_problema	b
58	involucrados	b c
58	formalidad	a
58	nivel_educacion	b
58	tono	b
58	emociones	h
58	tipo_entidad	h
58	origen_entidad	b
58	proposito	d
58	informacion_presentada	a
58	vision	d
58	consecuencias	c
58	que_muestra	d
58	intencion	a
58	localizacion_problema	b
58	involucrados	c
58	formalidad	a
58	nivel_educacion	b
58	tono	b
58	emociones	h
554	tipo_entidad	h
554	origen_entidad	b
554	proposito	d
554	informacion_presentada	a
554	vision	d
554	consecuencias	a
554	que_muestra	a
554	intencion	b
554	localizacion_problema	a
554	involucrados	f g e a c
554	formalidad	a
554	nivel_educacion	b
554	tono	b
554	emociones	h
554	tipo_entidad	h
554	origen_entidad	b
554	proposito	d
554	informacion_presentada	a
554	vision	d
554	consecuencias	d
554	que_muestra	d
554	intencion	e
554	localizacion_problema	c
554	involucrados	f g e b d
554	formalidad	a
554	nivel_educacion	b
554	tono	a
554	emociones	h
554	tipo_entidad	h
554	origen_entidad	b
554	proposito	d
554	informacion_presentada	a
554	vision	d
554	consecuencias	a b
554	que_muestra	a
554	intencion	a
554	localizacion_problema	c
554	involucrados	b e f d
554	formalidad	a
554	nivel_educacion	b
554	tono	a
554	emociones	a
480	tipo_entidad	h
480	origen_entidad	b
480	proposito	d
480	informacion_presentada	a
480	vision	a d
480	consecuencias	c
480	que_muestra	c
480	intencion	a
480	localizacion_problema	b
480	involucrados	c
480	formalidad	a
480	nivel_educacion	b
480	tono	b
480	emociones	h
480	tipo_entidad	h
480	origen_entidad	b
480	proposito	b
480	informacion_presentada	a
480	vision	d
480	consecuencias	c
480	que_muestra	c
480	intencion	a
480	localizacion_problema	b
480	involucrados	c
480	formalidad	a
480	nivel_educacion	b
480	tono	b
480	emociones	g
480	tipo_entidad	h
480	origen_entidad	b
480	proposito	b
480	informacion_presentada	a
480	vision	d
480	consecuencias	c
480	que_muestra	c
480	intencion	a
480	localizacion_problema	b
480	involucrados	c
480	formalidad	a
480	nivel_educacion	b
480	tono	b
480	emociones	h
30	tipo_entidad	h
30	origen_entidad	b
30	proposito	d
30	informacion_presentada	a
30	vision	d
30	consecuencias	a
30	que_muestra	a
30	intencion	a
30	localizacion_problema	c
30	involucrados	f e b c h
30	formalidad	a
30	nivel_educacion	b
30	tono	b
30	emociones	h
30	tipo_entidad	h
30	origen_entidad	b
30	proposito	d
30	informacion_presentada	a
30	vision	d
30	consecuencias	a c b
30	que_muestra	c
30	intencion	a
30	localizacion_problema	c
30	involucrados	b
30	formalidad	a
30	nivel_educacion	b
30	tono	b
30	emociones	h
30	tipo_entidad	h
30	origen_entidad	b
30	proposito	d
30	informacion_presentada	a
30	vision	d
30	consecuencias	c
30	que_muestra	d
30	intencion	a
30	localizacion_problema	c
30	involucrados	c
30	formalidad	a
30	nivel_educacion	b
30	tono	b
30	emociones	h
559	tipo_entidad	a
559	origen_entidad	b
559	proposito	d
559	informacion_presentada	a
559	vision	d
559	consecuencias	c
559	que_muestra	c
559	intencion	a
559	localizacion_problema	b
559	involucrados	c
559	formalidad	a
559	nivel_educacion	b
559	tono	b
559	emociones	g
559	tipo_entidad	a
559	origen_entidad	b
559	proposito	b
559	informacion_presentada	a
559	vision	a b d
559	consecuencias	a
559	que_muestra	c
559	intencion	a
559	localizacion_problema	c
559	involucrados	f c d
559	formalidad	a
559	nivel_educacion	b
559	tono	b
559	emociones	g
559	tipo_entidad	a
559	origen_entidad	b
559	proposito	c
559	informacion_presentada	a
559	vision	d
559	consecuencias	c
559	que_muestra	c
559	intencion	a
559	localizacion_problema	b
559	involucrados	c
559	formalidad	a
559	nivel_educacion	b
559	tono	b
559	emociones	h
450	tipo_entidad	h
450	origen_entidad	b
450	proposito	d
450	informacion_presentada	a
450	vision	d
450	consecuencias	b
450	que_muestra	c
450	intencion	a
450	localizacion_problema	b
450	involucrados	b
450	formalidad	a
450	nivel_educacion	b
450	tono	a
450	emociones	e
450	tipo_entidad	h
450	origen_entidad	b
450	proposito	d
450	informacion_presentada	a
450	vision	d
450	consecuencias	a
450	que_muestra	c
450	intencion	a
450	localizacion_problema	b
450	involucrados	c
450	formalidad	a
450	nivel_educacion	b
450	tono	b
450	emociones	h
450	tipo_entidad	h
450	origen_entidad	b
450	proposito	d
450	informacion_presentada	a
450	vision	d
450	consecuencias	c
450	que_muestra	c
450	intencion	a
450	localizacion_problema	b
450	involucrados	c
450	formalidad	a
450	nivel_educacion	b
450	tono	b
450	emociones	h
446	tipo_entidad	h
446	origen_entidad	b
446	proposito	d
446	informacion_presentada	a
446	vision	d
446	consecuencias	c
446	que_muestra	c
446	intencion	a
446	localizacion_problema	b
446	involucrados	f c d
446	formalidad	a
446	nivel_educacion	b
446	tono	b
446	emociones	h
446	tipo_entidad	h
446	origen_entidad	b
446	proposito	d
446	informacion_presentada	a
446	vision	d
446	consecuencias	c
446	que_muestra	c
446	intencion	a
446	localizacion_problema	b
446	involucrados	f e c
446	formalidad	a
446	nivel_educacion	b
446	tono	b
446	emociones	g
446	tipo_entidad	h
446	origen_entidad	a
446	proposito	d
446	informacion_presentada	a
446	vision	d
446	consecuencias	a c
446	que_muestra	b
446	intencion	a
446	localizacion_problema	b
446	involucrados	b e c
446	formalidad	a
446	nivel_educacion	b
446	tono	b
446	emociones	h
283	tipo_entidad	h
283	origen_entidad	b
283	proposito	d
283	informacion_presentada	a
283	vision	d
283	consecuencias	c
283	que_muestra	c
283	intencion	a
283	localizacion_problema	b
283	involucrados	f e d
283	formalidad	a
283	nivel_educacion	b
283	tono	b
283	emociones	h
283	tipo_entidad	h
283	origen_entidad	b
283	proposito	d
283	informacion_presentada	a
283	vision	d
283	consecuencias	c
283	que_muestra	c
283	intencion	a
283	localizacion_problema	b
283	involucrados	a
283	formalidad	a
283	nivel_educacion	b
283	tono	a
283	emociones	h
283	tipo_entidad	h
283	origen_entidad	b
283	proposito	d
283	informacion_presentada	a
283	vision	d
283	consecuencias	c
283	que_muestra	c
283	intencion	a
283	localizacion_problema	b
283	involucrados	f c
283	formalidad	a
283	nivel_educacion	b
283	tono	a
283	emociones	g
89	tipo_entidad	h
89	origen_entidad	b
89	proposito	d
89	informacion_presentada	a
89	vision	d
89	consecuencias	c
89	que_muestra	c
89	intencion	c
89	localizacion_problema	b
89	involucrados	f e d
89	formalidad	a
89	nivel_educacion	b
89	tono	b
89	emociones	h
89	tipo_entidad	h
89	origen_entidad	b
89	proposito	d
89	informacion_presentada	a
89	vision	d
89	consecuencias	c
89	que_muestra	c
89	intencion	a
89	localizacion_problema	b
89	involucrados	f
89	formalidad	a
89	nivel_educacion	b
89	tono	b
89	emociones	e
89	tipo_entidad	h
89	origen_entidad	b
89	proposito	d
89	informacion_presentada	a
89	vision	d
89	consecuencias	c
89	que_muestra	c
89	intencion	b
89	localizacion_problema	c
89	involucrados	c
89	formalidad	a
89	nivel_educacion	b
89	tono	b
89	emociones	g
113	tipo_entidad	h
113	origen_entidad	b
113	proposito	d
113	informacion_presentada	a
113	vision	d
113	consecuencias	a b
113	que_muestra	c
113	intencion	a
113	localizacion_problema	b
113	involucrados	a c f
113	formalidad	a
113	nivel_educacion	b
113	tono	b
113	emociones	e
113	tipo_entidad	h
113	origen_entidad	b
113	proposito	e c d
113	informacion_presentada	a
113	vision	d
113	consecuencias	a b d
113	que_muestra	a
113	intencion	b
113	localizacion_problema	b
113	involucrados	f e c d
113	formalidad	a
113	nivel_educacion	b
113	tono	b
113	emociones	h
113	tipo_entidad	h
113	origen_entidad	b
113	proposito	d
113	informacion_presentada	a
113	vision	d
113	consecuencias	a c
113	que_muestra	d
113	intencion	c
113	localizacion_problema	b
113	involucrados	a e b
113	formalidad	a
113	nivel_educacion	d
113	tono	a
113	emociones	d
348	tipo_entidad	h
348	origen_entidad	b
348	proposito	d
348	informacion_presentada	a
348	vision	d
348	consecuencias	d
348	que_muestra	c
348	intencion	c
348	localizacion_problema	b
348	involucrados	c
348	formalidad	a
348	nivel_educacion	b
348	tono	a
348	emociones	g
348	tipo_entidad	h
348	origen_entidad	b
348	proposito	d
348	informacion_presentada	a
348	vision	d
348	consecuencias	b
348	que_muestra	d
348	intencion	c
348	localizacion_problema	b
348	involucrados	c
348	formalidad	a
348	nivel_educacion	b
348	tono	b
348	emociones	h
348	tipo_entidad	h
348	origen_entidad	b
348	proposito	d
348	informacion_presentada	a
348	vision	d
348	consecuencias	d
348	que_muestra	d
348	intencion	b
348	localizacion_problema	a
348	involucrados	b
348	formalidad	a
348	nivel_educacion	b
348	tono	b
348	emociones	h
33	tipo_entidad	h
33	origen_entidad	a
33	proposito	d
33	informacion_presentada	a
33	vision	d
33	consecuencias	a
33	que_muestra	c
33	intencion	b
33	localizacion_problema	b
33	involucrados	f e d
33	formalidad	a
33	nivel_educacion	b
33	tono	b
33	emociones	g
33	tipo_entidad	h
33	origen_entidad	b
33	proposito	d
33	informacion_presentada	a
33	vision	d
33	consecuencias	a
33	que_muestra	b
33	intencion	a
33	localizacion_problema	b
33	involucrados	e
33	formalidad	a
33	nivel_educacion	b
33	tono	a
33	emociones	e
33	tipo_entidad	h
33	origen_entidad	b
33	proposito	d
33	informacion_presentada	a
33	vision	d
33	consecuencias	a
33	que_muestra	b
33	intencion	a
33	localizacion_problema	b
33	involucrados	c
33	formalidad	a
33	nivel_educacion	b
33	tono	b
33	emociones	h
342	tipo_entidad	h
342	origen_entidad	b
342	proposito	d
342	informacion_presentada	a
342	vision	d
342	consecuencias	d
342	que_muestra	c
342	intencion	b
342	localizacion_problema	b
342	involucrados	b c f
342	formalidad	a
342	nivel_educacion	b
342	tono	b
342	emociones	e
342	tipo_entidad	h
342	origen_entidad	b
342	proposito	d
342	informacion_presentada	a
342	vision	d
342	consecuencias	c
342	que_muestra	c
342	intencion	b
342	localizacion_problema	b
342	involucrados	c
342	formalidad	a
342	nivel_educacion	b
342	tono	a
342	emociones	h
342	tipo_entidad	h
342	origen_entidad	b
342	proposito	d
342	informacion_presentada	a
342	vision	d
342	consecuencias	b
342	que_muestra	c
342	intencion	b
342	localizacion_problema	c
342	involucrados	g e c
342	formalidad	a
342	nivel_educacion	b
342	tono	a
342	emociones	f
474	tipo_entidad	h
474	origen_entidad	a
474	proposito	d
474	informacion_presentada	a
474	vision	d
474	consecuencias	c
474	que_muestra	c
474	intencion	a
474	localizacion_problema	b
474	involucrados	f e d
474	formalidad	a
474	nivel_educacion	b
474	tono	b
474	emociones	f
474	tipo_entidad	h
474	origen_entidad	a
474	proposito	d
474	informacion_presentada	a
474	vision	d
474	consecuencias	c
474	que_muestra	c
474	intencion	a
474	localizacion_problema	b
474	involucrados	f g c d
474	formalidad	a
474	nivel_educacion	b
474	tono	a
474	emociones	e
474	tipo_entidad	h
474	origen_entidad	a
474	proposito	d
474	informacion_presentada	a
474	vision	d
474	consecuencias	c
474	que_muestra	d
474	intencion	a
474	localizacion_problema	b
474	involucrados	b
474	formalidad	a
474	nivel_educacion	b
474	tono	b
474	emociones	e
144	tipo_entidad	h
144	origen_entidad	b
144	proposito	d
144	informacion_presentada	a
144	vision	d
144	consecuencias	c
144	que_muestra	c
144	intencion	a
144	localizacion_problema	b
144	involucrados	b
144	formalidad	a
144	nivel_educacion	b
144	tono	b
144	emociones	h
144	tipo_entidad	c
144	origen_entidad	b
144	proposito	d
144	informacion_presentada	a
144	vision	d
144	consecuencias	c
144	que_muestra	c
144	intencion	e
144	localizacion_problema	b
144	involucrados	f c d
144	formalidad	a
144	nivel_educacion	b
144	tono	a
144	emociones	c
144	tipo_entidad	h
144	origen_entidad	b
144	proposito	d
144	informacion_presentada	a
144	vision	d
144	consecuencias	c
144	que_muestra	c
144	intencion	a
144	localizacion_problema	b
144	involucrados	c
144	formalidad	a
144	nivel_educacion	b
144	tono	b
144	emociones	h
133	tipo_entidad	h
133	origen_entidad	a
133	proposito	d
133	informacion_presentada	a
133	vision	d
133	consecuencias	c
133	que_muestra	c
133	intencion	a
133	localizacion_problema	b
133	involucrados	c
133	formalidad	a
133	nivel_educacion	b
133	tono	b
133	emociones	g
133	tipo_entidad	h
133	origen_entidad	b
133	proposito	d
133	informacion_presentada	a
133	vision	d
133	consecuencias	c
133	que_muestra	c
133	intencion	a
133	localizacion_problema	b
133	involucrados	f
133	formalidad	a
133	nivel_educacion	b
133	tono	b
133	emociones	c
133	tipo_entidad	h
133	origen_entidad	b
133	proposito	d
133	informacion_presentada	a
133	vision	d
133	consecuencias	c
133	que_muestra	b
133	intencion	a
133	localizacion_problema	b
133	involucrados	f
133	formalidad	a
133	nivel_educacion	b
133	tono	b
133	emociones	h
146	tipo_entidad	h
146	origen_entidad	b
146	proposito	a g b d
146	informacion_presentada	a
146	vision	d
146	consecuencias	d
146	que_muestra	c
146	intencion	b
146	localizacion_problema	c
146	involucrados	b
146	formalidad	a
146	nivel_educacion	b
146	tono	b
146	emociones	h
146	tipo_entidad	h
146	origen_entidad	b
146	proposito	d
146	informacion_presentada	a
146	vision	d
146	consecuencias	a c b
146	que_muestra	c
146	intencion	a
146	localizacion_problema	c
146	involucrados	f g c
146	formalidad	a
146	nivel_educacion	b
146	tono	b
146	emociones	h
146	tipo_entidad	h
146	origen_entidad	b
146	proposito	d
146	informacion_presentada	a
146	vision	d
146	consecuencias	d
146	que_muestra	d
146	intencion	a
146	localizacion_problema	c
146	involucrados	c
146	formalidad	a
146	nivel_educacion	b
146	tono	b
146	emociones	h
422	tipo_entidad	h
422	origen_entidad	b
422	proposito	d
422	informacion_presentada	a
422	vision	d
422	consecuencias	b
422	que_muestra	d
422	intencion	b
422	localizacion_problema	b
422	involucrados	a e c b
422	formalidad	a
422	nivel_educacion	b
422	tono	b
422	emociones	h
422	tipo_entidad	h
422	origen_entidad	b
422	proposito	d
422	informacion_presentada	a
422	vision	d
422	consecuencias	d
422	que_muestra	d
422	intencion	b
422	localizacion_problema	b
422	involucrados	c
422	formalidad	a
422	nivel_educacion	b
422	tono	b
422	tipo_entidad	h
422	origen_entidad	b
422	proposito	d
422	informacion_presentada	a
422	vision	d
422	consecuencias	d
422	que_muestra	d
422	intencion	b
422	localizacion_problema	b
422	involucrados	a c f
422	formalidad	a
422	nivel_educacion	b
422	tono	a
422	emociones	h
366	tipo_entidad	h
366	origen_entidad	b
366	proposito	e
366	informacion_presentada	a
366	vision	d
366	consecuencias	c
366	que_muestra	c
366	intencion	a
366	localizacion_problema	b
366	involucrados	a f c b
366	formalidad	a
366	nivel_educacion	b
366	tono	b
366	emociones	h
366	tipo_entidad	h
366	origen_entidad	b
366	proposito	d
366	informacion_presentada	a
366	vision	d
366	consecuencias	c
366	que_muestra	c
366	intencion	a
366	localizacion_problema	b
366	involucrados	f
366	formalidad	a
366	nivel_educacion	b
366	tono	b
366	emociones	h
366	tipo_entidad	h
366	origen_entidad	b
366	proposito	d
366	informacion_presentada	a
366	vision	d
366	consecuencias	c
366	que_muestra	c
366	intencion	a
366	localizacion_problema	b
366	involucrados	e
366	formalidad	a
366	nivel_educacion	b
366	tono	b
366	emociones	h
327	tipo_entidad	h
327	origen_entidad	b
327	proposito	d
327	informacion_presentada	a
327	vision	d
327	consecuencias	a
327	que_muestra	a
327	intencion	c
327	localizacion_problema	b
327	involucrados	a f
327	formalidad	a
327	nivel_educacion	b
327	tono	a
327	emociones	h
327	tipo_entidad	h
327	origen_entidad	b
327	proposito	d
327	informacion_presentada	a
327	vision	d
327	consecuencias	a
327	que_muestra	c
327	intencion	b
327	localizacion_problema	c
327	involucrados	e
327	formalidad	a
327	nivel_educacion	b
327	tono	b
327	emociones	e
327	tipo_entidad	h
327	origen_entidad	b
327	proposito	d
327	informacion_presentada	a
327	vision	d
327	consecuencias	a
327	que_muestra	c
327	intencion	a
327	localizacion_problema	b
327	involucrados	a f b
327	formalidad	a
327	nivel_educacion	b
327	tono	b
327	emociones	g
326	tipo_entidad	b
326	origen_entidad	a
326	proposito	e
326	informacion_presentada	a
326	vision	d
326	consecuencias	d
326	que_muestra	a
326	intencion	c
326	localizacion_problema	b
326	involucrados	a
326	formalidad	a
326	nivel_educacion	b
326	tono	a
326	emociones	g
326	tipo_entidad	a
326	origen_entidad	a
326	proposito	d
326	informacion_presentada	a
326	vision	d
326	consecuencias	d
326	que_muestra	a
326	intencion	c
326	localizacion_problema	c
326	involucrados	a g f
326	formalidad	a
326	nivel_educacion	b
326	tono	a
326	emociones	h
326	tipo_entidad	b
326	origen_entidad	a
326	proposito	c
326	informacion_presentada	a
326	vision	d
326	consecuencias	d
326	que_muestra	d
326	intencion	b
326	localizacion_problema	c
326	involucrados	f e c
326	formalidad	a
326	nivel_educacion	b
326	tono	a
326	emociones	g
596	tipo_entidad	h
596	origen_entidad	b
596	proposito	b
596	informacion_presentada	a
596	vision	d
596	consecuencias	a
596	que_muestra	d
596	intencion	c
596	localizacion_problema	c
596	involucrados	d
596	formalidad	a
596	nivel_educacion	b
596	tono	b
596	emociones	h
596	tipo_entidad	h
596	origen_entidad	b
596	proposito	d
596	informacion_presentada	a
596	vision	d
596	consecuencias	a
596	que_muestra	d
596	intencion	a
596	localizacion_problema	c
596	involucrados	c
596	formalidad	a
596	nivel_educacion	b
596	tono	b
596	emociones	h
596	tipo_entidad	h
596	origen_entidad	b
596	proposito	b
596	informacion_presentada	a
596	vision	d
596	consecuencias	a
596	que_muestra	d
596	intencion	e
596	localizacion_problema	c
596	involucrados	d
596	formalidad	a
596	nivel_educacion	b
596	tono	b
596	emociones	h
451	tipo_entidad	h
451	origen_entidad	b
451	proposito	d
451	informacion_presentada	a
451	vision	d
451	consecuencias	c
451	que_muestra	a
451	intencion	c
451	localizacion_problema	b
451	involucrados	c
451	formalidad	a
451	nivel_educacion	b
451	tono	a
451	emociones	h
451	tipo_entidad	h
451	origen_entidad	b
451	proposito	d
451	informacion_presentada	a
451	vision	d
451	consecuencias	c
451	que_muestra	d
451	intencion	b
451	localizacion_problema	b
451	involucrados	e
451	formalidad	a
451	nivel_educacion	b
451	tono	a
451	emociones	h
451	tipo_entidad	h
451	origen_entidad	b
451	proposito	d
451	informacion_presentada	a
451	vision	d
451	consecuencias	c
451	que_muestra	a
451	intencion	b
451	localizacion_problema	b
451	involucrados	b
451	formalidad	a
451	nivel_educacion	b
451	tono	a
451	emociones	h
151	tipo_entidad	h
151	origen_entidad	b
151	proposito	d
151	informacion_presentada	a
151	vision	d
151	consecuencias	d
151	que_muestra	c
151	intencion	a
151	localizacion_problema	c
151	involucrados	c
151	formalidad	a
151	nivel_educacion	b
151	tono	b
151	emociones	h
151	tipo_entidad	h
151	origen_entidad	b
151	proposito	d
151	informacion_presentada	a
151	vision	d
151	consecuencias	a
151	que_muestra	d
151	intencion	a
151	localizacion_problema	c
151	involucrados	c
151	formalidad	a
151	nivel_educacion	b
151	tono	b
151	emociones	d
151	tipo_entidad	h
151	origen_entidad	b
151	proposito	d
151	informacion_presentada	a
151	vision	d
151	consecuencias	c
151	que_muestra	c
151	intencion	a
151	localizacion_problema	c
151	involucrados	c
151	formalidad	a
151	nivel_educacion	b
151	tono	b
151	emociones	a
179	tipo_entidad	h
179	origen_entidad	b
179	proposito	d
179	informacion_presentada	a
179	vision	d
179	consecuencias	d
179	que_muestra	d
179	intencion	a
179	localizacion_problema	c
179	involucrados	c
179	formalidad	a
179	nivel_educacion	b
179	tono	a
179	emociones	g
179	tipo_entidad	h
179	origen_entidad	b
179	proposito	d
179	informacion_presentada	a
179	vision	d
179	consecuencias	a
179	que_muestra	d
179	intencion	b
179	localizacion_problema	c
179	involucrados	c
179	formalidad	a
179	nivel_educacion	b
179	tono	b
179	emociones	g
179	tipo_entidad	h
179	origen_entidad	b
179	proposito	d
179	informacion_presentada	a
179	vision	d
179	consecuencias	a
179	que_muestra	d
179	intencion	a
179	localizacion_problema	c
179	involucrados	e c
179	formalidad	a
179	nivel_educacion	b
179	tono	b
179	emociones	h
8	tipo_entidad	c
8	origen_entidad	b
8	proposito	d
8	informacion_presentada	a
8	vision	d
8	consecuencias	a
8	que_muestra	d
8	intencion	b
8	localizacion_problema	b
8	involucrados	b g d
8	formalidad	a
8	nivel_educacion	b
8	tono	a
8	emociones	h
8	tipo_entidad	c
8	origen_entidad	b
8	proposito	d
8	informacion_presentada	a
8	vision	d
8	consecuencias	b
8	que_muestra	d
8	intencion	c
8	localizacion_problema	b
8	involucrados	g e c
8	formalidad	a
8	nivel_educacion	b
8	tono	a
8	emociones	f
8	tipo_entidad	c
8	origen_entidad	b
8	proposito	d
8	informacion_presentada	a
8	vision	d
8	consecuencias	b
8	que_muestra	c
8	intencion	b
8	localizacion_problema	b
8	involucrados	c
8	formalidad	a
8	nivel_educacion	b
8	tono	a
8	emociones	h
188	tipo_entidad	h
188	origen_entidad	b
188	proposito	d
188	informacion_presentada	a
188	vision	d
188	consecuencias	a
188	que_muestra	c
188	intencion	b
188	localizacion_problema	b
188	involucrados	f
188	formalidad	a
188	nivel_educacion	b
188	tono	a
188	emociones	h
188	tipo_entidad	h
188	origen_entidad	b
188	proposito	d
188	informacion_presentada	a
188	vision	d
188	consecuencias	c
188	que_muestra	c
188	intencion	c
188	localizacion_problema	b
188	involucrados	a h
188	formalidad	a
188	nivel_educacion	b
188	tono	a
188	emociones	g
188	tipo_entidad	h
188	origen_entidad	b
188	proposito	d
188	informacion_presentada	a
188	vision	d
188	consecuencias	c
188	que_muestra	c
188	intencion	c
188	localizacion_problema	b
188	involucrados	f
188	formalidad	a
188	nivel_educacion	b
188	tono	a
188	emociones	h
463	tipo_entidad	b
463	origen_entidad	a
463	proposito	d
463	informacion_presentada	a
463	vision	d
463	consecuencias	a b
463	que_muestra	c
463	intencion	c
463	localizacion_problema	a
463	involucrados	a g b
463	formalidad	a
463	nivel_educacion	b
463	tono	a
463	emociones	h
463	tipo_entidad	b
463	origen_entidad	a
463	proposito	d
463	informacion_presentada	a
463	vision	d
463	consecuencias	a
463	que_muestra	c
463	intencion	f
463	localizacion_problema	b
463	involucrados	a c f
463	formalidad	a
463	nivel_educacion	b
463	tono	b
463	emociones	h
463	tipo_entidad	b
463	origen_entidad	a
463	proposito	d
463	informacion_presentada	a
463	vision	d
463	consecuencias	d
463	que_muestra	c
463	intencion	c
463	localizacion_problema	c
463	involucrados	g e d
463	formalidad	a
463	nivel_educacion	b
463	tono	a
463	emociones	h
580	tipo_entidad	b
580	origen_entidad	b
580	proposito	d
580	informacion_presentada	a
580	vision	d
580	consecuencias	c
580	que_muestra	d
580	intencion	b
580	localizacion_problema	b
580	involucrados	f e c
580	formalidad	a
580	nivel_educacion	b
580	tono	b
580	emociones	h
580	tipo_entidad	b
580	origen_entidad	a
580	proposito	d
580	informacion_presentada	a
580	vision	d
580	consecuencias	a
580	que_muestra	d
580	intencion	b
580	localizacion_problema	b
580	involucrados	b
580	formalidad	a
580	nivel_educacion	b
580	tono	b
580	emociones	g
580	tipo_entidad	h
580	origen_entidad	b
580	proposito	d
580	informacion_presentada	a
580	vision	d
580	consecuencias	a
580	que_muestra	d
580	intencion	f
580	localizacion_problema	b
580	involucrados	c
580	formalidad	a
580	nivel_educacion	b
580	tono	b
580	emociones	c
328	tipo_entidad	h
328	origen_entidad	b
328	proposito	d
328	informacion_presentada	a
328	vision	d
328	consecuencias	c
328	que_muestra	d
328	intencion	a
328	localizacion_problema	c
328	involucrados	f e c d h
328	formalidad	a
328	nivel_educacion	b
328	tono	b
328	emociones	h
328	tipo_entidad	h
328	origen_entidad	b
328	proposito	b
328	informacion_presentada	a
328	vision	d
328	consecuencias	c
328	que_muestra	d
328	intencion	f
328	localizacion_problema	c
328	involucrados	c
328	formalidad	a
328	nivel_educacion	b
328	tono	b
328	emociones	h
328	tipo_entidad	h
328	origen_entidad	b
328	proposito	d
328	informacion_presentada	a
328	vision	d
328	consecuencias	a
328	que_muestra	d
328	intencion	b
328	localizacion_problema	b
328	involucrados	c
328	formalidad	a
328	nivel_educacion	b
328	tono	b
328	emociones	h
231	tipo_entidad	d
231	origen_entidad	b
231	proposito	d
231	informacion_presentada	a
231	vision	d
231	consecuencias	a
231	que_muestra	c
231	intencion	a
231	localizacion_problema	b
231	involucrados	b c
231	formalidad	a
231	nivel_educacion	b
231	tono	a
231	emociones	g
231	tipo_entidad	d
231	origen_entidad	b
231	proposito	b
231	informacion_presentada	a
231	vision	d
231	consecuencias	a
231	que_muestra	d
231	intencion	b
231	localizacion_problema	b
231	involucrados	b
231	formalidad	a
231	nivel_educacion	b
231	tono	a
231	emociones	g
231	tipo_entidad	d
231	origen_entidad	b
231	proposito	b
231	informacion_presentada	a
231	vision	a b d
231	consecuencias	d
231	que_muestra	c
231	intencion	e
231	localizacion_problema	b
231	involucrados	c
231	formalidad	a
231	nivel_educacion	b
231	tono	b
231	emociones	h
490	tipo_entidad	h
490	origen_entidad	b
490	proposito	b e c d
490	informacion_presentada	a
490	vision	d
490	consecuencias	d
490	que_muestra	a
490	intencion	e
490	localizacion_problema	c
490	involucrados	a e c f
490	formalidad	a
490	nivel_educacion	b
490	tono	b
490	emociones	e
490	tipo_entidad	h
490	origen_entidad	b
490	proposito	d
490	informacion_presentada	a
490	vision	d
490	consecuencias	c
490	que_muestra	d
490	intencion	a
490	localizacion_problema	a
490	involucrados	a c f
490	formalidad	a
490	nivel_educacion	b
490	tono	b
490	emociones	h
490	tipo_entidad	h
490	origen_entidad	b
490	proposito	d
490	informacion_presentada	a
490	vision	d
490	consecuencias	c
490	que_muestra	d
490	intencion	c
490	localizacion_problema	a
490	involucrados	c
490	formalidad	a
490	nivel_educacion	b
490	tono	a
490	emociones	h
78	tipo_entidad	h
78	origen_entidad	b
78	proposito	d
78	informacion_presentada	a
78	vision	d
78	consecuencias	c
78	que_muestra	d
78	intencion	c
78	localizacion_problema	c
78	involucrados	c
78	formalidad	a
78	nivel_educacion	b
78	tono	b
78	emociones	g
78	tipo_entidad	h
78	origen_entidad	b
78	proposito	b
78	informacion_presentada	a
78	vision	d
78	consecuencias	c
78	que_muestra	d
78	intencion	a
78	localizacion_problema	c
78	involucrados	c
78	formalidad	a
78	nivel_educacion	b
78	tono	b
78	emociones	h
78	tipo_entidad	h
78	origen_entidad	b
78	proposito	d
78	informacion_presentada	a
78	vision	d
78	consecuencias	c
78	que_muestra	d
78	intencion	a
78	localizacion_problema	c
78	involucrados	e
78	formalidad	a
78	nivel_educacion	b
78	tono	b
78	emociones	h
529	tipo_entidad	b
529	origen_entidad	b
529	proposito	d
529	informacion_presentada	a
529	vision	d
529	consecuencias	d
529	que_muestra	c
529	intencion	c
529	localizacion_problema	c
529	involucrados	a
529	formalidad	a
529	nivel_educacion	b
529	tono	a
529	emociones	h
529	tipo_entidad	b
529	origen_entidad	b
529	proposito	d
529	informacion_presentada	a
529	vision	d
529	consecuencias	d
529	que_muestra	d
529	intencion	c
529	localizacion_problema	c
529	involucrados	b
529	formalidad	a
529	nivel_educacion	b
529	tono	b
529	emociones	h
529	tipo_entidad	b
529	origen_entidad	b
529	proposito	d
529	informacion_presentada	a
529	vision	d
529	consecuencias	d
529	que_muestra	c
529	intencion	c
529	localizacion_problema	b
529	involucrados	f e c
529	formalidad	a
529	nivel_educacion	b
529	tono	a
529	emociones	a
109	tipo_entidad	b
109	origen_entidad	a
109	proposito	b
109	informacion_presentada	a
109	vision	d
109	consecuencias	d
109	que_muestra	c
109	intencion	c
109	localizacion_problema	b
109	involucrados	a f e b
109	formalidad	a
109	nivel_educacion	b
109	tono	a
109	emociones	h
109	tipo_entidad	b
109	origen_entidad	a
109	proposito	d
109	informacion_presentada	a
109	vision	d
109	consecuencias	d
109	que_muestra	c
109	intencion	c
109	localizacion_problema	b
109	involucrados	a
109	formalidad	a
109	nivel_educacion	b
109	tono	a
109	emociones	h
109	tipo_entidad	b
109	origen_entidad	a
109	proposito	d
109	informacion_presentada	a
109	vision	d
109	consecuencias	d
109	que_muestra	a
109	intencion	e
109	localizacion_problema	b
109	involucrados	c
109	formalidad	a
109	nivel_educacion	b
109	tono	a
109	emociones	e
273	tipo_entidad	h
273	origen_entidad	b
273	proposito	d
273	informacion_presentada	a
273	vision	d
273	consecuencias	c
273	que_muestra	d
273	intencion	c
273	localizacion_problema	c
273	involucrados	c
273	formalidad	a
273	nivel_educacion	b
273	tono	b
273	emociones	h
273	tipo_entidad	h
273	origen_entidad	b
273	proposito	a b d
273	informacion_presentada	a
273	vision	d
273	consecuencias	a
273	que_muestra	c
273	intencion	b
273	localizacion_problema	b
273	involucrados	e
273	formalidad	a
273	nivel_educacion	b
273	tono	b
273	emociones	h
273	tipo_entidad	h
273	origen_entidad	b
273	proposito	d
273	informacion_presentada	a
273	vision	d
273	consecuencias	b
273	que_muestra	c
273	intencion	a
273	localizacion_problema	c
273	involucrados	c
273	formalidad	a
273	nivel_educacion	b
273	tono	b
273	emociones	g
467	tipo_entidad	h
467	origen_entidad	b
467	proposito	b
467	informacion_presentada	a
467	vision	d
467	consecuencias	c
467	que_muestra	d
467	intencion	b
467	localizacion_problema	c
467	formalidad	a
467	nivel_educacion	b
467	tono	a
467	emociones	g
467	tipo_entidad	d
467	origen_entidad	b
467	proposito	b
467	informacion_presentada	a
467	vision	d
467	consecuencias	c
467	que_muestra	d
467	intencion	b
467	localizacion_problema	b
467	involucrados	b
467	formalidad	a
467	nivel_educacion	b
467	tono	a
467	emociones	h
467	tipo_entidad	h
467	origen_entidad	b
467	proposito	d
467	informacion_presentada	a
467	consecuencias	d
467	que_muestra	d
467	intencion	c
467	localizacion_problema	c
467	involucrados	b
467	formalidad	a
467	nivel_educacion	b
467	tono	b
467	emociones	h
502	tipo_entidad	h
502	origen_entidad	b
502	proposito	b
502	informacion_presentada	a
502	vision	d
502	consecuencias	c
502	que_muestra	d
502	intencion	e
502	localizacion_problema	c
502	involucrados	c
502	formalidad	a
502	nivel_educacion	b
502	tono	b
502	emociones	h
502	tipo_entidad	h
502	origen_entidad	b
502	proposito	b
502	informacion_presentada	a
502	vision	b
502	consecuencias	c
502	que_muestra	d
502	intencion	f
502	localizacion_problema	b
502	involucrados	e
502	formalidad	a
502	nivel_educacion	b
502	tono	b
502	emociones	h
502	tipo_entidad	h
502	origen_entidad	b
502	proposito	b
502	informacion_presentada	a
502	vision	d
502	consecuencias	c
502	que_muestra	d
502	intencion	e
502	localizacion_problema	b
502	involucrados	c
502	formalidad	a
502	nivel_educacion	b
502	tono	b
502	emociones	h
42	tipo_entidad	h
42	origen_entidad	b
42	proposito	d
42	informacion_presentada	a
42	vision	d
42	consecuencias	d
42	que_muestra	d
42	intencion	b
42	localizacion_problema	b
42	involucrados	b
42	formalidad	a
42	nivel_educacion	b
42	tono	a
42	emociones	h
42	tipo_entidad	h
42	origen_entidad	a
42	proposito	d
42	informacion_presentada	a
42	vision	d
42	consecuencias	c
42	que_muestra	d
42	intencion	c
42	localizacion_problema	b
42	involucrados	e h
42	formalidad	a
42	nivel_educacion	b
42	tono	a
42	emociones	e
42	tipo_entidad	h
42	origen_entidad	b
42	proposito	d
42	informacion_presentada	a
42	vision	d
42	consecuencias	c
42	que_muestra	d
42	intencion	c
42	localizacion_problema	b
42	involucrados	e
42	formalidad	a
42	nivel_educacion	b
42	tono	a
42	emociones	h
287	tipo_entidad	h
287	origen_entidad	b
287	proposito	d
287	informacion_presentada	a
287	vision	d
287	consecuencias	d
287	que_muestra	d
287	intencion	a
287	localizacion_problema	c
287	involucrados	c
287	formalidad	a
287	nivel_educacion	b
287	tono	a
287	emociones	h
287	tipo_entidad	h
287	origen_entidad	b
287	proposito	d
287	informacion_presentada	a
287	vision	d
287	consecuencias	b
287	que_muestra	d
287	intencion	a
287	localizacion_problema	c
287	involucrados	c
287	formalidad	a
287	nivel_educacion	b
287	tono	b
287	emociones	g
287	tipo_entidad	h
287	origen_entidad	b
287	proposito	d
287	informacion_presentada	a
287	vision	d
287	consecuencias	d
287	que_muestra	d
287	intencion	a
287	localizacion_problema	c
287	involucrados	c
287	formalidad	a
287	nivel_educacion	b
287	tono	b
287	emociones	g
250	tipo_entidad	h
250	origen_entidad	b
250	proposito	f g e a b c d i h
250	informacion_presentada	a
250	vision	d
250	consecuencias	c
250	que_muestra	c
250	intencion	a
250	localizacion_problema	b
250	involucrados	c
250	formalidad	a
250	nivel_educacion	b
250	tono	a
250	emociones	g
250	tipo_entidad	h
250	origen_entidad	b
250	proposito	d
250	informacion_presentada	a
250	vision	d
250	consecuencias	c
250	que_muestra	d
250	intencion	a
250	localizacion_problema	b
250	involucrados	c
250	formalidad	a
250	nivel_educacion	b
250	tono	b
250	emociones	a
250	tipo_entidad	h
250	origen_entidad	b
250	proposito	d
250	informacion_presentada	a
250	vision	d
250	consecuencias	c
250	que_muestra	d
250	intencion	c
250	localizacion_problema	a
250	involucrados	b
250	formalidad	a
250	nivel_educacion	b
250	tono	b
250	emociones	a c b
425	tipo_entidad	h
425	origen_entidad	b
425	proposito	d
425	informacion_presentada	a
425	vision	d
425	consecuencias	b
425	que_muestra	d
425	intencion	b
425	localizacion_problema	b
425	involucrados	c
425	formalidad	a
425	nivel_educacion	b
425	tono	a
425	emociones	h
425	tipo_entidad	h
425	origen_entidad	b
425	proposito	d
425	informacion_presentada	a
425	vision	d
425	consecuencias	b
425	que_muestra	d
425	intencion	b
425	localizacion_problema	b
425	involucrados	e
425	formalidad	a
425	nivel_educacion	b
425	tono	a
425	emociones	g
425	tipo_entidad	h
425	origen_entidad	b
425	proposito	d
425	informacion_presentada	a
425	vision	d
425	consecuencias	b
425	que_muestra	b
425	intencion	b
425	localizacion_problema	b
425	involucrados	f e
425	formalidad	a
425	nivel_educacion	b
425	tono	b
425	emociones	h
212	tipo_entidad	h
212	origen_entidad	b
212	proposito	d
212	informacion_presentada	a
212	vision	d
212	consecuencias	a c b
212	que_muestra	d
212	intencion	a
212	localizacion_problema	b
212	involucrados	a b
212	formalidad	a
212	nivel_educacion	b
212	tono	b
212	emociones	h
212	tipo_entidad	h
212	origen_entidad	b
212	proposito	b
212	informacion_presentada	a
212	vision	d
212	consecuencias	c
212	que_muestra	d
212	intencion	a
212	localizacion_problema	b
212	involucrados	b c f
212	formalidad	a
212	nivel_educacion	b
212	tono	b
212	emociones	f
212	tipo_entidad	h
212	origen_entidad	b
212	proposito	c
212	informacion_presentada	a
212	vision	d
212	consecuencias	c
212	que_muestra	d
212	intencion	a
212	localizacion_problema	a
212	involucrados	f e c
212	formalidad	a
212	nivel_educacion	b
212	tono	b
212	emociones	g
353	tipo_entidad	h
353	origen_entidad	b
353	proposito	d
353	vision	d
353	consecuencias	c
353	que_muestra	c
353	intencion	a
353	localizacion_problema	b
353	involucrados	d
353	formalidad	a
353	nivel_educacion	b
353	tono	b
353	emociones	e
353	tipo_entidad	h
353	origen_entidad	b
353	proposito	b
353	informacion_presentada	a
353	vision	d
353	consecuencias	c
353	que_muestra	d
353	intencion	b
353	localizacion_problema	b
353	involucrados	f e
353	formalidad	a
353	nivel_educacion	b
353	tono	b
353	emociones	h
353	tipo_entidad	h
353	origen_entidad	b
353	proposito	d
353	informacion_presentada	a
353	vision	d
353	consecuencias	c
353	que_muestra	d
353	intencion	a
353	localizacion_problema	b
353	involucrados	f e c
353	formalidad	a
353	nivel_educacion	b
353	tono	b
353	emociones	g
405	tipo_entidad	h
405	origen_entidad	b
405	proposito	d
405	informacion_presentada	a
405	vision	d
405	consecuencias	c
405	que_muestra	b
405	intencion	a
405	localizacion_problema	a
405	involucrados	a e
405	formalidad	a
405	nivel_educacion	b
405	tono	a
405	emociones	h
405	tipo_entidad	h
405	origen_entidad	a
405	proposito	d
405	informacion_presentada	a
405	vision	d
405	consecuencias	c
405	que_muestra	c
405	intencion	a
405	localizacion_problema	b
405	involucrados	c
405	formalidad	a
405	nivel_educacion	b
405	tono	a
405	emociones	h
405	tipo_entidad	h
405	origen_entidad	a
405	proposito	d
405	informacion_presentada	a
405	vision	d
405	consecuencias	c
405	que_muestra	c
405	intencion	a
405	localizacion_problema	a
405	involucrados	a
405	formalidad	a
405	nivel_educacion	b
405	tono	a
405	emociones	h
583	tipo_entidad	h
583	origen_entidad	b
583	proposito	d
583	informacion_presentada	a
583	vision	d
583	consecuencias	a
583	que_muestra	c
583	intencion	a
583	localizacion_problema	b
583	involucrados	e c d
583	formalidad	a
583	nivel_educacion	b
583	tono	a
583	emociones	h
583	tipo_entidad	h
583	origen_entidad	b
583	proposito	d
583	informacion_presentada	a
583	vision	d
583	consecuencias	b
583	que_muestra	c
583	intencion	a
583	localizacion_problema	c
583	involucrados	b
583	formalidad	a
583	nivel_educacion	b
583	tono	b
583	emociones	c
583	tipo_entidad	h
583	origen_entidad	b
583	proposito	d
583	informacion_presentada	a
583	vision	d
583	consecuencias	b
583	que_muestra	c
583	intencion	a
583	localizacion_problema	b
583	involucrados	b
583	formalidad	a
583	nivel_educacion	b
583	tono	a
583	emociones	h
432	tipo_entidad	b
432	origen_entidad	b
432	proposito	d
432	informacion_presentada	a
432	vision	d
432	consecuencias	c
432	que_muestra	c
432	intencion	b
432	localizacion_problema	b
432	involucrados	f c
432	formalidad	a
432	nivel_educacion	b
432	tono	b
432	emociones	g
432	tipo_entidad	b
432	origen_entidad	b
432	proposito	d
432	informacion_presentada	a
432	vision	d
432	consecuencias	c
432	que_muestra	d
432	intencion	b
432	localizacion_problema	b
432	involucrados	f g e a c d
432	formalidad	a
432	nivel_educacion	b
432	tono	b
432	emociones	c
432	tipo_entidad	b
432	origen_entidad	a
432	proposito	d
432	informacion_presentada	a
432	vision	d
432	consecuencias	c
432	que_muestra	d
432	intencion	b
432	localizacion_problema	b
432	involucrados	a
432	formalidad	a
432	nivel_educacion	b
432	tono	b
432	emociones	c
240	tipo_entidad	b
240	origen_entidad	a
240	proposito	h
240	informacion_presentada	a
240	vision	d
240	consecuencias	d
240	que_muestra	d
240	intencion	c
240	localizacion_problema	b
240	involucrados	c
240	formalidad	a
240	nivel_educacion	b
240	tono	a
240	emociones	h
240	tipo_entidad	b
240	origen_entidad	a
240	proposito	h
240	informacion_presentada	a
240	vision	d
240	consecuencias	d
240	que_muestra	d
240	intencion	e
240	localizacion_problema	b
240	involucrados	f e c
240	formalidad	a
240	nivel_educacion	b
240	tono	a
240	emociones	h
240	tipo_entidad	b
240	origen_entidad	b
240	proposito	i
240	informacion_presentada	a
240	vision	d
240	consecuencias	d
240	que_muestra	d
240	intencion	e
240	localizacion_problema	b
240	involucrados	e
240	formalidad	a
240	nivel_educacion	b
240	tono	a
240	emociones	h
539	tipo_entidad	b
539	origen_entidad	b
539	proposito	d
539	informacion_presentada	a
539	vision	d
539	consecuencias	d
539	que_muestra	c
539	intencion	c
539	localizacion_problema	b
539	involucrados	b
539	formalidad	a
539	nivel_educacion	b
539	tono	a
539	emociones	h
539	tipo_entidad	b
539	origen_entidad	b
539	proposito	d
539	informacion_presentada	a
539	vision	d
539	consecuencias	a
539	que_muestra	c
539	intencion	c
539	localizacion_problema	b
539	involucrados	c
539	formalidad	a
539	nivel_educacion	b
539	tono	b
539	emociones	h
539	tipo_entidad	b
539	origen_entidad	b
539	proposito	d
539	informacion_presentada	a
539	vision	d
539	consecuencias	d
539	que_muestra	d
539	intencion	c
539	localizacion_problema	b
539	involucrados	d
539	formalidad	a
539	nivel_educacion	b
539	tono	a
539	emociones	f
404	tipo_entidad	b
404	origen_entidad	b
404	proposito	b
404	informacion_presentada	a
404	vision	d
404	consecuencias	c
404	que_muestra	d
404	intencion	a
404	localizacion_problema	b
404	involucrados	a
404	formalidad	a
404	nivel_educacion	b
404	tono	a
404	emociones	e
404	tipo_entidad	b
404	origen_entidad	a
404	proposito	d
404	informacion_presentada	a
404	vision	d
404	consecuencias	c
404	que_muestra	d
404	intencion	e
404	localizacion_problema	b
404	involucrados	b
404	formalidad	a
404	nivel_educacion	b
404	tono	a
404	emociones	h
404	tipo_entidad	b
404	origen_entidad	a
404	proposito	d
404	informacion_presentada	a
404	vision	d
404	consecuencias	c
404	que_muestra	c
404	intencion	e
404	localizacion_problema	a
404	involucrados	a
404	formalidad	a
404	nivel_educacion	b
404	tono	b
404	emociones	g
111	tipo_entidad	h
111	origen_entidad	b
111	proposito	d
111	informacion_presentada	a
111	vision	d
111	consecuencias	c
111	que_muestra	d
111	intencion	b
111	localizacion_problema	b
111	involucrados	b
111	formalidad	a
111	nivel_educacion	b
111	tono	a
111	emociones	h
111	tipo_entidad	h
111	origen_entidad	b
111	proposito	d
111	informacion_presentada	a
111	vision	d
111	consecuencias	c
111	que_muestra	c
111	intencion	a
111	localizacion_problema	b
111	involucrados	d
111	formalidad	a
111	nivel_educacion	b
111	tono	b
111	emociones	e
111	tipo_entidad	h
111	origen_entidad	b
111	proposito	d
111	informacion_presentada	a
111	vision	d
111	consecuencias	c
111	que_muestra	c
111	intencion	a
111	localizacion_problema	b
111	involucrados	a
111	formalidad	a
111	nivel_educacion	b
111	tono	b
111	emociones	e
548	tipo_entidad	h
548	origen_entidad	b
548	proposito	d
548	informacion_presentada	a
548	vision	d
548	consecuencias	c
548	que_muestra	d
548	intencion	a
548	localizacion_problema	b
548	involucrados	b
548	formalidad	a
548	nivel_educacion	b
548	tono	b
548	emociones	g
548	tipo_entidad	h
548	origen_entidad	b
548	proposito	d
548	informacion_presentada	a
548	vision	d
548	consecuencias	c
548	que_muestra	c
548	intencion	a
548	localizacion_problema	b
548	involucrados	b
548	formalidad	a
548	nivel_educacion	b
548	tono	a
548	emociones	h
548	tipo_entidad	h
548	origen_entidad	b
548	proposito	d
548	informacion_presentada	a
548	vision	d
548	consecuencias	c
548	que_muestra	d
548	intencion	a
548	localizacion_problema	b
548	involucrados	c
548	formalidad	a
548	nivel_educacion	b
548	tono	b
548	emociones	h
265	tipo_entidad	b
265	origen_entidad	a
265	proposito	d
265	informacion_presentada	a
265	vision	d
265	consecuencias	a
265	que_muestra	d
265	intencion	b
265	localizacion_problema	c
265	involucrados	a f
265	formalidad	a
265	nivel_educacion	b
265	tono	a
265	emociones	g
265	tipo_entidad	b
265	origen_entidad	a
265	proposito	d
265	informacion_presentada	a
265	vision	d
265	consecuencias	d
265	que_muestra	c
265	intencion	b
265	localizacion_problema	b
265	involucrados	a f e b
265	formalidad	a
265	nivel_educacion	b
265	tono	b
265	emociones	h
265	tipo_entidad	b
265	origen_entidad	a
265	proposito	d
265	informacion_presentada	a
265	vision	d
265	consecuencias	a
265	que_muestra	d
265	intencion	b
265	localizacion_problema	b
265	involucrados	b
265	formalidad	a
265	nivel_educacion	b
265	tono	a
265	emociones	h
581	tipo_entidad	h
581	origen_entidad	b
581	proposito	d
581	informacion_presentada	a
581	vision	d
581	consecuencias	a
581	que_muestra	c
581	intencion	c
581	localizacion_problema	c
581	involucrados	b e c
581	formalidad	a
581	nivel_educacion	b
581	tono	b
581	emociones	h
581	tipo_entidad	h
581	origen_entidad	b
581	proposito	d
581	informacion_presentada	a
581	vision	d
581	consecuencias	a
581	que_muestra	d
581	intencion	c
581	localizacion_problema	b
581	involucrados	c
581	formalidad	a
581	nivel_educacion	b
581	tono	b
581	emociones	h
581	tipo_entidad	h
581	origen_entidad	b
581	proposito	d
581	informacion_presentada	a
581	vision	d
581	consecuencias	a
581	que_muestra	d
581	intencion	b
581	localizacion_problema	b
581	involucrados	c
581	formalidad	a
581	nivel_educacion	b
581	tono	a
581	emociones	a
544	tipo_entidad	b
544	origen_entidad	a
544	proposito	e d
544	informacion_presentada	a
544	vision	d
544	consecuencias	a
544	que_muestra	a
544	intencion	c
544	localizacion_problema	b
544	involucrados	b c
544	formalidad	a
544	nivel_educacion	b
544	tono	a
544	emociones	a e c
544	tipo_entidad	b
544	origen_entidad	a
544	proposito	h e d
544	informacion_presentada	a
544	vision	d
544	consecuencias	a
544	que_muestra	c
544	intencion	e
544	localizacion_problema	b
544	involucrados	c
544	formalidad	a
544	nivel_educacion	b
544	tono	b
544	emociones	h
544	tipo_entidad	b
544	origen_entidad	a
544	proposito	d
544	informacion_presentada	a
544	vision	d
544	consecuencias	a
544	que_muestra	c
544	intencion	e
544	localizacion_problema	b
544	involucrados	b e
544	formalidad	a
544	nivel_educacion	b
544	tono	b
544	emociones	h
338	tipo_entidad	b
338	origen_entidad	b
338	proposito	d
338	informacion_presentada	a
338	vision	a
338	consecuencias	c
338	que_muestra	c
338	intencion	e
338	localizacion_problema	b
338	involucrados	e
338	formalidad	a
338	nivel_educacion	b
338	tono	b
338	emociones	h
338	tipo_entidad	b
338	origen_entidad	b
338	proposito	d
338	informacion_presentada	a
338	vision	a
338	consecuencias	c
338	que_muestra	c
338	intencion	a
338	localizacion_problema	c
338	involucrados	b
338	formalidad	a
338	nivel_educacion	b
338	tono	b
338	emociones	h
338	tipo_entidad	b
338	origen_entidad	b
338	proposito	d
338	informacion_presentada	a
338	vision	a
338	consecuencias	c
338	que_muestra	c
338	intencion	a
338	localizacion_problema	b
338	involucrados	f e c h
338	formalidad	a
338	nivel_educacion	b
338	tono	b
338	emociones	h
46	tipo_entidad	h
46	origen_entidad	b
46	proposito	b d
46	informacion_presentada	a
46	vision	d
46	consecuencias	c
46	que_muestra	c
46	intencion	b
46	localizacion_problema	b
46	involucrados	b
46	formalidad	a
46	nivel_educacion	b
46	tono	b
46	emociones	g
46	tipo_entidad	h
46	origen_entidad	b
46	proposito	d
46	informacion_presentada	a
46	vision	d
46	consecuencias	a
46	que_muestra	b
46	intencion	a
46	localizacion_problema	b
46	involucrados	f c d
46	formalidad	a
46	nivel_educacion	b
46	tono	b
46	emociones	f
46	tipo_entidad	h
46	origen_entidad	b
46	proposito	d
46	informacion_presentada	a
46	vision	d
46	consecuencias	a
46	que_muestra	c
46	intencion	a
46	localizacion_problema	b
46	involucrados	f e c d
46	formalidad	a
46	nivel_educacion	b
46	tono	b
46	emociones	h
594	tipo_entidad	b
594	origen_entidad	a
594	proposito	d
594	informacion_presentada	a
594	vision	d
594	consecuencias	a
594	que_muestra	c
594	intencion	a
594	localizacion_problema	a
594	involucrados	f e d
594	formalidad	a
594	nivel_educacion	b
594	tono	b
594	emociones	g
594	tipo_entidad	b
594	origen_entidad	a
594	proposito	d
594	informacion_presentada	a
594	vision	d
594	consecuencias	a
594	que_muestra	d
594	intencion	a
594	localizacion_problema	c
594	involucrados	a h f
594	formalidad	a
594	nivel_educacion	b
594	tono	a
594	emociones	g
594	tipo_entidad	b
594	origen_entidad	a
594	proposito	d
594	informacion_presentada	a
594	vision	d
594	consecuencias	d
594	que_muestra	c
594	intencion	c
594	localizacion_problema	b
594	involucrados	c
594	formalidad	a
594	nivel_educacion	b
594	tono	a
594	emociones	h
237	tipo_entidad	h
237	origen_entidad	b
237	proposito	d
237	informacion_presentada	a
237	vision	d
237	consecuencias	b
237	que_muestra	d
237	intencion	a
237	localizacion_problema	b
237	involucrados	c
237	formalidad	a
237	nivel_educacion	b
237	tono	b
237	emociones	g
237	tipo_entidad	h
237	origen_entidad	b
237	proposito	d
237	informacion_presentada	a
237	vision	d
237	consecuencias	c
237	que_muestra	c
237	intencion	b
237	localizacion_problema	b
237	involucrados	f c d
237	formalidad	a
237	nivel_educacion	b
237	tono	a
237	emociones	h
237	tipo_entidad	h
237	origen_entidad	a
237	proposito	d
237	informacion_presentada	a
237	vision	d
237	consecuencias	c
237	que_muestra	c
237	intencion	a
237	localizacion_problema	b
237	involucrados	c
237	formalidad	a
237	nivel_educacion	b
237	tono	b
237	emociones	h
103	tipo_entidad	h
103	origen_entidad	b
103	proposito	d
103	informacion_presentada	a
103	vision	d
103	consecuencias	c
103	que_muestra	d
103	intencion	a
103	localizacion_problema	b
103	involucrados	a f
103	formalidad	a
103	nivel_educacion	b
103	tono	a
103	emociones	h
103	tipo_entidad	h
103	origen_entidad	b
103	proposito	d
103	informacion_presentada	a
103	vision	d
103	consecuencias	c
103	que_muestra	c
103	intencion	a
103	localizacion_problema	b
103	involucrados	a f h b
103	formalidad	a
103	nivel_educacion	b
103	tono	b
103	emociones	g
103	tipo_entidad	h
103	origen_entidad	b
103	proposito	d
103	informacion_presentada	a
103	vision	d
103	consecuencias	c
103	que_muestra	c
103	intencion	a
103	localizacion_problema	b
103	involucrados	b
103	formalidad	a
103	nivel_educacion	b
103	tono	a
103	emociones	d
209	tipo_entidad	h
209	origen_entidad	b
209	proposito	d
209	informacion_presentada	a
209	vision	d
209	consecuencias	a c b
209	que_muestra	d
209	intencion	c
209	localizacion_problema	c
209	involucrados	e
209	formalidad	a
209	nivel_educacion	b
209	tono	b
209	emociones	h
209	tipo_entidad	h
209	origen_entidad	b
209	proposito	c
209	informacion_presentada	a
209	vision	d
209	consecuencias	c
209	que_muestra	c
209	intencion	a
209	localizacion_problema	c
209	involucrados	a
209	formalidad	a
209	nivel_educacion	b
209	tono	a
209	emociones	a b
209	tipo_entidad	b
209	origen_entidad	b
209	proposito	d
209	informacion_presentada	a
209	vision	d
209	consecuencias	a c
209	que_muestra	d
209	intencion	a
209	localizacion_problema	c
209	involucrados	c
209	formalidad	a
209	nivel_educacion	b
209	tono	a
209	emociones	h
395	tipo_entidad	a
395	origen_entidad	b
395	proposito	g c d
395	informacion_presentada	a
395	vision	d
395	consecuencias	c
395	que_muestra	c
395	intencion	a
395	localizacion_problema	b
395	involucrados	b e f d
395	formalidad	a
395	nivel_educacion	b
395	tono	b
395	emociones	h
395	tipo_entidad	a
395	origen_entidad	b
395	proposito	d
395	informacion_presentada	a
395	vision	d
395	consecuencias	c
395	que_muestra	c
395	intencion	a
395	localizacion_problema	b
395	involucrados	f c d
395	formalidad	a
395	nivel_educacion	b
395	tono	a
395	emociones	g
395	tipo_entidad	a
395	origen_entidad	b
395	proposito	d
395	informacion_presentada	a
395	vision	d
395	consecuencias	c
395	que_muestra	c
395	intencion	a
395	localizacion_problema	b
395	involucrados	f a b c h
395	formalidad	a
395	nivel_educacion	b
395	tono	b
395	emociones	c
186	tipo_entidad	h
186	origen_entidad	b
186	proposito	d
186	informacion_presentada	a
186	vision	d
186	consecuencias	c
186	que_muestra	d
186	intencion	a
186	localizacion_problema	b
186	involucrados	c
186	formalidad	a
186	nivel_educacion	b
186	tono	b
186	emociones	h
186	tipo_entidad	h
186	origen_entidad	b
186	proposito	d
186	informacion_presentada	a
186	vision	d
186	consecuencias	c
186	que_muestra	d
186	intencion	a
186	localizacion_problema	c
186	involucrados	c
186	formalidad	a
186	nivel_educacion	b
186	tono	b
186	emociones	h
186	tipo_entidad	h
186	origen_entidad	b
186	proposito	d
186	informacion_presentada	a
186	vision	d
186	consecuencias	d
186	que_muestra	d
186	intencion	a
186	localizacion_problema	c
186	involucrados	c
186	formalidad	a
186	nivel_educacion	b
186	tono	b
186	emociones	h
417	tipo_entidad	h
417	origen_entidad	a
417	proposito	b
417	informacion_presentada	a
417	vision	d
417	consecuencias	c
417	que_muestra	b
417	intencion	a
417	localizacion_problema	b
417	involucrados	e
417	formalidad	a
417	nivel_educacion	b
417	tono	b
417	emociones	c
417	tipo_entidad	h
417	origen_entidad	a
417	proposito	b
417	informacion_presentada	a
417	vision	d
417	consecuencias	c
417	que_muestra	c
417	intencion	a
417	localizacion_problema	b
417	involucrados	f g a b d
417	formalidad	a
417	nivel_educacion	b
417	tono	b
417	emociones	h
417	tipo_entidad	h
417	origen_entidad	a
417	proposito	b
417	informacion_presentada	a
417	vision	d
417	consecuencias	c
417	que_muestra	c
417	intencion	a
417	localizacion_problema	b
417	involucrados	f
417	formalidad	a
417	nivel_educacion	b
417	tono	b
417	emociones	g
449	tipo_entidad	d
449	origen_entidad	b
449	proposito	d
449	informacion_presentada	a
449	vision	d
449	consecuencias	c
449	que_muestra	b
449	intencion	a
449	localizacion_problema	c
449	involucrados	f e c
449	formalidad	a
449	nivel_educacion	b
449	tono	b
449	emociones	c
449	tipo_entidad	a
449	origen_entidad	b
449	proposito	d
449	informacion_presentada	a
449	vision	d
449	consecuencias	c
449	que_muestra	b
449	intencion	a
449	localizacion_problema	a
449	involucrados	c
449	formalidad	a
449	nivel_educacion	b
449	tono	b
449	emociones	g
449	tipo_entidad	h
449	origen_entidad	b
449	proposito	d
449	informacion_presentada	a
449	vision	d
449	consecuencias	c
449	que_muestra	b
449	intencion	a
449	localizacion_problema	c
449	involucrados	c
449	formalidad	a
449	nivel_educacion	b
449	tono	b
449	emociones	c
427	tipo_entidad	b
427	origen_entidad	a
427	proposito	h
427	informacion_presentada	a
427	vision	d
427	consecuencias	c
427	que_muestra	c
427	intencion	b
427	localizacion_problema	b
427	involucrados	a
427	formalidad	a
427	nivel_educacion	b
427	tono	b
427	emociones	h
427	tipo_entidad	b
427	origen_entidad	a
427	proposito	d
427	informacion_presentada	a
427	vision	d
427	consecuencias	a
427	que_muestra	d
427	intencion	b
427	localizacion_problema	a
427	involucrados	a
427	formalidad	a
427	nivel_educacion	b
427	tono	b
427	emociones	h
427	tipo_entidad	b
427	origen_entidad	a
427	proposito	d
427	informacion_presentada	a
427	vision	d
427	consecuencias	a
427	que_muestra	d
427	intencion	a
427	localizacion_problema	b
427	involucrados	f e d
427	formalidad	a
427	nivel_educacion	b
427	tono	b
427	emociones	h
278	tipo_entidad	h
278	origen_entidad	b
278	proposito	d
278	informacion_presentada	a
278	vision	d
278	consecuencias	c
278	que_muestra	c
278	intencion	a
278	localizacion_problema	b
278	involucrados	f e
278	formalidad	a
278	nivel_educacion	b
278	tono	b
278	emociones	h
278	tipo_entidad	h
278	origen_entidad	b
278	proposito	d
278	informacion_presentada	a
278	vision	d
278	consecuencias	d
278	que_muestra	d
278	intencion	b
278	localizacion_problema	b
278	involucrados	b
278	formalidad	a
278	nivel_educacion	b
278	tono	b
278	emociones	g
278	tipo_entidad	a
278	origen_entidad	b
278	proposito	d
278	informacion_presentada	a
278	vision	d
278	consecuencias	c
278	que_muestra	d
278	intencion	a
278	localizacion_problema	b
278	involucrados	b
278	formalidad	a
278	nivel_educacion	b
278	tono	b
278	emociones	h
21	tipo_entidad	h
21	origen_entidad	b
21	proposito	d
21	informacion_presentada	a
21	vision	d
21	consecuencias	c
21	que_muestra	c
21	intencion	a
21	localizacion_problema	a
21	involucrados	a b
21	formalidad	a
21	nivel_educacion	b
21	tono	a
21	emociones	e
21	tipo_entidad	h
21	origen_entidad	b
21	proposito	d
21	informacion_presentada	a
21	vision	d
21	consecuencias	d
21	que_muestra	b
21	intencion	a
21	localizacion_problema	c
21	involucrados	a c b d
21	formalidad	a
21	nivel_educacion	b
21	tono	a
21	emociones	f g a b d h
21	tipo_entidad	h
21	origen_entidad	b
21	proposito	d
21	informacion_presentada	a
21	vision	d
21	consecuencias	a c b
21	que_muestra	b
21	intencion	a
21	localizacion_problema	a
21	involucrados	c
21	formalidad	a
21	nivel_educacion	b
21	tono	b
21	emociones	f g e a b c d h
259	tipo_entidad	h
259	origen_entidad	b
259	proposito	d
259	informacion_presentada	a
259	vision	d
259	consecuencias	d
259	que_muestra	d
259	intencion	f
259	localizacion_problema	b
259	involucrados	b d
259	formalidad	a
259	nivel_educacion	b
259	tono	a
259	emociones	c
259	tipo_entidad	h
259	origen_entidad	b
259	proposito	d
259	informacion_presentada	a
259	vision	d
259	consecuencias	d
259	que_muestra	d
259	intencion	b
259	localizacion_problema	c
259	involucrados	b c f
259	formalidad	a
259	nivel_educacion	b
259	tono	b
259	emociones	c
259	tipo_entidad	h
259	origen_entidad	b
259	proposito	d
259	informacion_presentada	a
259	vision	d
259	consecuencias	d
259	que_muestra	d
259	intencion	f
259	localizacion_problema	b
259	involucrados	c
259	formalidad	a
259	nivel_educacion	b
259	tono	b
259	emociones	h
495	tipo_entidad	h
495	origen_entidad	b
495	proposito	d
495	informacion_presentada	a
495	vision	d
495	consecuencias	a
495	que_muestra	c
495	intencion	a
495	localizacion_problema	b
495	involucrados	c
495	formalidad	a
495	nivel_educacion	b
495	tono	b
495	emociones	h
495	tipo_entidad	h
495	origen_entidad	b
495	proposito	d
495	informacion_presentada	a
495	vision	d
495	consecuencias	a
495	que_muestra	b
495	intencion	c
495	localizacion_problema	b
495	involucrados	c
495	formalidad	a
495	nivel_educacion	b
495	tono	b
495	emociones	h
495	tipo_entidad	h
495	origen_entidad	b
495	proposito	d
495	informacion_presentada	a
495	vision	d
495	consecuencias	a b
495	que_muestra	c
495	intencion	a
495	localizacion_problema	c
495	involucrados	c
495	formalidad	a
495	nivel_educacion	b
495	tono	b
495	emociones	h
318	tipo_entidad	h
318	origen_entidad	b
318	proposito	c
318	informacion_presentada	a
318	vision	d
318	consecuencias	c
318	que_muestra	b
318	intencion	a
318	localizacion_problema	b
318	involucrados	b c f
318	formalidad	a
318	nivel_educacion	b
318	tono	b
318	emociones	e
318	tipo_entidad	h
318	origen_entidad	b
318	proposito	e c d
318	informacion_presentada	a
318	vision	d
318	consecuencias	c
318	que_muestra	d
318	intencion	a
318	localizacion_problema	b
318	involucrados	f g e b c
318	formalidad	a
318	nivel_educacion	b
318	tono	b
318	emociones	h
318	tipo_entidad	h
318	origen_entidad	b
318	proposito	d
318	informacion_presentada	a
318	vision	d
318	consecuencias	c
318	que_muestra	c
318	intencion	a
318	localizacion_problema	b
318	involucrados	f g e c
318	formalidad	a
318	nivel_educacion	b
318	tono	b
318	emociones	h
194	tipo_entidad	h
194	origen_entidad	b
194	proposito	d
194	informacion_presentada	a
194	vision	d
194	consecuencias	a
194	que_muestra	d
194	intencion	a
194	localizacion_problema	c
194	involucrados	f d
194	formalidad	a
194	nivel_educacion	b
194	tono	a
194	emociones	f g e a b c d h
194	tipo_entidad	h
194	origen_entidad	b
194	proposito	a b d
194	informacion_presentada	a
194	vision	d
194	consecuencias	a c b
194	que_muestra	c
194	intencion	c
194	localizacion_problema	c
194	involucrados	c
194	formalidad	a
194	nivel_educacion	b
194	tono	a
194	emociones	d
194	tipo_entidad	h
194	origen_entidad	b
194	proposito	d
194	informacion_presentada	a
194	vision	d
194	consecuencias	d
194	que_muestra	d
194	intencion	b
194	localizacion_problema	c
194	involucrados	f h c d
194	formalidad	a
194	nivel_educacion	b
194	tono	a
194	emociones	h
267	tipo_entidad	d
267	origen_entidad	b
267	proposito	b
267	informacion_presentada	a
267	vision	d
267	consecuencias	d
267	que_muestra	d
267	intencion	c
267	localizacion_problema	c
267	involucrados	b
267	formalidad	a
267	nivel_educacion	b
267	tono	b
267	emociones	g
267	tipo_entidad	h
267	origen_entidad	a
267	proposito	b e
267	informacion_presentada	a
267	vision	d
267	consecuencias	c
267	que_muestra	b
267	intencion	c
267	localizacion_problema	b
267	involucrados	c
267	formalidad	a
267	nivel_educacion	b
267	tono	b
267	emociones	h
267	tipo_entidad	d
267	origen_entidad	b
267	proposito	b
267	informacion_presentada	a
267	vision	d
267	consecuencias	a
267	que_muestra	c
267	intencion	c
267	localizacion_problema	b
267	involucrados	c
267	formalidad	a
267	nivel_educacion	b
267	tono	b
267	emociones	c
508	tipo_entidad	h
508	origen_entidad	b
508	proposito	d
508	informacion_presentada	a
508	vision	d
508	consecuencias	c
508	que_muestra	c
508	intencion	a
508	localizacion_problema	c
508	involucrados	a f b d
508	formalidad	a
508	nivel_educacion	b
508	tono	b
508	emociones	b
508	tipo_entidad	h
508	origen_entidad	b
508	proposito	d
508	informacion_presentada	a
508	vision	d
508	consecuencias	c
508	que_muestra	c
508	intencion	a
508	localizacion_problema	b
508	involucrados	c
508	formalidad	a
508	nivel_educacion	b
508	tono	b
508	emociones	h
508	tipo_entidad	h
508	origen_entidad	b
508	proposito	d
508	informacion_presentada	a b
508	vision	d
508	consecuencias	c
508	que_muestra	c
508	intencion	a
508	localizacion_problema	b
508	involucrados	b
508	formalidad	a
508	nivel_educacion	b
508	tono	b
508	emociones	a e c b
419	tipo_entidad	b
419	origen_entidad	a
419	proposito	g h d
419	informacion_presentada	a
419	vision	d
419	consecuencias	b
419	que_muestra	c
419	intencion	a
419	localizacion_problema	b
419	involucrados	f e d
419	formalidad	a
419	nivel_educacion	b
419	tono	b
419	emociones	e
419	tipo_entidad	b
419	origen_entidad	b
419	proposito	d
419	informacion_presentada	a
419	consecuencias	c
419	que_muestra	c
419	intencion	c
419	localizacion_problema	b
419	involucrados	a h b d
419	formalidad	a
419	nivel_educacion	b
419	tono	a
419	emociones	a
419	tipo_entidad	b
419	origen_entidad	a
419	proposito	d
419	informacion_presentada	a
419	consecuencias	b
419	que_muestra	c
419	intencion	a
419	localizacion_problema	b
419	involucrados	f e
419	formalidad	a
419	nivel_educacion	b
419	tono	a
419	emociones	e
102	tipo_entidad	b
102	origen_entidad	a
102	proposito	d
102	informacion_presentada	a
102	vision	d
102	consecuencias	c
102	que_muestra	d
102	intencion	c
102	localizacion_problema	a
102	involucrados	f g
102	formalidad	a
102	nivel_educacion	b
102	tono	b
102	emociones	a
102	tipo_entidad	b
102	origen_entidad	a
102	proposito	d
102	informacion_presentada	a
102	vision	d
102	consecuencias	a
102	que_muestra	d
102	intencion	c
102	localizacion_problema	b
102	involucrados	f
102	formalidad	a
102	nivel_educacion	b
102	tono	b
102	emociones	h
102	tipo_entidad	b
102	origen_entidad	a
102	proposito	d
102	informacion_presentada	a
102	vision	d
102	consecuencias	a
102	que_muestra	a
102	intencion	a
102	localizacion_problema	b
102	involucrados	f e
102	formalidad	a
102	nivel_educacion	b
102	tono	a
102	emociones	g
475	tipo_entidad	h
475	origen_entidad	b
475	proposito	d
475	informacion_presentada	a
475	vision	d
475	consecuencias	c
475	que_muestra	c
475	intencion	a
475	localizacion_problema	b
475	involucrados	b
475	formalidad	a
475	nivel_educacion	b
475	tono	b
475	emociones	f
475	tipo_entidad	h
475	origen_entidad	b
475	proposito	d
475	informacion_presentada	a
475	vision	d
475	consecuencias	c
475	que_muestra	b
475	intencion	b
475	localizacion_problema	b
475	involucrados	c
475	formalidad	a
475	nivel_educacion	b
475	tono	b
475	emociones	h
475	tipo_entidad	h
475	origen_entidad	b
475	proposito	d
475	informacion_presentada	a
475	vision	d
475	consecuencias	c
475	que_muestra	d
475	intencion	a
475	localizacion_problema	b
475	involucrados	c
475	formalidad	a
475	nivel_educacion	b
475	tono	a
475	emociones	g
135	tipo_entidad	h
135	origen_entidad	b
135	proposito	d
135	informacion_presentada	a
135	vision	a
135	consecuencias	c
135	que_muestra	b
135	intencion	a
135	localizacion_problema	b
135	involucrados	f c d
135	formalidad	a
135	nivel_educacion	b
135	tono	b
135	emociones	h
135	tipo_entidad	h
135	origen_entidad	b
135	proposito	d
135	informacion_presentada	a
135	vision	d
135	consecuencias	c
135	que_muestra	d
135	intencion	b
135	localizacion_problema	b
135	involucrados	c
135	formalidad	a
135	nivel_educacion	b
135	tono	b
135	emociones	h
135	tipo_entidad	h
135	origen_entidad	b
135	proposito	d
135	informacion_presentada	a
135	vision	d
135	consecuencias	c
135	que_muestra	b
135	intencion	a
135	localizacion_problema	b
135	involucrados	c
135	formalidad	a
135	nivel_educacion	b
135	tono	b
135	emociones	h
65	tipo_entidad	c
65	origen_entidad	b
65	proposito	d
65	informacion_presentada	a
65	vision	a
65	consecuencias	c
65	que_muestra	c
65	intencion	a
65	localizacion_problema	b
65	involucrados	b c f
65	formalidad	a
65	nivel_educacion	b
65	tono	b
65	emociones	h
65	tipo_entidad	c
65	origen_entidad	b
65	proposito	c d
65	informacion_presentada	a
65	vision	a
65	consecuencias	c
65	que_muestra	c
65	intencion	a
65	localizacion_problema	b
65	involucrados	b
65	formalidad	a
65	nivel_educacion	b
65	tono	a
65	emociones	e
65	tipo_entidad	c
65	origen_entidad	b
65	proposito	d
65	informacion_presentada	a
65	vision	d
65	consecuencias	c
65	que_muestra	c
65	intencion	a
65	localizacion_problema	b
65	involucrados	g e a b c d
65	formalidad	a
65	nivel_educacion	b
65	tono	a
65	emociones	a g
254	tipo_entidad	h
254	origen_entidad	b
254	proposito	d
254	informacion_presentada	a
254	vision	d
254	consecuencias	c
254	que_muestra	c
254	intencion	b
254	localizacion_problema	b
254	involucrados	b
254	formalidad	a
254	nivel_educacion	b
254	tono	a
254	emociones	h
254	tipo_entidad	h
254	origen_entidad	b
254	proposito	d
254	informacion_presentada	a
254	vision	d
254	consecuencias	c
254	que_muestra	b
254	intencion	b
254	localizacion_problema	b
254	involucrados	b f d
254	formalidad	a
254	nivel_educacion	b
254	tono	b
254	emociones	h
254	tipo_entidad	h
254	origen_entidad	b
254	proposito	d
254	informacion_presentada	a
254	vision	d
254	consecuencias	c
254	que_muestra	c
254	intencion	a
254	localizacion_problema	b
254	involucrados	b e
254	formalidad	a
254	nivel_educacion	b
254	tono	b
254	emociones	h
54	tipo_entidad	a
54	origen_entidad	b
54	proposito	c
54	informacion_presentada	a
54	vision	d
54	consecuencias	c
54	que_muestra	c
54	intencion	a
54	localizacion_problema	b
54	involucrados	e
54	formalidad	a
54	nivel_educacion	b
54	tono	b
54	emociones	f
54	tipo_entidad	a
54	origen_entidad	b
54	proposito	d
54	informacion_presentada	a
54	vision	d
54	consecuencias	c
54	que_muestra	b
54	intencion	a
54	localizacion_problema	b
54	involucrados	b
54	formalidad	a
54	nivel_educacion	b
54	tono	b
54	emociones	c
54	tipo_entidad	a
54	origen_entidad	b
54	proposito	d
54	informacion_presentada	a
54	vision	d
54	consecuencias	c
54	que_muestra	b
54	intencion	a
54	localizacion_problema	b
54	involucrados	a
54	formalidad	a
54	nivel_educacion	b
54	tono	b
54	emociones	f
230	tipo_entidad	h
230	origen_entidad	b
230	proposito	d
230	informacion_presentada	a
230	vision	d
230	consecuencias	c
230	que_muestra	c
230	intencion	a
230	localizacion_problema	b
230	involucrados	f g e b d
230	formalidad	a
230	nivel_educacion	b
230	tono	a
230	emociones	h
230	tipo_entidad	h
230	origen_entidad	a
230	proposito	d
230	informacion_presentada	a
230	vision	d
230	consecuencias	d
230	que_muestra	b
230	intencion	a
230	localizacion_problema	c
230	involucrados	c
230	formalidad	a
230	nivel_educacion	b
230	tono	b
230	emociones	h
230	tipo_entidad	h
230	origen_entidad	a
230	proposito	d
230	informacion_presentada	a
230	vision	d
230	consecuencias	c
230	que_muestra	c
230	intencion	a
230	localizacion_problema	b
230	involucrados	c
230	formalidad	a
230	nivel_educacion	b
230	tono	a
230	emociones	h
524	tipo_entidad	h
524	origen_entidad	b
524	proposito	d
524	informacion_presentada	a
524	vision	d
524	consecuencias	a
524	que_muestra	c
524	intencion	b
524	localizacion_problema	c
524	involucrados	f h e d
524	formalidad	a
524	nivel_educacion	b
524	tono	b
524	emociones	h
524	tipo_entidad	h
524	origen_entidad	b
524	proposito	d
524	informacion_presentada	a
524	vision	d
524	consecuencias	a
524	que_muestra	d
524	intencion	c
524	localizacion_problema	b
524	involucrados	f g c d
524	formalidad	a
524	nivel_educacion	b
524	tono	b
524	emociones	h
524	tipo_entidad	h
524	origen_entidad	b
524	proposito	d
524	informacion_presentada	a
524	vision	d
524	consecuencias	a
524	que_muestra	c
524	intencion	b
524	localizacion_problema	b
524	involucrados	b h c
524	formalidad	a
524	nivel_educacion	b
524	tono	b
524	emociones	h
313	tipo_entidad	h
313	origen_entidad	b
313	proposito	d
313	informacion_presentada	a
313	vision	d
313	consecuencias	c
313	que_muestra	c
313	intencion	b
313	localizacion_problema	b
313	involucrados	f e c
313	formalidad	a
313	nivel_educacion	b
313	tono	a
313	emociones	g
313	tipo_entidad	h
313	origen_entidad	b
313	proposito	d
313	informacion_presentada	a b
313	vision	d
313	consecuencias	c
313	que_muestra	c
313	intencion	a
313	localizacion_problema	b
313	involucrados	c
313	formalidad	a
313	nivel_educacion	b
313	tono	b
313	emociones	a
313	tipo_entidad	h
313	origen_entidad	b
313	proposito	d
313	informacion_presentada	a
313	vision	d
313	consecuencias	c
313	que_muestra	c
313	intencion	b
313	localizacion_problema	b
313	involucrados	f e c
313	formalidad	a
313	nivel_educacion	b
313	tono	b
313	emociones	g
77	tipo_entidad	f
77	origen_entidad	b
77	proposito	d
77	informacion_presentada	a
77	vision	c
77	consecuencias	d
77	que_muestra	d
77	intencion	c
77	localizacion_problema	c
77	involucrados	b c
77	formalidad	a
77	nivel_educacion	a
77	tono	b
77	emociones	h
77	tipo_entidad	g
77	origen_entidad	b
77	proposito	c
77	informacion_presentada	a
77	vision	c
77	consecuencias	d
77	que_muestra	c
77	intencion	b
77	localizacion_problema	b
77	involucrados	e c
77	formalidad	a
77	nivel_educacion	a
77	tono	a
77	emociones	e
77	tipo_entidad	h
77	origen_entidad	a
77	proposito	d
77	informacion_presentada	a
77	vision	d
77	consecuencias	a
77	que_muestra	d
77	intencion	e
77	localizacion_problema	c
77	involucrados	f e c d
77	formalidad	a
77	nivel_educacion	b
77	tono	b
77	emociones	h
244	tipo_entidad	b
244	origen_entidad	b
244	proposito	d
244	informacion_presentada	a
244	vision	d
244	consecuencias	d
244	que_muestra	d
244	intencion	f
244	localizacion_problema	b
244	involucrados	a f
244	formalidad	a
244	nivel_educacion	b
244	tono	b
244	emociones	h
244	tipo_entidad	b
244	origen_entidad	a
244	proposito	d
244	informacion_presentada	a
244	vision	d
244	consecuencias	a
244	que_muestra	c
244	intencion	a
244	localizacion_problema	b
244	involucrados	d
244	formalidad	a
244	nivel_educacion	b
244	tono	b
244	emociones	g
244	tipo_entidad	b
244	origen_entidad	b
244	proposito	d
244	informacion_presentada	a
244	vision	d
244	consecuencias	d
244	que_muestra	d
244	intencion	e
244	localizacion_problema	c
244	involucrados	c
244	formalidad	a
244	nivel_educacion	b
244	tono	a
244	emociones	h
367	tipo_entidad	h
367	origen_entidad	b
367	proposito	d
367	informacion_presentada	a
367	vision	d
367	consecuencias	a
367	que_muestra	d
367	intencion	a
367	localizacion_problema	c
367	involucrados	c
367	formalidad	a
367	nivel_educacion	b
367	tono	a
367	emociones	h
367	tipo_entidad	a
367	origen_entidad	b
367	proposito	a
367	informacion_presentada	a
367	vision	d
367	consecuencias	a
367	que_muestra	d
367	intencion	a
367	localizacion_problema	c
367	involucrados	f
367	formalidad	a
367	nivel_educacion	b
367	tono	b
367	emociones	h
367	tipo_entidad	a
367	origen_entidad	b
367	proposito	a
367	informacion_presentada	a
367	vision	d
367	consecuencias	a
367	que_muestra	c
367	intencion	a
367	localizacion_problema	c
367	involucrados	a g c f
367	formalidad	a
367	nivel_educacion	b
367	tono	b
367	emociones	h
285	tipo_entidad	h
285	origen_entidad	b
285	proposito	d
285	informacion_presentada	a
285	vision	d
285	consecuencias	c
285	que_muestra	d
285	intencion	c
285	localizacion_problema	b
285	involucrados	c
285	formalidad	a
285	nivel_educacion	b
285	tono	b
285	emociones	e
285	tipo_entidad	h
285	origen_entidad	b
285	proposito	d
285	informacion_presentada	a
285	vision	d
285	consecuencias	c
285	que_muestra	c
285	intencion	c
285	localizacion_problema	b
285	involucrados	e
285	formalidad	a
285	nivel_educacion	b
285	tono	a
285	emociones	h
285	tipo_entidad	h
285	origen_entidad	b
285	proposito	e
285	informacion_presentada	a
285	vision	d
285	consecuencias	c
285	que_muestra	c
285	intencion	a
285	localizacion_problema	b
285	involucrados	b
285	formalidad	a
285	nivel_educacion	b
285	tono	a
285	emociones	c
315	tipo_entidad	h
315	origen_entidad	b
315	proposito	d
315	informacion_presentada	a
315	vision	d
315	consecuencias	c
315	que_muestra	a
315	intencion	a
315	localizacion_problema	b
315	involucrados	a e
315	formalidad	a
315	nivel_educacion	b
315	tono	a
315	emociones	d
315	tipo_entidad	h
315	origen_entidad	b
315	proposito	d
315	informacion_presentada	a
315	vision	d
315	consecuencias	c
315	que_muestra	c
315	intencion	e a b c d
315	localizacion_problema	b
315	involucrados	e
315	formalidad	a
315	nivel_educacion	b
315	tono	a
315	emociones	d
315	tipo_entidad	h
315	origen_entidad	b
315	proposito	e d
315	informacion_presentada	a
315	vision	d
315	consecuencias	c
315	que_muestra	a
315	intencion	a
315	localizacion_problema	c
315	involucrados	e
315	formalidad	a
315	nivel_educacion	b
315	tono	a
315	emociones	h
272	tipo_entidad	b
272	origen_entidad	a
272	proposito	a c b d
272	informacion_presentada	a
272	vision	d
272	consecuencias	a
272	que_muestra	c
272	intencion	a
272	localizacion_problema	b
272	involucrados	b
272	formalidad	a
272	nivel_educacion	b
272	tono	b
272	emociones	g
272	tipo_entidad	b
272	origen_entidad	a
272	proposito	d
272	informacion_presentada	a
272	vision	d
272	consecuencias	a
272	que_muestra	c
272	intencion	a
272	localizacion_problema	b
272	involucrados	b
272	formalidad	a
272	nivel_educacion	b
272	tono	b
272	emociones	h
272	tipo_entidad	g
272	origen_entidad	b
272	proposito	d
272	informacion_presentada	a
272	vision	d
272	consecuencias	a
272	que_muestra	d
272	intencion	a
272	localizacion_problema	b
272	involucrados	e
272	formalidad	a
272	nivel_educacion	b
272	tono	b
272	emociones	g
492	tipo_entidad	h
492	origen_entidad	b
492	proposito	d
492	informacion_presentada	a
492	vision	d
492	consecuencias	c
492	que_muestra	d
492	intencion	a
492	localizacion_problema	c
492	involucrados	c
492	formalidad	a
492	nivel_educacion	b
492	tono	b
492	emociones	h
492	tipo_entidad	h
492	origen_entidad	b
492	proposito	d
492	informacion_presentada	a
492	vision	d
492	consecuencias	c
492	que_muestra	d
492	intencion	a
492	localizacion_problema	b
492	involucrados	c
492	formalidad	a
492	nivel_educacion	b
492	tono	b
492	emociones	h
492	tipo_entidad	h
492	origen_entidad	b
492	proposito	d
492	informacion_presentada	a
492	vision	d
492	consecuencias	c
492	que_muestra	c
492	intencion	a
492	localizacion_problema	c
492	involucrados	c
492	formalidad	a
492	nivel_educacion	b
492	tono	b
492	emociones	g
50	tipo_entidad	e
50	origen_entidad	b
50	proposito	d
50	informacion_presentada	a
50	vision	d
50	consecuencias	a
50	que_muestra	b
50	intencion	a
50	localizacion_problema	c
50	involucrados	g e d
50	formalidad	a
50	nivel_educacion	b
50	tono	b
50	emociones	g
50	tipo_entidad	h
50	origen_entidad	b
50	proposito	b
50	informacion_presentada	a
50	vision	d
50	consecuencias	a
50	que_muestra	d
50	intencion	a
50	localizacion_problema	b
50	involucrados	f g c d
50	formalidad	a
50	nivel_educacion	b
50	tono	b
50	emociones	h
50	tipo_entidad	d
50	origen_entidad	b
50	proposito	b
50	informacion_presentada	a
50	vision	d
50	consecuencias	a
50	que_muestra	d
50	intencion	a
50	localizacion_problema	b
50	involucrados	e
50	formalidad	a
50	nivel_educacion	b
50	tono	b
50	emociones	g
443	tipo_entidad	h
443	origen_entidad	b
443	proposito	d
443	informacion_presentada	a
443	vision	d
443	consecuencias	d
443	que_muestra	c
443	intencion	b
443	localizacion_problema	b
443	involucrados	c
443	formalidad	a
443	nivel_educacion	b
443	tono	a
443	emociones	g
443	tipo_entidad	h
443	origen_entidad	b
443	proposito	d
443	informacion_presentada	a
443	vision	d
443	consecuencias	d
443	que_muestra	c
443	intencion	c
443	localizacion_problema	c
443	involucrados	f e c
443	formalidad	a
443	nivel_educacion	b
443	tono	a
443	emociones	h
443	tipo_entidad	h
443	origen_entidad	b
443	proposito	d
443	informacion_presentada	a
443	vision	d
443	consecuencias	d
443	que_muestra	a
443	intencion	c
443	localizacion_problema	c
443	involucrados	c
443	formalidad	a
443	nivel_educacion	b
443	tono	b
443	emociones	h
403	tipo_entidad	h
403	origen_entidad	b
403	proposito	d
403	informacion_presentada	a
403	vision	d
403	consecuencias	c
403	que_muestra	c
403	intencion	a
403	localizacion_problema	b
403	involucrados	e
403	formalidad	a
403	nivel_educacion	b
403	tono	b
403	emociones	a
403	tipo_entidad	h
403	origen_entidad	b
403	proposito	d
403	informacion_presentada	a
403	vision	d
403	consecuencias	c
403	que_muestra	c
403	intencion	a
403	localizacion_problema	b
403	involucrados	f e c
403	formalidad	a
403	nivel_educacion	b
403	tono	a
403	emociones	h
403	tipo_entidad	h
403	origen_entidad	b
403	proposito	d
403	informacion_presentada	a
403	vision	d
403	consecuencias	c
403	que_muestra	d
403	intencion	a
403	localizacion_problema	b
403	involucrados	c
403	formalidad	a
403	nivel_educacion	b
403	tono	a
403	emociones	g
122	tipo_entidad	h
122	origen_entidad	b
122	proposito	a
122	informacion_presentada	a
122	vision	d
122	consecuencias	c
122	que_muestra	d
122	intencion	b
122	localizacion_problema	c
122	involucrados	c
122	formalidad	a
122	nivel_educacion	b
122	tono	b
122	emociones	h
122	tipo_entidad	h
122	origen_entidad	b
122	proposito	d
122	informacion_presentada	a
122	vision	d
122	consecuencias	c
122	que_muestra	c
122	intencion	a
122	localizacion_problema	b
122	involucrados	g
122	formalidad	a
122	nivel_educacion	b
122	tono	b
122	emociones	h
122	tipo_entidad	h
122	origen_entidad	b
122	proposito	a b
122	informacion_presentada	a
122	vision	d
122	consecuencias	c
122	que_muestra	c
122	intencion	a
122	localizacion_problema	b
122	involucrados	c
122	formalidad	a
122	nivel_educacion	b
122	tono	b
122	emociones	h
39	tipo_entidad	h
39	origen_entidad	b
39	proposito	d
39	informacion_presentada	a
39	vision	a b d
39	consecuencias	b
39	que_muestra	d
39	intencion	b
39	localizacion_problema	b
39	involucrados	c
39	formalidad	a
39	nivel_educacion	b
39	tono	a
39	emociones	f c d
39	tipo_entidad	h
39	origen_entidad	b
39	proposito	b
39	informacion_presentada	a
39	vision	d
39	consecuencias	d
39	que_muestra	c
39	intencion	d
39	localizacion_problema	c
39	involucrados	f e c d h
39	formalidad	a
39	nivel_educacion	b
39	tono	a
39	emociones	h
39	tipo_entidad	h
39	origen_entidad	b
39	proposito	b
39	informacion_presentada	a
39	vision	d
39	consecuencias	d
39	que_muestra	d
39	intencion	a
39	localizacion_problema	c
39	involucrados	a d
39	formalidad	a
39	nivel_educacion	b
39	tono	b
39	emociones	g
482	tipo_entidad	h
482	origen_entidad	b
482	proposito	b
482	informacion_presentada	a
482	vision	d
482	consecuencias	c
482	que_muestra	c
482	intencion	a
482	localizacion_problema	b
482	involucrados	d
482	formalidad	a
482	nivel_educacion	b
482	tono	b
482	emociones	g
482	tipo_entidad	h
482	origen_entidad	b
482	proposito	d
482	informacion_presentada	a
482	vision	d
482	consecuencias	c
482	que_muestra	d
482	intencion	a
482	localizacion_problema	b
482	involucrados	c
482	formalidad	a
482	nivel_educacion	b
482	tono	b
482	emociones	h
482	tipo_entidad	h
482	origen_entidad	b
482	proposito	d
482	informacion_presentada	a
482	vision	d
482	consecuencias	a
482	que_muestra	d
482	intencion	a
482	localizacion_problema	b
482	involucrados	c
482	formalidad	a
482	nivel_educacion	b
482	tono	b
482	emociones	h
370	tipo_entidad	h
370	origen_entidad	b
370	proposito	d
370	informacion_presentada	a
370	vision	d
370	consecuencias	c
370	que_muestra	c
370	intencion	a
370	localizacion_problema	c
370	involucrados	b
370	formalidad	a
370	nivel_educacion	b
370	tono	b
370	emociones	g
370	tipo_entidad	h
370	origen_entidad	b
370	proposito	d
370	informacion_presentada	a
370	vision	d
370	consecuencias	b
370	que_muestra	c
370	intencion	a
370	localizacion_problema	b
370	involucrados	c
370	formalidad	a
370	nivel_educacion	b
370	tono	b
370	emociones	h
370	tipo_entidad	h
370	origen_entidad	b
370	proposito	d
370	informacion_presentada	a
370	vision	d
370	consecuencias	c
370	que_muestra	c
370	intencion	a
370	localizacion_problema	b
370	involucrados	b
370	formalidad	a
370	nivel_educacion	b
370	tono	b
370	emociones	h
253	tipo_entidad	h
253	origen_entidad	b
253	proposito	d
253	informacion_presentada	a
253	vision	d
253	consecuencias	c
253	que_muestra	c
253	intencion	a
253	localizacion_problema	b
253	involucrados	a f
253	formalidad	a
253	nivel_educacion	b
253	tono	a
253	emociones	h
253	tipo_entidad	h
253	origen_entidad	b
253	proposito	d
253	informacion_presentada	a
253	vision	d
253	consecuencias	d
253	que_muestra	c
253	intencion	c
253	localizacion_problema	b
253	involucrados	c
253	formalidad	a
253	nivel_educacion	b
253	tono	b
253	emociones	h
253	tipo_entidad	h
253	origen_entidad	b
253	proposito	d
253	informacion_presentada	a
253	vision	d
253	consecuencias	c
253	que_muestra	c
253	intencion	a
253	localizacion_problema	a
253	involucrados	b
253	formalidad	a
253	nivel_educacion	b
253	tono	b
253	emociones	e
108	tipo_entidad	h
108	origen_entidad	b
108	proposito	c d
108	informacion_presentada	a
108	vision	a b d
108	consecuencias	c
108	que_muestra	c
108	intencion	a
108	localizacion_problema	b
108	involucrados	f e
108	formalidad	a
108	nivel_educacion	b
108	tono	b
108	emociones	h
108	tipo_entidad	h
108	origen_entidad	b
108	proposito	d
108	informacion_presentada	a
108	vision	d
108	consecuencias	c
108	que_muestra	c
108	intencion	a
108	localizacion_problema	b
108	involucrados	f e a b c
108	formalidad	a
108	nivel_educacion	b
108	tono	a
108	emociones	b
108	tipo_entidad	h
108	origen_entidad	a
108	proposito	d
108	informacion_presentada	a
108	vision	d
108	consecuencias	c
108	que_muestra	b
108	intencion	a
108	localizacion_problema	b
108	involucrados	b c f
108	formalidad	a
108	nivel_educacion	b
108	tono	b
108	emociones	d
566	tipo_entidad	a
566	origen_entidad	b
566	proposito	d
566	informacion_presentada	a
566	vision	d
566	consecuencias	d
566	que_muestra	d
566	intencion	b
566	localizacion_problema	b
566	involucrados	f e a b c
566	formalidad	a
566	nivel_educacion	b
566	tono	a
566	emociones	e
566	tipo_entidad	a
566	origen_entidad	b
566	proposito	c d
566	informacion_presentada	a
566	vision	d
566	consecuencias	d
566	que_muestra	d
566	intencion	a
566	localizacion_problema	b
566	involucrados	c
566	formalidad	a
566	nivel_educacion	b
566	tono	a
566	emociones	h
566	tipo_entidad	a
566	origen_entidad	b
566	proposito	d
566	informacion_presentada	a
566	vision	d
566	consecuencias	d
566	que_muestra	c
566	intencion	b
566	localizacion_problema	c
566	involucrados	f g e c
566	formalidad	a
566	nivel_educacion	b
566	tono	a
566	emociones	h
129	tipo_entidad	h
129	origen_entidad	b
129	proposito	a b d
129	informacion_presentada	a
129	vision	d
129	consecuencias	a c
129	que_muestra	d
129	intencion	a
129	localizacion_problema	b
129	involucrados	f e d
129	formalidad	a
129	nivel_educacion	b
129	tono	a
129	emociones	a f c b
129	tipo_entidad	h
129	origen_entidad	b
129	proposito	a b d
129	informacion_presentada	a
129	vision	d
129	consecuencias	b
129	que_muestra	c
129	intencion	b
129	localizacion_problema	b
129	involucrados	e
129	formalidad	a
129	nivel_educacion	b
129	tono	b
129	emociones	a h c
129	tipo_entidad	h
129	origen_entidad	b
129	proposito	h d
129	informacion_presentada	a
129	vision	d
129	consecuencias	b
129	que_muestra	d
129	intencion	c
129	localizacion_problema	b
129	involucrados	f e d
129	formalidad	a
129	nivel_educacion	b
129	tono	a
129	emociones	g
88	tipo_entidad	h
88	origen_entidad	b
88	proposito	b
88	informacion_presentada	a
88	consecuencias	d
88	que_muestra	c
88	intencion	a
88	localizacion_problema	b
88	involucrados	f e c
88	formalidad	a
88	nivel_educacion	b
88	tono	b
88	emociones	g
88	tipo_entidad	h
88	origen_entidad	b
88	proposito	d
88	informacion_presentada	a
88	consecuencias	a b
88	que_muestra	c
88	intencion	a
88	localizacion_problema	b
88	involucrados	f g c d
88	formalidad	a
88	nivel_educacion	b
88	tono	b
88	emociones	c
88	tipo_entidad	h
88	origen_entidad	b
88	proposito	d
88	informacion_presentada	a
88	que_muestra	c
88	intencion	a
88	localizacion_problema	c
88	involucrados	e c d
88	formalidad	a
88	nivel_educacion	b
88	tono	b
88	emociones	f
532	tipo_entidad	h
532	origen_entidad	b
532	proposito	c
532	informacion_presentada	a
532	vision	d
532	consecuencias	c
532	que_muestra	d
532	intencion	a
532	localizacion_problema	c
532	involucrados	g e c
532	formalidad	a
532	nivel_educacion	b
532	tono	b
532	emociones	h
532	tipo_entidad	h
532	origen_entidad	b
532	proposito	c
532	informacion_presentada	a
532	vision	d
532	consecuencias	a
532	que_muestra	d
532	intencion	f
532	localizacion_problema	c
532	involucrados	e c
532	formalidad	a
532	nivel_educacion	b
532	tono	a
532	emociones	h
532	tipo_entidad	h
532	origen_entidad	b
532	proposito	d
532	informacion_presentada	a
532	vision	d
532	consecuencias	c
532	que_muestra	d
532	intencion	a
532	localizacion_problema	c
532	involucrados	c
532	formalidad	a
532	nivel_educacion	b
532	tono	b
532	emociones	h
399	tipo_entidad	b
399	origen_entidad	a
399	proposito	h d
399	informacion_presentada	a
399	vision	d
399	consecuencias	d
399	que_muestra	c
399	intencion	b
399	localizacion_problema	b
399	involucrados	f g e d
399	formalidad	a
399	nivel_educacion	b
399	tono	a
399	emociones	h
399	tipo_entidad	b
399	origen_entidad	a
399	proposito	d
399	informacion_presentada	a
399	vision	d
399	consecuencias	d
399	que_muestra	c
399	intencion	c
399	localizacion_problema	b
399	involucrados	f e c
399	formalidad	a
399	nivel_educacion	b
399	tono	b
399	emociones	h
399	tipo_entidad	b
399	origen_entidad	a
399	proposito	d
399	informacion_presentada	a
399	vision	d
399	consecuencias	d
399	que_muestra	c
399	intencion	a
399	localizacion_problema	a
399	involucrados	f e d
399	formalidad	a
399	nivel_educacion	b
399	tono	a
399	emociones	h
407	tipo_entidad	h
407	origen_entidad	b
407	proposito	b
407	informacion_presentada	a
407	vision	d
407	consecuencias	a c b
407	que_muestra	c
407	intencion	a
407	localizacion_problema	c
407	involucrados	c
407	formalidad	a
407	nivel_educacion	a
407	tono	a
407	emociones	f g e a b c d h
407	tipo_entidad	h
407	origen_entidad	b
407	proposito	d
407	informacion_presentada	a
407	vision	d
407	consecuencias	a c
407	que_muestra	c
407	intencion	a
407	localizacion_problema	a
407	involucrados	a
407	formalidad	a
407	nivel_educacion	b
407	tono	a
407	emociones	a
407	tipo_entidad	h
407	origen_entidad	b
407	proposito	d
407	informacion_presentada	a
407	vision	a
407	consecuencias	a
407	que_muestra	d
407	intencion	a
407	localizacion_problema	c
407	involucrados	c
407	formalidad	a
407	nivel_educacion	b
407	tono	b
407	emociones	g
257	tipo_entidad	b
257	origen_entidad	a
257	proposito	d
257	informacion_presentada	a
257	vision	d
257	consecuencias	a
257	que_muestra	d
257	intencion	a
257	localizacion_problema	c
257	involucrados	a e
257	formalidad	a
257	nivel_educacion	b
257	tono	b
257	emociones	d
257	tipo_entidad	b
257	origen_entidad	a
257	proposito	h d
257	informacion_presentada	a
257	vision	d
257	consecuencias	a
257	que_muestra	d
257	intencion	a
257	localizacion_problema	b
257	involucrados	b
257	formalidad	a
257	nivel_educacion	b
257	tono	a
257	emociones	h
257	tipo_entidad	b
257	origen_entidad	b
257	proposito	d
257	informacion_presentada	a
257	vision	d
257	consecuencias	a
257	que_muestra	c
257	intencion	a
257	localizacion_problema	b
257	involucrados	b
257	formalidad	a
257	nivel_educacion	b
257	tono	b
257	emociones	h
573	tipo_entidad	d
573	origen_entidad	b
573	proposito	d
573	informacion_presentada	a
573	vision	d
573	consecuencias	c
573	que_muestra	d
573	intencion	a
573	localizacion_problema	c
573	involucrados	c
573	formalidad	a
573	nivel_educacion	b
573	tono	b
573	emociones	h
573	tipo_entidad	d
573	origen_entidad	b
573	proposito	e
573	informacion_presentada	a
573	vision	d
573	consecuencias	a
573	que_muestra	d
573	intencion	f
573	localizacion_problema	b
573	involucrados	c
573	formalidad	a
573	nivel_educacion	c
573	tono	b
573	emociones	h
573	tipo_entidad	d
573	origen_entidad	b
573	proposito	e
573	informacion_presentada	a
573	vision	d
573	consecuencias	c
573	que_muestra	d
573	intencion	b
573	localizacion_problema	c
573	involucrados	c
573	formalidad	a
573	nivel_educacion	c
573	tono	a
573	emociones	e
565	tipo_entidad	h
565	origen_entidad	b
565	proposito	d
565	informacion_presentada	a
565	vision	d
565	consecuencias	c
565	que_muestra	d
565	intencion	a
565	localizacion_problema	b
565	involucrados	c
565	formalidad	a
565	nivel_educacion	b
565	tono	b
565	emociones	h
565	tipo_entidad	h
565	origen_entidad	b
565	proposito	c
565	informacion_presentada	a
565	vision	d
565	consecuencias	c
565	que_muestra	d
565	intencion	a
565	localizacion_problema	b
565	involucrados	d
565	formalidad	a
565	nivel_educacion	b
565	tono	b
565	emociones	h
565	tipo_entidad	h
565	origen_entidad	b
565	proposito	d
565	informacion_presentada	a
565	vision	d
565	consecuencias	c
565	que_muestra	b
565	intencion	a
565	localizacion_problema	b
565	involucrados	c
565	formalidad	a
565	nivel_educacion	b
565	tono	b
565	emociones	g
308	tipo_entidad	h
308	origen_entidad	b
308	proposito	d
308	informacion_presentada	a
308	vision	d
308	consecuencias	c
308	que_muestra	b
308	intencion	a
308	localizacion_problema	b
308	involucrados	b
308	formalidad	a
308	nivel_educacion	b
308	tono	b
308	emociones	d
308	tipo_entidad	h
308	origen_entidad	b
308	proposito	d
308	informacion_presentada	a
308	vision	d
308	consecuencias	c
308	que_muestra	c
308	intencion	b
308	localizacion_problema	b
308	involucrados	c
308	formalidad	a
308	nivel_educacion	b
308	tono	b
308	emociones	a
308	tipo_entidad	h
308	origen_entidad	b
308	proposito	d
308	informacion_presentada	a
308	vision	d
308	consecuencias	c
308	que_muestra	c
308	intencion	a
308	localizacion_problema	b
308	involucrados	d
308	formalidad	a
308	nivel_educacion	b
308	tono	b
308	emociones	h
31	tipo_entidad	h
31	origen_entidad	b
31	proposito	d
31	informacion_presentada	a
31	vision	d
31	consecuencias	c
31	que_muestra	d
31	intencion	b
31	localizacion_problema	c
31	involucrados	c
31	formalidad	a
31	nivel_educacion	b
31	tono	b
31	emociones	h
31	tipo_entidad	h
31	origen_entidad	b
31	proposito	d
31	informacion_presentada	a
31	vision	d
31	consecuencias	c
31	que_muestra	c
31	intencion	a
31	localizacion_problema	c
31	involucrados	c
31	formalidad	a
31	nivel_educacion	b
31	tono	b
31	emociones	g
31	tipo_entidad	h
31	origen_entidad	b
31	proposito	d
31	informacion_presentada	a
31	vision	d
31	consecuencias	c
31	que_muestra	d
31	intencion	a
31	localizacion_problema	c
31	involucrados	c
31	formalidad	a
31	nivel_educacion	b
31	tono	b
31	emociones	g
584	tipo_entidad	h
584	origen_entidad	b
584	proposito	d
584	informacion_presentada	a
584	vision	d
584	consecuencias	a
584	que_muestra	a
584	intencion	c
584	localizacion_problema	b
584	involucrados	b e c
584	formalidad	a
584	nivel_educacion	b
584	tono	a
584	emociones	h
584	tipo_entidad	h
584	origen_entidad	b
584	proposito	d
584	informacion_presentada	a
584	vision	d
584	consecuencias	a
584	que_muestra	c
584	intencion	c
584	localizacion_problema	b
584	involucrados	f e c
584	formalidad	a
584	nivel_educacion	b
584	tono	a
584	emociones	g
584	tipo_entidad	h
584	origen_entidad	b
584	proposito	d
584	informacion_presentada	a
584	vision	d
584	consecuencias	a
584	que_muestra	c
584	intencion	c
584	localizacion_problema	b
584	involucrados	f e c
584	formalidad	a
584	nivel_educacion	b
584	tono	b
584	emociones	h
588	tipo_entidad	h
588	origen_entidad	b
588	proposito	c
588	informacion_presentada	a
588	vision	d
588	consecuencias	d
588	que_muestra	d
588	intencion	a
588	localizacion_problema	c
588	involucrados	c
588	formalidad	a
588	nivel_educacion	b
588	tono	b
588	emociones	h
588	tipo_entidad	h
588	origen_entidad	b
588	proposito	c
588	informacion_presentada	a
588	vision	d
588	consecuencias	b
588	que_muestra	c
588	intencion	c
588	localizacion_problema	c
588	involucrados	c
588	formalidad	a
588	nivel_educacion	b
588	tono	b
588	emociones	h
588	tipo_entidad	h
588	origen_entidad	b
588	proposito	c
588	informacion_presentada	a
588	vision	d
588	consecuencias	a
588	que_muestra	d
588	intencion	b
588	localizacion_problema	b
588	involucrados	c
588	formalidad	a
588	nivel_educacion	b
588	tono	a
588	emociones	a e d
35	tipo_entidad	d
35	origen_entidad	b
35	proposito	b
35	informacion_presentada	a
35	vision	d
35	consecuencias	a
35	que_muestra	c
35	intencion	b
35	localizacion_problema	b
35	involucrados	f e d
35	formalidad	a
35	nivel_educacion	b
35	tono	b
35	emociones	g
35	tipo_entidad	d
35	origen_entidad	b
35	proposito	b
35	informacion_presentada	a
35	vision	d
35	consecuencias	a
35	que_muestra	c
35	intencion	f
35	localizacion_problema	b
35	involucrados	a f d
35	formalidad	a
35	nivel_educacion	b
35	tono	b
35	emociones	g
35	tipo_entidad	d
35	origen_entidad	b
35	proposito	d
35	informacion_presentada	a
35	vision	d
35	consecuencias	a
35	que_muestra	d
35	intencion	a
35	localizacion_problema	c
35	involucrados	d
35	formalidad	a
35	nivel_educacion	b
35	tono	b
35	emociones	h
290	tipo_entidad	h
290	origen_entidad	b
290	proposito	d
290	vision	d
290	consecuencias	c
290	que_muestra	d
290	intencion	b
290	localizacion_problema	b
290	involucrados	c
290	formalidad	a
290	nivel_educacion	b
290	tono	b
290	emociones	g
290	tipo_entidad	h
290	origen_entidad	b
290	proposito	d
290	informacion_presentada	a
290	vision	d
290	consecuencias	c
290	que_muestra	c
290	intencion	a
290	localizacion_problema	c
290	involucrados	c
290	formalidad	a
290	nivel_educacion	b
290	tono	b
290	emociones	h
290	tipo_entidad	h
290	origen_entidad	b
290	proposito	d
290	informacion_presentada	a
290	vision	d
290	consecuencias	c
290	que_muestra	d
290	intencion	a
290	localizacion_problema	c
290	involucrados	e
290	formalidad	a
290	nivel_educacion	b
290	tono	b
290	emociones	c
306	tipo_entidad	b
306	origen_entidad	b
306	proposito	d
306	informacion_presentada	a
306	vision	d
306	consecuencias	c
306	que_muestra	d
306	intencion	e
306	localizacion_problema	b
306	involucrados	a f
306	formalidad	a
306	nivel_educacion	b
306	tono	a
306	emociones	h
306	tipo_entidad	a
306	origen_entidad	b
306	proposito	d
306	informacion_presentada	a
306	vision	d
306	consecuencias	c
306	que_muestra	c
306	intencion	a
306	localizacion_problema	b
306	involucrados	f e c
306	formalidad	a
306	nivel_educacion	b
306	tono	b
306	emociones	h
306	tipo_entidad	h
306	origen_entidad	b
306	proposito	d
306	informacion_presentada	a
306	vision	d
306	consecuencias	c
306	que_muestra	d
306	intencion	a
306	localizacion_problema	b
306	involucrados	c
306	formalidad	a
306	nivel_educacion	b
306	tono	a
306	emociones	h
149	tipo_entidad	h
149	origen_entidad	b
149	proposito	b
149	informacion_presentada	a
149	vision	d
149	consecuencias	b
149	que_muestra	c
149	intencion	b
149	localizacion_problema	c
149	involucrados	f g
149	formalidad	a
149	nivel_educacion	b
149	tono	b
149	emociones	d
149	tipo_entidad	h
149	origen_entidad	b
149	proposito	g e d
149	informacion_presentada	a
149	vision	a
149	consecuencias	b
149	que_muestra	c
149	intencion	a
149	localizacion_problema	b
149	involucrados	e
149	formalidad	a
149	nivel_educacion	b
149	tono	b
149	emociones	d
149	tipo_entidad	h
149	origen_entidad	b
149	proposito	b
149	informacion_presentada	a
149	vision	d
149	consecuencias	b
149	que_muestra	c
149	intencion	a
149	localizacion_problema	c
149	involucrados	e
149	formalidad	a
149	nivel_educacion	b
149	tono	b
149	emociones	h
517	tipo_entidad	b
517	origen_entidad	a
517	proposito	d
517	informacion_presentada	a
517	vision	d
517	consecuencias	a
517	que_muestra	d
517	intencion	c
517	localizacion_problema	c
517	involucrados	d
517	formalidad	a
517	nivel_educacion	b
517	tono	a
517	emociones	c
517	tipo_entidad	b
517	origen_entidad	a
517	proposito	d
517	informacion_presentada	a
517	vision	d
517	consecuencias	a
517	que_muestra	d
517	intencion	c
517	localizacion_problema	b
517	involucrados	b f
517	formalidad	a
517	nivel_educacion	b
517	tono	a
517	emociones	h
517	tipo_entidad	b
517	origen_entidad	a
517	proposito	d
517	informacion_presentada	a
517	vision	d
517	consecuencias	a
517	que_muestra	d
517	intencion	c
517	localizacion_problema	c
517	involucrados	b f
517	formalidad	a
517	nivel_educacion	b
517	tono	b
517	emociones	h
455	tipo_entidad	b
455	origen_entidad	a
455	proposito	g e d
455	informacion_presentada	a
455	vision	d
455	consecuencias	d
455	que_muestra	c
455	intencion	c
455	localizacion_problema	b
455	involucrados	e
455	formalidad	a
455	nivel_educacion	b
455	tono	a
455	emociones	e
455	tipo_entidad	b
455	origen_entidad	a
455	proposito	g e d
455	informacion_presentada	a
455	vision	d
455	consecuencias	c
455	que_muestra	c
455	intencion	a
455	localizacion_problema	b
455	involucrados	f g e d
455	formalidad	a
455	nivel_educacion	a
455	tono	a
455	emociones	a
455	tipo_entidad	b
455	origen_entidad	a
455	proposito	b g h d
455	informacion_presentada	a
455	vision	d
455	consecuencias	c
455	que_muestra	c
455	intencion	a e b
455	localizacion_problema	b
455	involucrados	a f g b
455	formalidad	a
455	nivel_educacion	b
455	tono	a
455	emociones	g
576	tipo_entidad	b
576	origen_entidad	a
576	proposito	d
576	informacion_presentada	a
576	vision	d
576	consecuencias	d
576	que_muestra	d
576	intencion	b
576	localizacion_problema	c
576	involucrados	f c
576	formalidad	a
576	nivel_educacion	b
576	tono	b
576	emociones	h
576	tipo_entidad	b
576	origen_entidad	a
576	proposito	h d
576	informacion_presentada	a
576	vision	d
576	consecuencias	a
576	que_muestra	d
576	intencion	b
576	localizacion_problema	c
576	involucrados	c
576	formalidad	a
576	nivel_educacion	b
576	tono	b
576	emociones	h
576	tipo_entidad	b
576	origen_entidad	b
576	proposito	d
576	informacion_presentada	a
576	vision	d
576	consecuencias	d
576	que_muestra	d
576	intencion	a
576	localizacion_problema	c
576	involucrados	f g e d
576	formalidad	a
576	nivel_educacion	b
576	tono	a
576	emociones	h
563	tipo_entidad	h
563	origen_entidad	b
563	proposito	d
563	informacion_presentada	a
563	vision	d
563	consecuencias	d
563	que_muestra	d
563	intencion	f
563	localizacion_problema	c
563	involucrados	c
563	formalidad	a
563	nivel_educacion	b
563	tono	b
563	emociones	h
563	tipo_entidad	h
563	origen_entidad	b
563	proposito	d
563	informacion_presentada	a
563	vision	d
563	consecuencias	d
563	que_muestra	d
563	intencion	f
563	localizacion_problema	c
563	involucrados	c
563	formalidad	a
563	nivel_educacion	b
563	tono	b
563	emociones	h
563	tipo_entidad	h
563	origen_entidad	b
563	proposito	d
563	informacion_presentada	a
563	vision	d
563	consecuencias	d
563	que_muestra	d
563	intencion	f
563	localizacion_problema	c
563	involucrados	c
563	formalidad	a
563	nivel_educacion	b
563	tono	a
563	emociones	h
378	tipo_entidad	b
378	origen_entidad	a
378	proposito	d
378	informacion_presentada	a
378	vision	d
378	consecuencias	c
378	que_muestra	a
378	intencion	a
378	localizacion_problema	b
378	involucrados	a f b
378	formalidad	a
378	nivel_educacion	b
378	tono	a
378	emociones	h
378	tipo_entidad	b
378	origen_entidad	a
378	proposito	b
378	informacion_presentada	a
378	vision	d
378	consecuencias	c
378	que_muestra	c
378	intencion	c
378	localizacion_problema	c
378	involucrados	b
378	formalidad	a
378	nivel_educacion	b
378	tono	a
378	emociones	h
378	tipo_entidad	b
378	origen_entidad	a
378	proposito	d
378	informacion_presentada	a
378	vision	a
378	consecuencias	a
378	que_muestra	a
378	intencion	c
378	localizacion_problema	c
378	involucrados	e
378	formalidad	a
378	nivel_educacion	b
378	tono	b
378	emociones	a
520	tipo_entidad	h
520	origen_entidad	a
520	proposito	d
520	informacion_presentada	a
520	vision	d
520	consecuencias	c
520	que_muestra	c
520	intencion	b
520	localizacion_problema	c
520	formalidad	a
520	nivel_educacion	b
520	tono	b
520	tipo_entidad	h
520	origen_entidad	b
520	proposito	d
520	informacion_presentada	a
520	vision	d
520	consecuencias	c
520	que_muestra	c
520	intencion	a
520	localizacion_problema	c
520	involucrados	f
520	formalidad	a
520	nivel_educacion	b
520	tono	b
520	emociones	f
520	tipo_entidad	h
520	origen_entidad	b
520	proposito	d
520	informacion_presentada	a
520	vision	d
520	consecuencias	c
520	que_muestra	c
520	intencion	b
520	localizacion_problema	b
520	involucrados	c
520	formalidad	a
520	nivel_educacion	b
520	tono	b
520	emociones	e
90	tipo_entidad	a
90	origen_entidad	b
90	proposito	d
90	informacion_presentada	a
90	vision	d
90	consecuencias	c
90	que_muestra	d
90	intencion	c
90	localizacion_problema	b
90	involucrados	c
90	formalidad	a
90	nivel_educacion	b
90	tono	b
90	emociones	g
90	tipo_entidad	a
90	origen_entidad	b
90	proposito	d
90	informacion_presentada	a
90	vision	d
90	consecuencias	c
90	que_muestra	d
90	intencion	a
90	localizacion_problema	b
90	involucrados	c
90	formalidad	a
90	nivel_educacion	b
90	tono	b
90	emociones	h
90	tipo_entidad	a
90	origen_entidad	b
90	proposito	d
90	informacion_presentada	a
90	vision	d
90	consecuencias	c
90	que_muestra	d
90	intencion	b
90	localizacion_problema	b
90	involucrados	c
90	formalidad	a
90	nivel_educacion	b
90	tono	b
90	emociones	h
41	tipo_entidad	h
41	origen_entidad	b
41	proposito	d
41	informacion_presentada	a
41	vision	d
41	consecuencias	c
41	que_muestra	c
41	intencion	a
41	formalidad	a
41	nivel_educacion	b
41	tono	b
41	emociones	g
41	tipo_entidad	h
41	origen_entidad	a
41	proposito	d
41	informacion_presentada	a
41	vision	d
41	consecuencias	c
41	que_muestra	d
41	intencion	a
41	localizacion_problema	b
41	involucrados	f
41	formalidad	a
41	nivel_educacion	b
41	tono	b
41	tipo_entidad	h
41	origen_entidad	a
41	proposito	d
41	informacion_presentada	a
41	vision	d
41	consecuencias	c
41	que_muestra	d
41	intencion	a
41	localizacion_problema	b
41	formalidad	a
41	nivel_educacion	b
41	tono	b
41	emociones	g
73	tipo_entidad	h
73	origen_entidad	a
73	proposito	d
73	informacion_presentada	a
73	vision	d
73	consecuencias	c
73	que_muestra	c
73	intencion	b
73	localizacion_problema	b
73	involucrados	b
73	formalidad	a
73	nivel_educacion	b
73	tono	a
73	emociones	h
73	tipo_entidad	h
73	origen_entidad	b
73	proposito	d
73	informacion_presentada	a
73	vision	d
73	consecuencias	c
73	que_muestra	c
73	intencion	b
73	localizacion_problema	b
73	involucrados	g
73	formalidad	a
73	nivel_educacion	b
73	tono	b
73	emociones	h
73	tipo_entidad	h
73	origen_entidad	b
73	proposito	d
73	informacion_presentada	a
73	vision	a c b d
73	consecuencias	c
73	que_muestra	d
73	intencion	b
73	localizacion_problema	b
73	involucrados	c
73	formalidad	a
73	nivel_educacion	b
73	tono	b
73	emociones	h
18	tipo_entidad	h
18	origen_entidad	b
18	proposito	d
18	informacion_presentada	a
18	vision	d
18	consecuencias	c
18	que_muestra	d
18	intencion	c
18	localizacion_problema	b
18	involucrados	a e b h
18	formalidad	a
18	nivel_educacion	b
18	tono	b
18	emociones	h
18	tipo_entidad	c
18	origen_entidad	b
18	proposito	d
18	informacion_presentada	a
18	vision	d
18	consecuencias	a
18	que_muestra	d
18	intencion	a
18	localizacion_problema	b
18	involucrados	b
18	formalidad	a
18	nivel_educacion	b
18	tono	b
18	emociones	h
18	tipo_entidad	c
18	origen_entidad	b
18	proposito	d
18	informacion_presentada	a
18	vision	d
18	consecuencias	c
18	que_muestra	d
18	intencion	a
18	localizacion_problema	b
18	involucrados	c
18	formalidad	a
18	nivel_educacion	b
18	tono	a
18	emociones	h
292	tipo_entidad	h
292	origen_entidad	b
292	proposito	d
292	informacion_presentada	a
292	vision	b a d
292	consecuencias	c
292	que_muestra	d
292	intencion	a
292	localizacion_problema	b
292	formalidad	a
292	nivel_educacion	b
292	tono	b
292	emociones	h
292	tipo_entidad	h
292	origen_entidad	a
292	proposito	d
292	informacion_presentada	a
292	vision	d
292	consecuencias	c
292	que_muestra	c
292	intencion	a
292	localizacion_problema	b
292	formalidad	a
292	nivel_educacion	b
292	tono	b
292	emociones	h
292	tipo_entidad	h
292	origen_entidad	b
292	proposito	d
292	informacion_presentada	a
292	vision	b a d
292	consecuencias	c
292	que_muestra	c
292	intencion	a
292	localizacion_problema	b
292	formalidad	a
292	nivel_educacion	b
292	tono	b
292	emociones	h
61	tipo_entidad	h
61	origen_entidad	b
61	proposito	d
61	informacion_presentada	a
61	vision	d
61	consecuencias	a
61	que_muestra	c
61	intencion	b
61	localizacion_problema	b
61	involucrados	b c f
61	formalidad	a
61	nivel_educacion	b
61	tono	b
61	emociones	a c b d
61	tipo_entidad	h
61	origen_entidad	b
61	proposito	b
61	informacion_presentada	a
61	consecuencias	c
61	que_muestra	b
61	intencion	a
61	localizacion_problema	c
61	involucrados	f h c d
61	formalidad	a
61	nivel_educacion	b
61	tono	b
61	tipo_entidad	h
61	origen_entidad	b
61	proposito	b
61	informacion_presentada	a
61	vision	d
61	consecuencias	a
61	intencion	b
61	localizacion_problema	b
61	involucrados	f e c d
61	formalidad	a
61	nivel_educacion	b
61	tono	b
61	emociones	h
341	tipo_entidad	h
341	origen_entidad	a
341	proposito	d
341	informacion_presentada	a
341	vision	d
341	consecuencias	b
341	que_muestra	c
341	intencion	a
341	localizacion_problema	c
341	involucrados	f g e c d
341	formalidad	a
341	nivel_educacion	b
341	tono	b
341	emociones	g
341	tipo_entidad	h
341	origen_entidad	b
341	proposito	d
341	informacion_presentada	a
341	vision	d
341	consecuencias	a
341	que_muestra	c
341	intencion	c
341	localizacion_problema	c
341	involucrados	f e
341	formalidad	a
341	nivel_educacion	b
341	tono	b
341	emociones	h
341	tipo_entidad	h
341	origen_entidad	a
341	proposito	d
341	informacion_presentada	a
341	vision	d
341	consecuencias	b
341	que_muestra	c
341	intencion	a
341	localizacion_problema	c
341	involucrados	f g e d
341	formalidad	a
341	nivel_educacion	b
341	tono	a
341	emociones	f
358	tipo_entidad	h
358	origen_entidad	b
358	proposito	d
358	informacion_presentada	a
358	vision	d
358	consecuencias	c
358	que_muestra	c
358	intencion	a
358	localizacion_problema	b
358	involucrados	c
358	formalidad	a
358	nivel_educacion	b
358	tono	b
358	emociones	e
358	tipo_entidad	h
358	origen_entidad	b
358	proposito	d
358	informacion_presentada	a
358	vision	d
358	consecuencias	a
358	que_muestra	c
358	intencion	a
358	localizacion_problema	b
358	involucrados	c
358	formalidad	a
358	nivel_educacion	b
358	tono	b
358	emociones	h
358	tipo_entidad	h
358	origen_entidad	b
358	proposito	d
358	informacion_presentada	a
358	vision	d
358	consecuencias	c
358	que_muestra	c
358	intencion	a
358	localizacion_problema	c
358	involucrados	c
358	formalidad	a
358	nivel_educacion	b
358	tono	b
358	emociones	h
6	tipo_entidad	b
6	origen_entidad	a
6	proposito	h
6	informacion_presentada	a
6	vision	d
6	consecuencias	a
6	que_muestra	c
6	intencion	e
6	localizacion_problema	c
6	involucrados	c
6	formalidad	a
6	nivel_educacion	b
6	tono	b
6	emociones	h
6	tipo_entidad	h
6	origen_entidad	a
6	proposito	d
6	informacion_presentada	a
6	vision	d
6	consecuencias	d
6	que_muestra	c
6	intencion	c
6	localizacion_problema	c
6	involucrados	f e c d
6	formalidad	a
6	nivel_educacion	b
6	tono	b
6	emociones	g
6	tipo_entidad	b
6	origen_entidad	a
6	proposito	h
6	informacion_presentada	a
6	vision	d
6	consecuencias	a
6	que_muestra	b
6	intencion	a
6	localizacion_problema	b
6	involucrados	f e
6	formalidad	a
6	nivel_educacion	b
6	tono	a
6	emociones	d
224	tipo_entidad	h
224	origen_entidad	b
224	proposito	d
224	informacion_presentada	a
224	vision	d
224	consecuencias	c
224	que_muestra	d
224	intencion	a
224	localizacion_problema	b
224	involucrados	f g e a b
224	formalidad	a
224	nivel_educacion	b
224	tono	b
224	emociones	b
224	tipo_entidad	h
224	origen_entidad	b
224	proposito	d
224	informacion_presentada	a
224	vision	d
224	consecuencias	c
224	que_muestra	c
224	intencion	e
224	localizacion_problema	b
224	involucrados	f
224	formalidad	a
224	nivel_educacion	b
224	tono	a
224	emociones	e
224	tipo_entidad	h
224	origen_entidad	b
224	proposito	d
224	informacion_presentada	a
224	vision	d
224	consecuencias	c
224	que_muestra	c
224	intencion	a
224	localizacion_problema	b
224	involucrados	b
224	formalidad	a
224	nivel_educacion	b
224	tono	b
224	emociones	e
519	tipo_entidad	b
519	origen_entidad	a
519	proposito	d
519	informacion_presentada	a
519	vision	d
519	consecuencias	a
519	que_muestra	d
519	intencion	a
519	localizacion_problema	b
519	involucrados	e c
519	formalidad	a
519	nivel_educacion	b
519	tono	b
519	emociones	h
519	tipo_entidad	b
519	origen_entidad	a
519	proposito	d
519	informacion_presentada	a
519	vision	d
519	consecuencias	c
519	que_muestra	b
519	intencion	a
519	localizacion_problema	b
519	involucrados	a f b
519	formalidad	a
519	nivel_educacion	b
519	tono	b
519	emociones	h
519	tipo_entidad	b
519	origen_entidad	a
519	proposito	d
519	informacion_presentada	a
519	vision	d
519	consecuencias	c
519	que_muestra	c
519	intencion	a
519	localizacion_problema	b
519	involucrados	a f b d
519	formalidad	a
519	nivel_educacion	b
519	tono	a
519	emociones	h
98	tipo_entidad	h
98	origen_entidad	b
98	proposito	d
98	informacion_presentada	a
98	vision	d
98	consecuencias	c
98	que_muestra	d
98	intencion	a
98	localizacion_problema	b
98	involucrados	c
98	formalidad	a
98	nivel_educacion	b
98	tono	b
98	emociones	h
98	tipo_entidad	h
98	origen_entidad	b
98	proposito	d
98	informacion_presentada	a
98	vision	d
98	consecuencias	c
98	que_muestra	d
98	intencion	a
98	localizacion_problema	b
98	involucrados	c
98	formalidad	a
98	nivel_educacion	b
98	tono	b
98	emociones	c
98	tipo_entidad	h
98	origen_entidad	b
98	proposito	d
98	informacion_presentada	a
98	vision	d
98	consecuencias	c
98	que_muestra	c
98	intencion	b
98	localizacion_problema	b
98	involucrados	c
98	formalidad	a
98	nivel_educacion	b
98	tono	b
98	emociones	h
323	tipo_entidad	b
323	origen_entidad	a
323	proposito	d
323	informacion_presentada	a
323	vision	d
323	consecuencias	a
323	que_muestra	c
323	intencion	c
323	localizacion_problema	b
323	involucrados	f
323	formalidad	a
323	nivel_educacion	b
323	tono	b
323	emociones	h
323	tipo_entidad	b
323	origen_entidad	a
323	proposito	d
323	informacion_presentada	a
323	vision	d
323	consecuencias	a
323	que_muestra	c
323	intencion	a
323	localizacion_problema	b
323	involucrados	f
323	formalidad	a
323	nivel_educacion	b
323	tono	b
323	emociones	a
323	tipo_entidad	b
323	origen_entidad	a
323	proposito	h
323	informacion_presentada	a
323	vision	d
323	consecuencias	a
323	que_muestra	b
323	intencion	a
323	localizacion_problema	b
323	involucrados	b g e f
323	formalidad	a
323	nivel_educacion	b
323	tono	b
323	emociones	c
464	tipo_entidad	h
464	origen_entidad	b
464	proposito	d
464	informacion_presentada	a
464	vision	d
464	consecuencias	c
464	que_muestra	c
464	intencion	a
464	localizacion_problema	b
464	involucrados	c
464	formalidad	a
464	nivel_educacion	b
464	tono	b
464	emociones	h
464	tipo_entidad	h
464	origen_entidad	b
464	proposito	e a b c d
464	informacion_presentada	a
464	vision	d
464	consecuencias	c
464	que_muestra	d
464	intencion	a
464	localizacion_problema	b
464	involucrados	c
464	formalidad	a
464	nivel_educacion	b
464	tono	b
464	emociones	h
464	tipo_entidad	h
464	origen_entidad	b
464	proposito	d
464	informacion_presentada	a
464	vision	d
464	consecuencias	c
464	que_muestra	d
464	intencion	a
464	localizacion_problema	b
464	involucrados	c
464	formalidad	a
464	nivel_educacion	b
464	tono	b
464	emociones	h
477	tipo_entidad	b
477	origen_entidad	a
477	proposito	d
477	informacion_presentada	a
477	vision	d
477	consecuencias	c
477	que_muestra	c
477	intencion	b
477	localizacion_problema	c
477	involucrados	a
477	formalidad	a
477	nivel_educacion	b
477	tono	a
477	emociones	h
477	tipo_entidad	b
477	origen_entidad	b
477	proposito	c d
477	informacion_presentada	a
477	vision	d
477	consecuencias	c
477	que_muestra	d
477	intencion	a
477	localizacion_problema	b
477	involucrados	e
477	formalidad	a
477	nivel_educacion	b
477	tono	a
477	emociones	h
477	tipo_entidad	b
477	origen_entidad	a
477	proposito	d
477	informacion_presentada	a
477	vision	d
477	consecuencias	a
477	que_muestra	c
477	intencion	a
477	localizacion_problema	b
477	involucrados	a e
477	formalidad	a
477	nivel_educacion	b
477	tono	a
477	emociones	h
553	tipo_entidad	h
553	origen_entidad	b
553	proposito	d
553	informacion_presentada	a
553	vision	d
553	consecuencias	c
553	que_muestra	d
553	intencion	a
553	localizacion_problema	b
553	involucrados	c
553	formalidad	a
553	nivel_educacion	b
553	tono	b
553	emociones	h
553	tipo_entidad	h
553	origen_entidad	b
553	proposito	b
553	informacion_presentada	a
553	vision	d
553	consecuencias	d
553	que_muestra	c
553	intencion	a
553	localizacion_problema	c
553	involucrados	f e d
553	formalidad	a
553	nivel_educacion	b
553	tono	b
553	emociones	g
553	tipo_entidad	h
553	origen_entidad	b
553	proposito	b
553	informacion_presentada	a
553	vision	d
553	consecuencias	d
553	que_muestra	b
553	intencion	a
553	localizacion_problema	b
553	involucrados	b
553	formalidad	a
553	nivel_educacion	b
553	tono	b
553	emociones	f
486	tipo_entidad	d
486	origen_entidad	a
486	proposito	e d
486	informacion_presentada	a
486	vision	d
486	consecuencias	a
486	que_muestra	b
486	intencion	a
486	localizacion_problema	b
486	involucrados	b c
486	formalidad	a
486	nivel_educacion	b
486	tono	a
486	emociones	c
486	tipo_entidad	d
486	origen_entidad	a
486	proposito	b
486	informacion_presentada	a
486	vision	d
486	consecuencias	a
486	que_muestra	b
486	intencion	c
486	localizacion_problema	b
486	involucrados	f e c
486	formalidad	a
486	nivel_educacion	b
486	tono	a
486	emociones	d
486	tipo_entidad	d
486	origen_entidad	a
486	proposito	d
486	informacion_presentada	a
486	vision	d
486	consecuencias	a
486	que_muestra	d
486	intencion	a
486	localizacion_problema	b
486	involucrados	b
486	formalidad	a
486	nivel_educacion	b
486	tono	b
486	emociones	h
36	tipo_entidad	h
36	origen_entidad	b
36	proposito	d
36	informacion_presentada	a
36	vision	d
36	consecuencias	c
36	que_muestra	d
36	intencion	b
36	localizacion_problema	c
36	involucrados	c
36	formalidad	a
36	nivel_educacion	b
36	tono	b
36	emociones	h
36	tipo_entidad	h
36	origen_entidad	b
36	proposito	a e b
36	informacion_presentada	a
36	vision	d
36	consecuencias	d
36	que_muestra	d
36	intencion	a
36	localizacion_problema	c
36	involucrados	c
36	formalidad	a
36	nivel_educacion	b
36	tono	b
36	emociones	h
36	tipo_entidad	h
36	origen_entidad	b
36	proposito	a g b d
36	informacion_presentada	a
36	vision	d
36	consecuencias	a
36	que_muestra	d
36	intencion	a
36	localizacion_problema	c
36	involucrados	c
36	formalidad	a
36	nivel_educacion	b
36	tono	b
36	emociones	g
81	tipo_entidad	h
81	origen_entidad	b
81	proposito	d
81	informacion_presentada	a
81	vision	d
81	consecuencias	d
81	que_muestra	d
81	intencion	b
81	localizacion_problema	c
81	involucrados	f e c
81	formalidad	a
81	nivel_educacion	b
81	tono	b
81	emociones	h
81	tipo_entidad	h
81	origen_entidad	b
81	proposito	d
81	informacion_presentada	a
81	vision	d
81	consecuencias	d
81	que_muestra	c
81	intencion	a
81	localizacion_problema	c
81	involucrados	c
81	formalidad	a
81	nivel_educacion	b
81	tono	a
81	emociones	h
81	tipo_entidad	h
81	origen_entidad	b
81	proposito	d
81	informacion_presentada	a
81	vision	d
81	consecuencias	c
81	que_muestra	d
81	intencion	a
81	localizacion_problema	c
81	involucrados	c
81	formalidad	a
81	nivel_educacion	b
81	tono	b
81	emociones	h
147	tipo_entidad	h
147	origen_entidad	b
147	proposito	d
147	informacion_presentada	a
147	vision	d
147	consecuencias	d
147	que_muestra	d
147	intencion	a
147	localizacion_problema	c
147	involucrados	c
147	formalidad	a
147	nivel_educacion	b
147	tono	a
147	emociones	e
147	tipo_entidad	h
147	origen_entidad	b
147	proposito	d
147	informacion_presentada	a
147	vision	d
147	consecuencias	b
147	que_muestra	c
147	intencion	b
147	localizacion_problema	b
147	involucrados	c
147	formalidad	a
147	nivel_educacion	b
147	tono	b
147	emociones	h
147	tipo_entidad	h
147	origen_entidad	b
147	proposito	d
147	informacion_presentada	a
147	vision	d
147	consecuencias	a
147	que_muestra	c
147	intencion	c
147	localizacion_problema	b
147	involucrados	d
147	formalidad	a
147	nivel_educacion	b
147	tono	a
147	emociones	h
540	tipo_entidad	b
540	origen_entidad	a
540	proposito	d
540	informacion_presentada	a
540	vision	d
540	consecuencias	a
540	que_muestra	b
540	intencion	a
540	localizacion_problema	b
540	involucrados	f e d
540	formalidad	a
540	nivel_educacion	b
540	tono	b
540	emociones	c
540	tipo_entidad	b
540	origen_entidad	a
540	proposito	d
540	informacion_presentada	a
540	vision	d
540	consecuencias	a
540	que_muestra	c
540	intencion	a
540	localizacion_problema	b
540	involucrados	f c d
540	formalidad	a
540	nivel_educacion	b
540	tono	b
540	emociones	g
540	tipo_entidad	b
540	origen_entidad	a
540	proposito	d
540	informacion_presentada	a
540	vision	d
540	consecuencias	a
540	que_muestra	d
540	intencion	b
540	localizacion_problema	b
540	involucrados	a e f
540	formalidad	a
540	nivel_educacion	b
540	tono	a
540	emociones	h
0	tipo_entidad	h
0	origen_entidad	b
0	proposito	d
0	informacion_presentada	a
0	vision	d
0	consecuencias	d
0	que_muestra	d
0	intencion	b
0	localizacion_problema	c
0	involucrados	c
0	formalidad	a
0	nivel_educacion	b
0	tono	b
0	emociones	h
0	tipo_entidad	h
0	origen_entidad	b
0	proposito	c
0	informacion_presentada	a
0	vision	d
0	consecuencias	d
0	que_muestra	d
0	intencion	a
0	localizacion_problema	c
0	involucrados	c
0	formalidad	a
0	nivel_educacion	b
0	tono	a
0	emociones	h
0	tipo_entidad	h
0	origen_entidad	b
0	proposito	b
0	informacion_presentada	a
0	vision	d
0	consecuencias	d
0	que_muestra	d
0	intencion	c
0	localizacion_problema	c
0	involucrados	b
0	formalidad	a
0	nivel_educacion	b
0	tono	b
0	emociones	h
460	tipo_entidad	h
460	origen_entidad	b
460	proposito	d
460	informacion_presentada	a
460	vision	d
460	consecuencias	c
460	que_muestra	d
460	intencion	f
460	localizacion_problema	c
460	involucrados	c
460	formalidad	a
460	nivel_educacion	b
460	tono	b
460	emociones	h
460	tipo_entidad	h
460	origen_entidad	b
460	proposito	d
460	informacion_presentada	a
460	vision	d
460	consecuencias	c
460	que_muestra	d
460	intencion	a
460	localizacion_problema	c
460	involucrados	f e a b c
460	formalidad	a
460	nivel_educacion	b
460	tono	a
460	emociones	h
460	tipo_entidad	h
460	origen_entidad	b
460	proposito	d
460	informacion_presentada	a
460	vision	d
460	consecuencias	d
460	que_muestra	d
460	intencion	b
460	localizacion_problema	c
460	involucrados	c
460	formalidad	a
460	nivel_educacion	b
460	tono	a
460	emociones	h
503	tipo_entidad	e
503	origen_entidad	b
503	proposito	b
503	informacion_presentada	a
503	vision	d
503	consecuencias	d
503	que_muestra	d
503	intencion	e
503	formalidad	a
503	nivel_educacion	b
503	tono	b
503	emociones	g
503	tipo_entidad	h
503	origen_entidad	b
503	proposito	b
503	informacion_presentada	a
503	vision	d
503	consecuencias	c
503	que_muestra	d
503	intencion	f
503	localizacion_problema	c
503	formalidad	a
503	tono	b
503	emociones	f
503	tipo_entidad	h
503	origen_entidad	b
503	proposito	g h
503	informacion_presentada	a
503	vision	d
503	que_muestra	d
503	intencion	f
503	localizacion_problema	c
503	involucrados	f c
503	formalidad	a
503	nivel_educacion	b
503	tono	b
503	emociones	h
236	tipo_entidad	h
236	origen_entidad	b
236	proposito	d
236	informacion_presentada	a
236	vision	d
236	consecuencias	d
236	que_muestra	d
236	intencion	b
236	localizacion_problema	b
236	involucrados	e
236	formalidad	a
236	nivel_educacion	b
236	tono	b
236	emociones	g
236	tipo_entidad	h
236	origen_entidad	b
236	proposito	a b
236	informacion_presentada	a
236	vision	d
236	consecuencias	d
236	que_muestra	d
236	intencion	b
236	localizacion_problema	c
236	involucrados	g
236	formalidad	a
236	nivel_educacion	b
236	tono	b
236	emociones	h
236	tipo_entidad	h
236	origen_entidad	b
236	proposito	d
236	informacion_presentada	a
236	vision	d
236	consecuencias	d
236	que_muestra	c
236	intencion	a
236	localizacion_problema	c
236	involucrados	c
236	formalidad	a
236	nivel_educacion	b
236	tono	b
236	emociones	h
124	tipo_entidad	h
124	origen_entidad	b
124	proposito	d
124	informacion_presentada	a
124	vision	d
124	consecuencias	c
124	que_muestra	c
124	intencion	a
124	localizacion_problema	b
124	involucrados	c
124	formalidad	a
124	nivel_educacion	b
124	tono	b
124	emociones	h
124	tipo_entidad	h
124	origen_entidad	b
124	proposito	d
124	informacion_presentada	a
124	vision	a
124	consecuencias	c
124	que_muestra	c
124	intencion	c
124	localizacion_problema	c
124	involucrados	c
124	formalidad	a
124	nivel_educacion	b
124	tono	b
124	emociones	h
124	tipo_entidad	h
124	origen_entidad	b
124	proposito	d
124	informacion_presentada	a
124	vision	a
124	consecuencias	c
124	que_muestra	c
124	intencion	a
124	localizacion_problema	b
124	involucrados	e
124	formalidad	a
124	nivel_educacion	b
124	tono	b
124	emociones	h
134	tipo_entidad	a
134	origen_entidad	b
134	proposito	d
134	informacion_presentada	a
134	vision	d
134	consecuencias	a
134	que_muestra	c
134	intencion	a
134	localizacion_problema	c
134	involucrados	f c d
134	formalidad	a
134	nivel_educacion	b
134	tono	a
134	emociones	h
134	tipo_entidad	a
134	origen_entidad	b
134	proposito	d
134	informacion_presentada	a
134	vision	d
134	consecuencias	c
134	que_muestra	c
134	intencion	a
134	localizacion_problema	b
134	involucrados	f d
134	formalidad	a
134	nivel_educacion	b
134	tono	b
134	emociones	g
134	tipo_entidad	a
134	origen_entidad	b
134	proposito	d
134	informacion_presentada	a
134	vision	d
134	consecuencias	c
134	que_muestra	c
134	intencion	a
134	localizacion_problema	b
134	involucrados	f c
134	formalidad	a
134	nivel_educacion	b
134	tono	b
134	emociones	h
542	tipo_entidad	h
542	origen_entidad	b
542	proposito	d
542	informacion_presentada	a
542	vision	d
542	consecuencias	c
542	que_muestra	c
542	intencion	a
542	localizacion_problema	b
542	involucrados	c
542	formalidad	a
542	nivel_educacion	b
542	tono	a
542	emociones	h
542	tipo_entidad	h
542	origen_entidad	b
542	proposito	d
542	informacion_presentada	a
542	vision	d
542	consecuencias	c
542	que_muestra	d
542	intencion	a
542	localizacion_problema	b
542	involucrados	f e
542	formalidad	a
542	nivel_educacion	b
542	tono	b
542	emociones	h
542	tipo_entidad	h
542	origen_entidad	b
542	proposito	d
542	informacion_presentada	a
542	vision	d
542	consecuencias	b
542	que_muestra	c
542	intencion	a
542	localizacion_problema	b
542	involucrados	f e d
542	formalidad	a
542	nivel_educacion	b
542	tono	b
542	emociones	a c d
118	tipo_entidad	h
118	origen_entidad	b
118	proposito	d
118	informacion_presentada	a
118	vision	d
118	consecuencias	a
118	que_muestra	b
118	intencion	a
118	localizacion_problema	b
118	involucrados	f e c
118	formalidad	a
118	nivel_educacion	b
118	tono	a
118	emociones	h
118	tipo_entidad	h
118	origen_entidad	b
118	proposito	d
118	informacion_presentada	a
118	vision	d
118	consecuencias	a
118	que_muestra	c
118	intencion	a
118	localizacion_problema	b
118	involucrados	g
118	formalidad	a
118	nivel_educacion	b
118	tono	b
118	emociones	h
118	tipo_entidad	h
118	origen_entidad	b
118	proposito	d
118	informacion_presentada	a
118	vision	d
118	consecuencias	c
118	que_muestra	d
118	intencion	a
118	localizacion_problema	b
118	involucrados	b
118	formalidad	a
118	nivel_educacion	b
118	tono	b
118	emociones	h
440	tipo_entidad	h
440	origen_entidad	b
440	proposito	d
440	informacion_presentada	a
440	vision	d
440	consecuencias	c
440	que_muestra	d
440	intencion	a
440	localizacion_problema	b
440	involucrados	b g f
440	formalidad	a
440	nivel_educacion	b
440	tono	b
440	emociones	f
440	tipo_entidad	h
440	origen_entidad	b
440	proposito	b d
440	informacion_presentada	a
440	vision	d
440	consecuencias	c
440	que_muestra	b
440	intencion	a
440	localizacion_problema	c
440	involucrados	b c f
440	formalidad	a
440	nivel_educacion	b
440	tono	b
440	emociones	f e
440	tipo_entidad	a
440	origen_entidad	b
440	proposito	d
440	informacion_presentada	a
440	vision	d
440	consecuencias	c
440	que_muestra	c
440	intencion	a
440	localizacion_problema	b
440	involucrados	f g c
440	formalidad	a
440	nivel_educacion	b
440	tono	b
440	emociones	g
197	tipo_entidad	h
197	origen_entidad	b
197	proposito	d
197	informacion_presentada	a
197	vision	d
197	consecuencias	d
197	que_muestra	c
197	intencion	a
197	localizacion_problema	b
197	involucrados	f e a c d
197	formalidad	a
197	nivel_educacion	b
197	tono	b
197	emociones	h
197	tipo_entidad	h
197	origen_entidad	b
197	proposito	d
197	informacion_presentada	a
197	vision	d
197	consecuencias	c
197	que_muestra	d
197	intencion	b
197	localizacion_problema	b
197	involucrados	c
197	formalidad	a
197	nivel_educacion	b
197	tono	a
197	emociones	h
197	tipo_entidad	h
197	origen_entidad	b
197	proposito	d
197	informacion_presentada	a
197	vision	d
197	consecuencias	a
197	que_muestra	d
197	intencion	b
197	localizacion_problema	c
197	involucrados	c
197	formalidad	a
197	nivel_educacion	b
197	tono	a
197	emociones	h
69	tipo_entidad	c
69	origen_entidad	b
69	proposito	d
69	informacion_presentada	a
69	vision	d
69	consecuencias	d
69	que_muestra	b
69	intencion	b
69	localizacion_problema	b
69	involucrados	c
69	formalidad	a
69	nivel_educacion	b
69	tono	b
69	emociones	h
69	tipo_entidad	h
69	origen_entidad	b
69	proposito	d
69	informacion_presentada	a
69	vision	d
69	consecuencias	d
69	que_muestra	d
69	intencion	b
69	localizacion_problema	b
69	involucrados	f h c d
69	formalidad	a
69	nivel_educacion	b
69	tono	b
69	emociones	h
69	tipo_entidad	h
69	origen_entidad	b
69	proposito	d
69	informacion_presentada	a
69	vision	d
69	consecuencias	d
69	que_muestra	c
69	intencion	b
69	localizacion_problema	c
69	involucrados	g e c
69	formalidad	a
69	nivel_educacion	b
69	tono	b
69	emociones	h
241	tipo_entidad	h
241	origen_entidad	a
241	proposito	d
241	informacion_presentada	a
241	vision	d
241	consecuencias	c
241	que_muestra	c
241	intencion	a
241	localizacion_problema	b
241	involucrados	c
241	formalidad	a
241	nivel_educacion	b
241	tono	a
241	emociones	h
241	tipo_entidad	h
241	origen_entidad	b
241	proposito	d
241	informacion_presentada	a
241	vision	d
241	consecuencias	c
241	que_muestra	c
241	intencion	a
241	localizacion_problema	c
241	involucrados	c
241	formalidad	a
241	nivel_educacion	b
241	tono	b
241	emociones	g
241	tipo_entidad	h
241	origen_entidad	b
241	proposito	d
241	informacion_presentada	a
241	vision	d
241	consecuencias	c
241	que_muestra	c
241	intencion	a
241	localizacion_problema	b
241	involucrados	c
241	formalidad	a
241	nivel_educacion	b
241	tono	b
241	emociones	h
37	tipo_entidad	h
37	origen_entidad	b
37	proposito	d
37	informacion_presentada	a
37	vision	d
37	consecuencias	c
37	que_muestra	c
37	intencion	c
37	localizacion_problema	b
37	involucrados	e
37	formalidad	a
37	nivel_educacion	b
37	tono	a
37	emociones	h
37	tipo_entidad	h
37	origen_entidad	b
37	proposito	d
37	informacion_presentada	a
37	vision	d
37	consecuencias	c
37	que_muestra	c
37	intencion	c
37	localizacion_problema	b
37	involucrados	c
37	formalidad	a
37	nivel_educacion	b
37	tono	b
37	emociones	h
37	tipo_entidad	h
37	origen_entidad	b
37	proposito	d
37	informacion_presentada	a
37	vision	d
37	consecuencias	b
37	que_muestra	c
37	intencion	c
37	localizacion_problema	b
37	involucrados	c
37	formalidad	a
37	nivel_educacion	b
37	tono	a
37	emociones	h
595	tipo_entidad	h
595	origen_entidad	b
595	proposito	d
595	informacion_presentada	a
595	vision	d
595	consecuencias	b
595	que_muestra	c
595	intencion	b
595	localizacion_problema	c
595	involucrados	b
595	formalidad	a
595	nivel_educacion	b
595	tono	b
595	emociones	e
595	tipo_entidad	h
595	origen_entidad	a
595	proposito	d
595	informacion_presentada	a
595	vision	d
595	consecuencias	c
595	que_muestra	d
595	intencion	b
595	localizacion_problema	c
595	involucrados	f c
595	formalidad	a
595	nivel_educacion	b
595	tono	b
595	emociones	h
595	tipo_entidad	h
595	origen_entidad	b
595	proposito	d
595	informacion_presentada	a
595	vision	d
595	consecuencias	b
595	que_muestra	c
595	intencion	b
595	localizacion_problema	c
595	involucrados	e d
595	formalidad	a
595	nivel_educacion	b
595	tono	b
595	emociones	h
15	tipo_entidad	h
15	origen_entidad	b
15	proposito	d
15	informacion_presentada	a
15	vision	d
15	consecuencias	a
15	que_muestra	d
15	intencion	e
15	localizacion_problema	c
15	involucrados	c
15	formalidad	a
15	nivel_educacion	b
15	tono	b
15	emociones	h
15	tipo_entidad	d
15	origen_entidad	b
15	proposito	a b
15	informacion_presentada	a
15	vision	d
15	consecuencias	a
15	que_muestra	d
15	intencion	e
15	localizacion_problema	c
15	involucrados	c
15	formalidad	a
15	nivel_educacion	b
15	tono	b
15	emociones	h
15	tipo_entidad	d
15	origen_entidad	b
15	proposito	a b d
15	informacion_presentada	a
15	vision	d
15	consecuencias	a
15	que_muestra	d
15	intencion	c
15	localizacion_problema	c
15	involucrados	c
15	formalidad	a
15	nivel_educacion	b
15	tono	b
15	emociones	h
433	tipo_entidad	b
433	origen_entidad	a
433	proposito	d
433	informacion_presentada	a
433	vision	d
433	consecuencias	a
433	que_muestra	c
433	intencion	c
433	localizacion_problema	a
433	involucrados	a e b
433	formalidad	a
433	nivel_educacion	b
433	tono	b
433	emociones	c
433	tipo_entidad	b
433	origen_entidad	a
433	proposito	d
433	informacion_presentada	a
433	vision	d
433	consecuencias	a
433	que_muestra	a
433	intencion	c
433	localizacion_problema	b
433	involucrados	f e c d
433	formalidad	a
433	nivel_educacion	b
433	tono	b
433	emociones	c
433	tipo_entidad	b
433	origen_entidad	a
433	proposito	h
433	informacion_presentada	a
433	vision	d
433	consecuencias	a
433	que_muestra	c
433	intencion	c
433	localizacion_problema	a
433	involucrados	f e d
433	formalidad	a
433	nivel_educacion	b
433	tono	a
433	emociones	h
96	tipo_entidad	h
96	origen_entidad	b
96	proposito	d
96	informacion_presentada	a
96	vision	d
96	consecuencias	b
96	que_muestra	c
96	intencion	c
96	localizacion_problema	b
96	involucrados	c
96	formalidad	a
96	nivel_educacion	b
96	tono	b
96	emociones	h
96	tipo_entidad	h
96	origen_entidad	b
96	proposito	d
96	informacion_presentada	a
96	vision	a
96	consecuencias	c
96	que_muestra	c
96	intencion	b
96	localizacion_problema	b
96	involucrados	c
96	formalidad	a
96	nivel_educacion	b
96	tono	b
96	emociones	h
96	tipo_entidad	h
96	origen_entidad	b
96	proposito	c
96	informacion_presentada	a
96	vision	a
96	consecuencias	b
96	que_muestra	d
96	intencion	c
96	localizacion_problema	b
96	involucrados	c
96	formalidad	a
96	nivel_educacion	b
96	tono	a
96	emociones	h
336	tipo_entidad	b
336	origen_entidad	a
336	proposito	a
336	informacion_presentada	a
336	vision	b
336	consecuencias	a
336	que_muestra	d
336	intencion	c
336	localizacion_problema	b
336	involucrados	e
336	formalidad	a
336	nivel_educacion	b
336	tono	a
336	emociones	h
336	tipo_entidad	b
336	origen_entidad	a
336	proposito	d
336	informacion_presentada	a
336	vision	b
336	consecuencias	a
336	que_muestra	c
336	intencion	e
336	localizacion_problema	b
336	involucrados	f
336	formalidad	a
336	nivel_educacion	b
336	tono	b
336	emociones	h
336	tipo_entidad	b
336	origen_entidad	a
336	proposito	d
336	informacion_presentada	a
336	vision	d
336	consecuencias	a
336	que_muestra	c
336	intencion	e
336	localizacion_problema	b
336	involucrados	f
336	formalidad	a
336	nivel_educacion	b
336	tono	b
336	emociones	h
295	tipo_entidad	h
295	origen_entidad	b
295	proposito	d
295	informacion_presentada	a
295	vision	d
295	consecuencias	b
295	que_muestra	c
295	intencion	a
295	localizacion_problema	b
295	involucrados	b g f d
295	formalidad	a
295	nivel_educacion	b
295	tono	b
295	emociones	h
295	tipo_entidad	h
295	origen_entidad	b
295	proposito	d
295	informacion_presentada	a
295	vision	d
295	consecuencias	b
295	que_muestra	c
295	intencion	a
295	localizacion_problema	b
295	involucrados	c
295	formalidad	a
295	nivel_educacion	b
295	tono	b
295	emociones	h
295	tipo_entidad	h
295	origen_entidad	b
295	proposito	d
295	informacion_presentada	a
295	vision	d
295	consecuencias	b
295	que_muestra	c
295	intencion	a
295	localizacion_problema	b
295	involucrados	f e
295	formalidad	a
295	nivel_educacion	b
295	tono	b
295	emociones	g
361	tipo_entidad	h
361	origen_entidad	b
361	proposito	d
361	informacion_presentada	a
361	vision	d
361	consecuencias	b
361	que_muestra	d
361	intencion	a
361	localizacion_problema	b
361	involucrados	a c f d
361	formalidad	a
361	nivel_educacion	b
361	tono	b
361	emociones	h
361	tipo_entidad	h
361	origen_entidad	b
361	proposito	d
361	informacion_presentada	a
361	consecuencias	c
361	que_muestra	d
361	intencion	a
361	localizacion_problema	b
361	involucrados	c
361	formalidad	a
361	nivel_educacion	b
361	tono	a
361	emociones	h
361	tipo_entidad	h
361	origen_entidad	b
361	proposito	e
361	informacion_presentada	a
361	consecuencias	c
361	que_muestra	d
361	intencion	b
361	localizacion_problema	b
361	involucrados	e
361	formalidad	a
361	nivel_educacion	b
361	tono	b
184	tipo_entidad	h
184	origen_entidad	a
184	proposito	d
184	informacion_presentada	a
184	vision	a
184	consecuencias	b
184	que_muestra	c
184	intencion	c
184	localizacion_problema	b
184	involucrados	d
184	formalidad	a
184	nivel_educacion	b
184	tono	a
184	emociones	h
184	tipo_entidad	h
184	origen_entidad	b
184	proposito	d
184	informacion_presentada	a
184	vision	d
184	consecuencias	a
184	que_muestra	c
184	intencion	a
184	localizacion_problema	b
184	involucrados	f g e c
184	formalidad	a
184	nivel_educacion	b
184	tono	a
184	emociones	e
184	tipo_entidad	h
184	origen_entidad	b
184	proposito	d
184	informacion_presentada	a
184	vision	d
184	consecuencias	a c b
184	que_muestra	c
184	intencion	c
184	localizacion_problema	b
184	involucrados	b
184	formalidad	a
184	nivel_educacion	b
184	tono	a
184	emociones	e
436	tipo_entidad	b
436	origen_entidad	a
436	proposito	c
436	informacion_presentada	a
436	vision	d
436	consecuencias	c
436	que_muestra	c
436	intencion	a
436	localizacion_problema	b
436	involucrados	c
436	formalidad	a
436	nivel_educacion	b
436	tono	b
436	emociones	f g e a c
436	tipo_entidad	b
436	origen_entidad	a
436	proposito	d
436	informacion_presentada	a
436	vision	d
436	consecuencias	c
436	que_muestra	c
436	intencion	a
436	localizacion_problema	a
436	involucrados	c
436	formalidad	a
436	nivel_educacion	b
436	tono	b
436	emociones	f
436	tipo_entidad	h
436	origen_entidad	b
436	proposito	d
436	informacion_presentada	a
436	vision	d
436	consecuencias	c
436	que_muestra	c
436	intencion	a
436	localizacion_problema	b
436	involucrados	a e f
436	formalidad	a
436	nivel_educacion	b
436	tono	b
436	emociones	c
72	tipo_entidad	h
72	origen_entidad	b
72	proposito	d
72	informacion_presentada	a
72	vision	d
72	consecuencias	c
72	que_muestra	c
72	intencion	a
72	localizacion_problema	c
72	involucrados	a
72	formalidad	a
72	nivel_educacion	b
72	tono	b
72	emociones	h
72	tipo_entidad	h
72	origen_entidad	b
72	proposito	d
72	informacion_presentada	a
72	vision	d
72	consecuencias	c
72	que_muestra	c
72	intencion	b
72	localizacion_problema	b
72	involucrados	c
72	formalidad	a
72	nivel_educacion	b
72	tono	b
72	emociones	f
72	tipo_entidad	h
72	origen_entidad	b
72	proposito	d
72	informacion_presentada	a
72	vision	d
72	consecuencias	a
72	que_muestra	c
72	intencion	b
72	localizacion_problema	b
72	involucrados	b
72	formalidad	a
72	nivel_educacion	b
72	tono	a
72	emociones	h
314	tipo_entidad	f
314	origen_entidad	b
314	proposito	a b d
314	informacion_presentada	a
314	vision	d
314	consecuencias	d
314	que_muestra	d
314	intencion	b
314	localizacion_problema	c
314	involucrados	c
314	formalidad	a
314	nivel_educacion	b
314	tono	b
314	emociones	h
314	tipo_entidad	f
314	origen_entidad	b
314	proposito	d
314	informacion_presentada	a
314	vision	d
314	consecuencias	d
314	que_muestra	d
314	intencion	b
314	localizacion_problema	c
314	involucrados	c
314	formalidad	a
314	nivel_educacion	b
314	tono	a
314	emociones	h
314	tipo_entidad	f
314	origen_entidad	b
314	proposito	a
314	informacion_presentada	a
314	vision	d
314	consecuencias	d
314	que_muestra	d
314	intencion	f
314	localizacion_problema	c
314	involucrados	c
314	formalidad	a
314	nivel_educacion	b
314	tono	b
314	emociones	h
518	tipo_entidad	d
518	origen_entidad	b
518	proposito	d
518	informacion_presentada	a
518	vision	d
518	consecuencias	a
518	que_muestra	c
518	intencion	b
518	localizacion_problema	b
518	involucrados	b
518	formalidad	a
518	nivel_educacion	b
518	tono	a
518	emociones	g
518	tipo_entidad	e
518	origen_entidad	b
518	proposito	e
518	informacion_presentada	a
518	vision	d
518	consecuencias	a
518	que_muestra	d
518	intencion	b
518	localizacion_problema	b
518	involucrados	f c
518	formalidad	a
518	nivel_educacion	b
518	tono	c
518	emociones	g
518	tipo_entidad	d
518	origen_entidad	a
518	proposito	b
518	informacion_presentada	a
518	vision	d
518	consecuencias	a
518	que_muestra	d
518	intencion	b
518	localizacion_problema	b
518	involucrados	f e c d
518	formalidad	a
518	nivel_educacion	b
518	tono	b
518	emociones	f
208	tipo_entidad	h
208	origen_entidad	b
208	proposito	d
208	informacion_presentada	a
208	vision	d
208	consecuencias	a
208	que_muestra	c
208	intencion	b
208	localizacion_problema	b
208	involucrados	e c
208	formalidad	a
208	nivel_educacion	b
208	tono	a
208	emociones	g
208	tipo_entidad	h
208	origen_entidad	b
208	proposito	d
208	informacion_presentada	a
208	vision	d
208	consecuencias	a
208	que_muestra	a
208	intencion	c
208	localizacion_problema	b
208	involucrados	c
208	formalidad	a
208	nivel_educacion	b
208	tono	a
208	emociones	h
208	tipo_entidad	h
208	origen_entidad	b
208	proposito	d
208	informacion_presentada	a
208	vision	d
208	consecuencias	a
208	que_muestra	d
208	intencion	b
208	localizacion_problema	b
208	involucrados	c
208	formalidad	a
208	nivel_educacion	b
208	tono	b
208	emociones	c
321	tipo_entidad	b
321	origen_entidad	a
321	proposito	d
321	informacion_presentada	a
321	vision	d
321	consecuencias	d
321	que_muestra	d
321	intencion	b
321	localizacion_problema	b
321	involucrados	a h c b
321	formalidad	a
321	nivel_educacion	b
321	tono	b
321	emociones	h
321	tipo_entidad	b
321	origen_entidad	b
321	proposito	d
321	informacion_presentada	a
321	vision	d
321	consecuencias	c
321	que_muestra	c
321	intencion	b
321	localizacion_problema	b
321	involucrados	a e c f
321	formalidad	a
321	nivel_educacion	b
321	tono	b
321	emociones	h
321	tipo_entidad	b
321	origen_entidad	a
321	proposito	e
321	informacion_presentada	a
321	vision	d
321	consecuencias	d
321	que_muestra	d
321	intencion	b
321	localizacion_problema	b
321	involucrados	g e c d
321	formalidad	a
321	nivel_educacion	b
321	tono	a
321	emociones	g
28	tipo_entidad	h
28	origen_entidad	b
28	proposito	d
28	informacion_presentada	a
28	vision	d
28	consecuencias	c
28	que_muestra	d
28	intencion	e
28	localizacion_problema	b
28	involucrados	b
28	formalidad	a
28	nivel_educacion	b
28	tono	b
28	emociones	h
28	tipo_entidad	h
28	origen_entidad	b
28	proposito	d
28	informacion_presentada	a
28	vision	d
28	consecuencias	c
28	que_muestra	c
28	intencion	b
28	localizacion_problema	b
28	involucrados	c
28	formalidad	a
28	nivel_educacion	b
28	tono	b
28	emociones	h
28	tipo_entidad	h
28	origen_entidad	b
28	proposito	d
28	informacion_presentada	a
28	vision	d
28	consecuencias	c
28	que_muestra	d
28	intencion	c
28	localizacion_problema	b
28	involucrados	c
28	formalidad	a
28	nivel_educacion	b
28	tono	b
28	emociones	h
585	tipo_entidad	b
585	origen_entidad	a
585	proposito	d
585	informacion_presentada	a
585	vision	d
585	consecuencias	c
585	que_muestra	c
585	intencion	c
585	localizacion_problema	c
585	involucrados	a e c f
585	formalidad	a
585	nivel_educacion	b
585	tono	a
585	emociones	h
585	tipo_entidad	b
585	origen_entidad	a
585	proposito	d
585	informacion_presentada	a
585	vision	d
585	consecuencias	c
585	que_muestra	c
585	intencion	c
585	localizacion_problema	c
585	involucrados	f
585	formalidad	a
585	nivel_educacion	b
585	tono	a
585	emociones	g
585	tipo_entidad	b
585	origen_entidad	a
585	proposito	b
585	informacion_presentada	a
585	vision	d
585	consecuencias	c
585	que_muestra	c
585	intencion	c
585	localizacion_problema	b
585	involucrados	a f g b
585	formalidad	a
585	nivel_educacion	b
585	tono	a
585	emociones	h
307	tipo_entidad	h
307	origen_entidad	b
307	proposito	d
307	informacion_presentada	a
307	vision	d
307	consecuencias	c
307	que_muestra	d
307	intencion	a
307	localizacion_problema	c
307	involucrados	c
307	formalidad	a
307	nivel_educacion	b
307	tono	b
307	emociones	h
307	tipo_entidad	h
307	origen_entidad	b
307	proposito	a
307	informacion_presentada	a
307	vision	d
307	consecuencias	a c b
307	que_muestra	d
307	intencion	a
307	localizacion_problema	c
307	involucrados	c
307	formalidad	a
307	nivel_educacion	b
307	tono	b
307	emociones	h
307	tipo_entidad	h
307	origen_entidad	b
307	proposito	d
307	informacion_presentada	a
307	vision	d
307	consecuencias	d
307	que_muestra	c
307	intencion	b
307	localizacion_problema	c
307	involucrados	c
307	formalidad	a
307	nivel_educacion	b
307	tono	b
307	emociones	h
424	tipo_entidad	a
424	origen_entidad	b
424	proposito	d
424	informacion_presentada	a
424	vision	d
424	consecuencias	c
424	que_muestra	c
424	intencion	a
424	localizacion_problema	b
424	involucrados	f e d
424	formalidad	a
424	nivel_educacion	b
424	tono	b
424	emociones	h
424	tipo_entidad	a
424	origen_entidad	b
424	proposito	d
424	informacion_presentada	a
424	vision	d
424	consecuencias	c
424	que_muestra	d
424	intencion	a
424	localizacion_problema	b
424	involucrados	a f
424	formalidad	a
424	nivel_educacion	b
424	tono	b
424	emociones	h
424	tipo_entidad	a
424	origen_entidad	b
424	proposito	d
424	informacion_presentada	a
424	vision	d
424	consecuencias	c
424	que_muestra	c
424	intencion	a
424	localizacion_problema	b
424	involucrados	c
424	formalidad	a
424	nivel_educacion	b
424	tono	b
424	emociones	g
500	tipo_entidad	h
500	proposito	d
500	informacion_presentada	a
500	vision	d
500	consecuencias	d
500	que_muestra	d
500	intencion	a
500	localizacion_problema	b
500	involucrados	f
500	formalidad	a
500	nivel_educacion	b
500	tono	b
500	emociones	h
500	tipo_entidad	h
500	proposito	d
500	informacion_presentada	a
500	consecuencias	c
500	que_muestra	c
500	intencion	a
500	localizacion_problema	b
500	involucrados	f c d
500	formalidad	a
500	nivel_educacion	b
500	tono	a
500	emociones	g
500	tipo_entidad	h
500	origen_entidad	b
500	proposito	d
500	informacion_presentada	a
500	vision	d
500	consecuencias	d
500	que_muestra	d
500	intencion	a
500	localizacion_problema	c
500	involucrados	c
500	formalidad	a
500	nivel_educacion	b
500	tono	b
500	emociones	h
213	tipo_entidad	a
213	origen_entidad	b
213	proposito	d
213	informacion_presentada	a
213	vision	d
213	consecuencias	c
213	que_muestra	c
213	intencion	a
213	localizacion_problema	b
213	involucrados	a f e b
213	formalidad	a
213	nivel_educacion	b
213	tono	b
213	emociones	h
213	tipo_entidad	a
213	origen_entidad	b
213	proposito	d
213	informacion_presentada	a
213	vision	d
213	consecuencias	a c
213	que_muestra	c
213	intencion	a
213	localizacion_problema	b
213	involucrados	a g b d
213	formalidad	a
213	nivel_educacion	b
213	tono	b
213	emociones	h
213	tipo_entidad	a
213	origen_entidad	b
213	proposito	d
213	informacion_presentada	a
213	vision	d
213	consecuencias	c
213	que_muestra	c
213	intencion	a
213	localizacion_problema	b
213	involucrados	b
213	formalidad	a
213	nivel_educacion	b
213	tono	b
213	emociones	f e
322	tipo_entidad	b
322	origen_entidad	a
322	proposito	d
322	informacion_presentada	a
322	vision	d
322	consecuencias	c
322	que_muestra	a
322	intencion	a
322	localizacion_problema	b
322	involucrados	c
322	formalidad	a
322	nivel_educacion	b
322	tono	a
322	emociones	h
322	tipo_entidad	b
322	origen_entidad	b
322	proposito	g e c d
322	informacion_presentada	a
322	vision	d
322	consecuencias	c
322	que_muestra	c
322	intencion	a
322	localizacion_problema	b
322	involucrados	c
322	formalidad	a
322	nivel_educacion	b
322	tono	a
322	emociones	a
322	tipo_entidad	b
322	origen_entidad	b
322	proposito	d
322	informacion_presentada	a
322	vision	d
322	consecuencias	c
322	que_muestra	c
322	intencion	a
322	localizacion_problema	b
322	involucrados	c
322	formalidad	a
322	nivel_educacion	b
322	tono	a
322	emociones	g
252	tipo_entidad	b
252	origen_entidad	a
252	proposito	e
252	informacion_presentada	a
252	vision	d
252	consecuencias	d
252	que_muestra	c
252	intencion	c
252	localizacion_problema	a
252	involucrados	c
252	formalidad	a
252	nivel_educacion	b
252	tono	a
252	emociones	g
252	tipo_entidad	b
252	origen_entidad	a
252	proposito	e
252	informacion_presentada	a
252	vision	d
252	consecuencias	d
252	que_muestra	c
252	intencion	a
252	localizacion_problema	c
252	involucrados	b
252	formalidad	a
252	nivel_educacion	b
252	tono	a
252	emociones	h
252	tipo_entidad	b
252	origen_entidad	a
252	proposito	e
252	informacion_presentada	a
252	vision	d
252	consecuencias	a
252	que_muestra	d
252	intencion	c
252	localizacion_problema	b
252	involucrados	b
252	formalidad	a
252	nivel_educacion	b
252	tono	a
252	emociones	a
70	tipo_entidad	h
70	origen_entidad	b
70	proposito	d
70	informacion_presentada	a
70	vision	d
70	consecuencias	c
70	que_muestra	d
70	intencion	b
70	localizacion_problema	c
70	involucrados	a
70	formalidad	a
70	nivel_educacion	b
70	tono	b
70	emociones	c
70	tipo_entidad	d
70	origen_entidad	b
70	proposito	b
70	informacion_presentada	a
70	vision	d
70	consecuencias	a
70	que_muestra	d
70	intencion	b
70	localizacion_problema	b
70	involucrados	e
70	formalidad	a
70	tono	b
70	emociones	h
70	tipo_entidad	d
70	origen_entidad	b
70	proposito	d
70	informacion_presentada	a
70	vision	d
70	consecuencias	a
70	que_muestra	c
70	intencion	b
70	localizacion_problema	b
70	involucrados	f e c d h
70	formalidad	a
70	nivel_educacion	b
70	tono	a
70	emociones	h
457	tipo_entidad	h
457	origen_entidad	b
457	proposito	d
457	informacion_presentada	a
457	vision	d
457	consecuencias	b
457	que_muestra	c
457	intencion	a
457	localizacion_problema	b
457	involucrados	f e
457	formalidad	a
457	nivel_educacion	b
457	tono	b
457	emociones	e
457	tipo_entidad	h
457	origen_entidad	b
457	proposito	d
457	informacion_presentada	a
457	vision	d
457	consecuencias	b
457	que_muestra	d
457	intencion	a
457	localizacion_problema	b
457	involucrados	f e c d
457	formalidad	a
457	nivel_educacion	b
457	tono	b
457	emociones	h
457	tipo_entidad	h
457	origen_entidad	b
457	proposito	d
457	informacion_presentada	a
457	vision	d
457	consecuencias	a
457	que_muestra	c
457	intencion	a
457	localizacion_problema	b
457	involucrados	a e
457	formalidad	a
457	nivel_educacion	b
457	tono	a
457	emociones	e
375	tipo_entidad	b
375	origen_entidad	a
375	proposito	d
375	informacion_presentada	a
375	vision	d
375	consecuencias	c
375	que_muestra	a
375	intencion	c
375	localizacion_problema	b
375	involucrados	c
375	formalidad	a
375	nivel_educacion	b
375	tono	a
375	emociones	e
375	tipo_entidad	b
375	origen_entidad	a
375	proposito	d
375	informacion_presentada	a
375	vision	d
375	consecuencias	d
375	que_muestra	d
375	intencion	c
375	localizacion_problema	c
375	involucrados	f
375	formalidad	a
375	nivel_educacion	b
375	tono	b
375	emociones	h
375	tipo_entidad	b
375	origen_entidad	a
375	proposito	e
375	informacion_presentada	a
375	vision	d
375	consecuencias	c
375	que_muestra	c
375	intencion	b
375	localizacion_problema	b
375	involucrados	a f
375	formalidad	a
375	nivel_educacion	b
375	tono	a
375	emociones	h
142	tipo_entidad	b
142	origen_entidad	a
142	proposito	d
142	informacion_presentada	a
142	vision	d
142	consecuencias	d
142	que_muestra	d
142	intencion	a
142	localizacion_problema	b
142	involucrados	a
142	formalidad	a
142	nivel_educacion	b
142	tono	a
142	emociones	h
142	tipo_entidad	b
142	origen_entidad	b
142	proposito	d
142	informacion_presentada	a
142	vision	d
142	consecuencias	c
142	que_muestra	c
142	intencion	a
142	localizacion_problema	b
142	involucrados	f e
142	formalidad	a
142	nivel_educacion	b
142	tono	a
142	emociones	g
142	tipo_entidad	b
142	origen_entidad	a
142	proposito	d
142	informacion_presentada	a
142	vision	d
142	consecuencias	a
142	que_muestra	c
142	intencion	a
142	localizacion_problema	c
142	involucrados	d
142	formalidad	a
142	nivel_educacion	b
142	tono	b
142	emociones	h
189	tipo_entidad	b
189	origen_entidad	b
189	proposito	d
189	informacion_presentada	a
189	vision	d
189	consecuencias	a
189	que_muestra	d
189	intencion	c
189	localizacion_problema	b
189	involucrados	f e c
189	formalidad	a
189	nivel_educacion	b
189	tono	b
189	emociones	f
189	tipo_entidad	b
189	origen_entidad	b
189	proposito	d
189	informacion_presentada	a
189	vision	d
189	consecuencias	a
189	que_muestra	d
189	intencion	e
189	localizacion_problema	b
189	involucrados	f e
189	formalidad	a
189	nivel_educacion	b
189	tono	a
189	emociones	g
189	tipo_entidad	b
189	origen_entidad	b
189	proposito	d
189	informacion_presentada	a
189	vision	d
189	consecuencias	a
189	que_muestra	d
189	intencion	c
189	localizacion_problema	b
189	involucrados	c
189	formalidad	a
189	nivel_educacion	b
189	tono	a
189	emociones	h
570	tipo_entidad	h
570	origen_entidad	b
570	proposito	b
570	informacion_presentada	a
570	vision	d
570	consecuencias	d
570	que_muestra	d
570	intencion	a
570	localizacion_problema	c
570	involucrados	c
570	formalidad	a
570	nivel_educacion	b
570	tono	b
570	emociones	h
570	tipo_entidad	h
570	origen_entidad	b
570	proposito	d
570	informacion_presentada	a
570	vision	d
570	consecuencias	c
570	que_muestra	d
570	intencion	e
570	localizacion_problema	b
570	involucrados	g e a b c d
570	formalidad	a
570	nivel_educacion	b
570	tono	b
570	emociones	h
570	tipo_entidad	h
570	origen_entidad	b
570	proposito	b
570	informacion_presentada	a
570	vision	d
570	consecuencias	b
570	que_muestra	c
570	intencion	a
570	localizacion_problema	c
570	involucrados	f e b c d
570	formalidad	a
570	nivel_educacion	b
570	tono	b
570	emociones	h
543	tipo_entidad	d
543	origen_entidad	b
543	proposito	b
543	informacion_presentada	a
543	vision	d
543	consecuencias	d
543	que_muestra	d
543	intencion	a
543	localizacion_problema	c
543	involucrados	c
543	formalidad	a
543	nivel_educacion	b
543	tono	b
543	emociones	d
543	tipo_entidad	e
543	origen_entidad	b
543	proposito	d
543	informacion_presentada	a
543	vision	d
543	consecuencias	a
543	que_muestra	d
543	intencion	a
543	localizacion_problema	b
543	involucrados	f c d
543	formalidad	a
543	nivel_educacion	b
543	tono	b
543	emociones	g
543	tipo_entidad	h
543	origen_entidad	a
543	proposito	b
543	informacion_presentada	a
543	vision	d
543	consecuencias	a
543	que_muestra	d
543	intencion	c
543	localizacion_problema	b
543	involucrados	a f b
543	formalidad	a
543	nivel_educacion	b
543	tono	b
543	emociones	c
509	tipo_entidad	h
509	origen_entidad	b
509	proposito	d
509	informacion_presentada	a
509	vision	d
509	consecuencias	c
509	que_muestra	c
509	intencion	b
509	localizacion_problema	b
509	involucrados	c
509	formalidad	a
509	nivel_educacion	b
509	tono	b
509	emociones	h
509	tipo_entidad	h
509	origen_entidad	b
509	proposito	d
509	informacion_presentada	a
509	vision	d
509	consecuencias	c
509	que_muestra	c
509	intencion	a
509	localizacion_problema	b
509	involucrados	b
509	formalidad	a
509	nivel_educacion	b
509	tono	b
509	emociones	h
509	tipo_entidad	h
509	origen_entidad	b
509	proposito	d
509	informacion_presentada	a
509	vision	d
509	consecuencias	c
509	que_muestra	c
509	intencion	a
509	localizacion_problema	b
509	involucrados	a c
509	formalidad	a
509	nivel_educacion	b
509	tono	b
509	emociones	h
3	tipo_entidad	c
3	origen_entidad	b
3	proposito	d
3	informacion_presentada	a
3	vision	d
3	consecuencias	c
3	que_muestra	c
3	intencion	a
3	localizacion_problema	b
3	involucrados	f e c h
3	formalidad	a
3	nivel_educacion	b
3	tono	b
3	emociones	h
3	tipo_entidad	c
3	origen_entidad	b
3	proposito	d
3	informacion_presentada	a
3	vision	d
3	consecuencias	c
3	que_muestra	c
3	intencion	a
3	localizacion_problema	b
3	involucrados	c
3	formalidad	a
3	nivel_educacion	b
3	tono	a
3	emociones	h
3	tipo_entidad	c
3	origen_entidad	b
3	proposito	d
3	informacion_presentada	a
3	vision	d
3	consecuencias	c
3	que_muestra	b
3	intencion	a
3	localizacion_problema	b
3	involucrados	c
3	formalidad	a
3	nivel_educacion	b
3	tono	a
3	emociones	h
414	tipo_entidad	b
414	origen_entidad	a
414	proposito	d
414	informacion_presentada	a
414	vision	d
414	consecuencias	a
414	que_muestra	c
414	intencion	c
414	localizacion_problema	c
414	involucrados	c
414	formalidad	a
414	nivel_educacion	b
414	tono	a
414	emociones	d
414	tipo_entidad	b
414	origen_entidad	b
414	proposito	d
414	informacion_presentada	a
414	vision	d
414	consecuencias	b
414	que_muestra	d
414	intencion	a
414	localizacion_problema	b
414	involucrados	b
414	formalidad	a
414	nivel_educacion	b
414	tono	a
414	emociones	e
414	tipo_entidad	g
414	origen_entidad	b
414	proposito	d
414	informacion_presentada	a
414	vision	d
414	consecuencias	a
414	que_muestra	d
414	intencion	e
414	localizacion_problema	c
414	involucrados	f g c d
414	formalidad	a
414	nivel_educacion	b
414	tono	a
414	emociones	a
560	tipo_entidad	h
560	origen_entidad	b
560	proposito	d
560	informacion_presentada	a
560	vision	d
560	consecuencias	c
560	que_muestra	d
560	intencion	a
560	localizacion_problema	c
560	involucrados	c
560	formalidad	a
560	nivel_educacion	b
560	tono	a
560	emociones	h
560	tipo_entidad	h
560	origen_entidad	b
560	proposito	d
560	informacion_presentada	a
560	vision	d
560	consecuencias	a
560	que_muestra	d
560	intencion	c
560	localizacion_problema	c
560	involucrados	b
560	formalidad	a
560	nivel_educacion	b
560	tono	b
560	emociones	h
560	tipo_entidad	h
560	origen_entidad	b
560	proposito	d
560	informacion_presentada	a
560	vision	d
560	consecuencias	a
560	que_muestra	a
560	intencion	e
560	localizacion_problema	c
560	involucrados	b g e
560	formalidad	a
560	nivel_educacion	b
560	tono	b
560	emociones	h
363	tipo_entidad	c
363	origen_entidad	b
363	proposito	d
363	informacion_presentada	a
363	vision	d
363	consecuencias	c
363	que_muestra	b
363	intencion	a
363	localizacion_problema	b
363	involucrados	f e c d
363	formalidad	a
363	nivel_educacion	b
363	tono	b
363	emociones	h
363	tipo_entidad	h
363	origen_entidad	b
363	proposito	c
363	informacion_presentada	a
363	vision	d
363	consecuencias	c
363	que_muestra	c
363	intencion	a
363	localizacion_problema	b
363	involucrados	a f e b
363	formalidad	a
363	nivel_educacion	b
363	tono	b
363	emociones	h
363	tipo_entidad	h
363	origen_entidad	b
363	proposito	d
363	informacion_presentada	a
363	vision	d
363	consecuencias	c
363	que_muestra	c
363	intencion	a
363	localizacion_problema	b
363	involucrados	e
363	formalidad	a
363	nivel_educacion	b
363	tono	b
363	emociones	b
288	tipo_entidad	h
288	origen_entidad	b
288	proposito	d
288	informacion_presentada	a
288	vision	d
288	consecuencias	c
288	que_muestra	d
288	intencion	a
288	localizacion_problema	b
288	involucrados	b
288	formalidad	a
288	nivel_educacion	b
288	tono	a
288	emociones	h
288	tipo_entidad	h
288	origen_entidad	a
288	proposito	a g b
288	informacion_presentada	a
288	vision	d
288	consecuencias	c
288	que_muestra	c
288	intencion	a
288	localizacion_problema	b
288	involucrados	f g c
288	formalidad	a
288	nivel_educacion	b
288	tono	a
288	emociones	g
288	tipo_entidad	h
288	origen_entidad	b
288	proposito	d
288	informacion_presentada	a
288	vision	d
288	consecuencias	d
288	que_muestra	d
288	intencion	a
288	localizacion_problema	c
288	involucrados	a e f d
288	formalidad	a
288	nivel_educacion	b
288	tono	a
288	emociones	h
311	tipo_entidad	h
311	origen_entidad	b
311	proposito	f g e a b c d i h
311	informacion_presentada	a
311	vision	d
311	consecuencias	a c b
311	que_muestra	c
311	intencion	a
311	localizacion_problema	c
311	involucrados	a g c f
311	formalidad	a
311	nivel_educacion	b
311	tono	a
311	emociones	h
311	tipo_entidad	h
311	origen_entidad	b
311	proposito	a
311	informacion_presentada	a
311	vision	d
311	consecuencias	a
311	que_muestra	a
311	intencion	c
311	localizacion_problema	c
311	involucrados	c
311	formalidad	a
311	tono	b
311	emociones	e
311	tipo_entidad	h
311	origen_entidad	b
311	proposito	f g e a b c d i h
311	informacion_presentada	a
311	vision	d
311	consecuencias	a
311	que_muestra	a
311	intencion	a
311	localizacion_problema	b
311	involucrados	c
311	formalidad	a
311	nivel_educacion	b
311	tono	b
311	emociones	h
346	tipo_entidad	g
346	origen_entidad	a
346	proposito	d
346	informacion_presentada	b
346	vision	d
346	consecuencias	c
346	que_muestra	c
346	intencion	e
346	localizacion_problema	a
346	involucrados	b
346	formalidad	b
346	nivel_educacion	b
346	tono	b
346	emociones	h
346	tipo_entidad	a
346	origen_entidad	b
346	proposito	d
346	informacion_presentada	b
346	vision	d
346	consecuencias	c
346	que_muestra	c
346	intencion	a
346	localizacion_problema	b
346	involucrados	g e d
346	formalidad	b
346	nivel_educacion	b
346	tono	b
346	emociones	h
346	tipo_entidad	d
346	origen_entidad	b
346	proposito	d
346	informacion_presentada	b
346	vision	d
346	consecuencias	c
346	que_muestra	b
346	intencion	a
346	localizacion_problema	a
346	involucrados	e d
346	formalidad	a
346	nivel_educacion	b
346	tono	b
346	emociones	h
514	tipo_entidad	h
514	origen_entidad	b
514	proposito	d
514	informacion_presentada	a
514	vision	d
514	consecuencias	a
514	que_muestra	c
514	intencion	b
514	localizacion_problema	b
514	involucrados	f e c h
514	formalidad	a
514	nivel_educacion	b
514	tono	b
514	emociones	h
514	tipo_entidad	h
514	origen_entidad	b
514	proposito	d
514	informacion_presentada	a
514	vision	d
514	consecuencias	a
514	que_muestra	c
514	intencion	b
514	localizacion_problema	b
514	involucrados	f e a c d
514	formalidad	a
514	nivel_educacion	b
514	tono	b
514	emociones	g
514	tipo_entidad	h
514	origen_entidad	b
514	proposito	d
514	informacion_presentada	a
514	vision	d
514	consecuencias	a
514	que_muestra	d
514	intencion	b
514	localizacion_problema	b
514	involucrados	b e c f
514	formalidad	a
514	nivel_educacion	b
514	tono	b
514	emociones	h
1	tipo_entidad	h
1	origen_entidad	b
1	proposito	d
1	informacion_presentada	a
1	vision	d
1	consecuencias	c
1	que_muestra	c
1	intencion	a
1	localizacion_problema	b
1	involucrados	c
1	formalidad	a
1	nivel_educacion	b
1	tono	b
1	emociones	h
1	tipo_entidad	h
1	origen_entidad	b
1	proposito	d
1	informacion_presentada	a
1	vision	d
1	consecuencias	a
1	que_muestra	c
1	intencion	c
1	localizacion_problema	c
1	involucrados	c
1	formalidad	a
1	nivel_educacion	b
1	tono	b
1	emociones	e
1	tipo_entidad	h
1	origen_entidad	b
1	proposito	d
1	informacion_presentada	a
1	vision	d
1	consecuencias	a
1	que_muestra	d
1	intencion	a
1	localizacion_problema	b
1	involucrados	e c
1	formalidad	a
1	nivel_educacion	b
1	tono	b
1	emociones	h
421	tipo_entidad	h
421	origen_entidad	b
421	proposito	d
421	informacion_presentada	a
421	vision	a b d
421	consecuencias	c
421	que_muestra	d
421	intencion	a
421	localizacion_problema	b
421	involucrados	c
421	formalidad	a
421	nivel_educacion	b
421	tono	b
421	emociones	h
421	tipo_entidad	h
421	origen_entidad	b
421	proposito	d
421	informacion_presentada	a
421	vision	d
421	consecuencias	c
421	que_muestra	d
421	intencion	a
421	localizacion_problema	c
421	involucrados	f c
421	formalidad	a
421	nivel_educacion	b
421	tono	b
421	emociones	h
421	tipo_entidad	h
421	origen_entidad	b
421	proposito	d
421	informacion_presentada	a
421	vision	d
421	consecuencias	c
421	que_muestra	d
421	intencion	a
421	localizacion_problema	b
421	involucrados	b
421	formalidad	a
421	nivel_educacion	b
421	tono	b
421	emociones	h
10	tipo_entidad	h
10	origen_entidad	b
10	proposito	g d
10	informacion_presentada	a
10	vision	d
10	consecuencias	b
10	que_muestra	d
10	intencion	a
10	localizacion_problema	b
10	involucrados	g e c
10	formalidad	a
10	nivel_educacion	b
10	tono	a
10	emociones	c
10	tipo_entidad	h
10	origen_entidad	b
10	proposito	g e d
10	informacion_presentada	a
10	vision	d
10	consecuencias	d
10	que_muestra	c
10	intencion	b
10	localizacion_problema	b
10	involucrados	a f c b
10	formalidad	a
10	nivel_educacion	b
10	tono	b
10	emociones	g
10	tipo_entidad	g
10	origen_entidad	b
10	proposito	g d
10	informacion_presentada	a
10	vision	a c b d
10	consecuencias	b
10	que_muestra	c
10	intencion	a
10	localizacion_problema	b
10	involucrados	a c f
10	formalidad	a
10	nivel_educacion	b
10	tono	a
10	emociones	e
521	tipo_entidad	h
521	origen_entidad	b
521	proposito	d
521	informacion_presentada	a
521	vision	d
521	consecuencias	a c
521	que_muestra	c
521	intencion	a
521	localizacion_problema	b
521	involucrados	c
521	formalidad	a
521	nivel_educacion	b
521	tono	a
521	emociones	e
521	tipo_entidad	h
521	origen_entidad	b
521	proposito	d
521	informacion_presentada	a
521	vision	d
521	consecuencias	a c
521	que_muestra	c
521	intencion	b
521	localizacion_problema	b
521	involucrados	f e c d
521	formalidad	a
521	nivel_educacion	b
521	tono	b
521	emociones	e
521	tipo_entidad	h
521	origen_entidad	b
521	proposito	d
521	informacion_presentada	a
521	vision	d
521	consecuencias	a b
521	que_muestra	c
521	intencion	a
521	localizacion_problema	b
521	involucrados	b c f d
521	formalidad	a
521	nivel_educacion	b
521	tono	a
521	emociones	e
364	tipo_entidad	h
364	origen_entidad	b
364	proposito	d
364	informacion_presentada	a
364	vision	a
364	consecuencias	c
364	que_muestra	c
364	intencion	a
364	localizacion_problema	c
364	involucrados	f g e a c
364	formalidad	a
364	nivel_educacion	b
364	tono	a
364	emociones	h
364	tipo_entidad	h
364	origen_entidad	b
364	proposito	b
364	informacion_presentada	a
364	vision	a
364	consecuencias	c
364	que_muestra	c
364	intencion	a
364	localizacion_problema	c
364	involucrados	a
364	formalidad	a
364	nivel_educacion	b
364	tono	a
364	emociones	d
364	tipo_entidad	h
364	origen_entidad	b
364	proposito	d
364	informacion_presentada	a
364	vision	a
364	consecuencias	c
364	que_muestra	c
364	intencion	e
364	localizacion_problema	c
364	involucrados	b
364	formalidad	a
364	nivel_educacion	b
364	tono	a
364	emociones	h
66	tipo_entidad	h
66	origen_entidad	b
66	proposito	b
66	informacion_presentada	a
66	vision	d
66	consecuencias	c
66	que_muestra	c
66	intencion	a
66	localizacion_problema	b
66	involucrados	c
66	formalidad	a
66	nivel_educacion	b
66	tono	b
66	emociones	h
66	tipo_entidad	h
66	origen_entidad	b
66	proposito	d
66	informacion_presentada	a
66	vision	d
66	consecuencias	c
66	que_muestra	c
66	intencion	a
66	localizacion_problema	c
66	involucrados	c
66	formalidad	a
66	nivel_educacion	b
66	tono	b
66	emociones	h
66	tipo_entidad	h
66	origen_entidad	b
66	proposito	d
66	informacion_presentada	a
66	vision	d
66	consecuencias	c
66	que_muestra	d
66	intencion	b
66	localizacion_problema	c
66	involucrados	c
66	formalidad	a
66	nivel_educacion	b
66	tono	b
66	emociones	h
437	tipo_entidad	h
437	origen_entidad	a
437	proposito	e
437	informacion_presentada	a
437	vision	d
437	consecuencias	c
437	que_muestra	c
437	intencion	a
437	localizacion_problema	c
437	involucrados	c
437	formalidad	a
437	nivel_educacion	b
437	tono	b
437	emociones	h
437	tipo_entidad	h
437	origen_entidad	b
437	proposito	a
437	informacion_presentada	a
437	vision	d
437	consecuencias	d
437	que_muestra	d
437	intencion	a
437	localizacion_problema	b
437	involucrados	b
437	formalidad	a
437	nivel_educacion	b
437	tono	a
437	emociones	h
437	tipo_entidad	h
437	origen_entidad	b
437	proposito	d
437	informacion_presentada	a
437	vision	d
437	consecuencias	c
437	que_muestra	d
437	intencion	a
437	localizacion_problema	b
437	involucrados	c
437	formalidad	a
437	nivel_educacion	b
437	tono	b
437	emociones	h
161	tipo_entidad	h
161	origen_entidad	b
161	proposito	b
161	informacion_presentada	a
161	vision	a
161	consecuencias	c
161	que_muestra	c
161	intencion	a
161	localizacion_problema	b
161	involucrados	f g e d
161	formalidad	a
161	nivel_educacion	b
161	tono	b
161	emociones	f
161	tipo_entidad	h
161	origen_entidad	a
161	proposito	b
161	informacion_presentada	a
161	vision	a
161	consecuencias	c
161	que_muestra	c
161	intencion	c
161	localizacion_problema	b
161	involucrados	e
161	formalidad	a
161	nivel_educacion	b
161	tono	b
161	emociones	g
161	tipo_entidad	h
161	origen_entidad	a
161	proposito	b
161	informacion_presentada	a
161	vision	a
161	consecuencias	c
161	que_muestra	c
161	intencion	a
161	localizacion_problema	b
161	involucrados	f
161	formalidad	a
161	nivel_educacion	b
161	tono	b
161	emociones	e
71	tipo_entidad	h
71	origen_entidad	a
71	proposito	e
71	informacion_presentada	a
71	vision	d
71	consecuencias	c
71	que_muestra	d
71	intencion	a
71	localizacion_problema	c
71	involucrados	c
71	formalidad	a
71	nivel_educacion	b
71	tono	b
71	emociones	h
71	tipo_entidad	h
71	origen_entidad	a
71	proposito	d
71	informacion_presentada	a
71	vision	d
71	consecuencias	c
71	que_muestra	c
71	intencion	c
71	localizacion_problema	c
71	involucrados	c
71	formalidad	a
71	nivel_educacion	b
71	tono	b
71	emociones	g
71	tipo_entidad	h
71	origen_entidad	a
71	proposito	d
71	informacion_presentada	a
71	vision	d
71	consecuencias	c
71	que_muestra	c
71	intencion	a
71	localizacion_problema	c
71	involucrados	c
71	formalidad	a
71	nivel_educacion	b
71	tono	a
71	emociones	h
296	tipo_entidad	h
296	origen_entidad	b
296	proposito	d
296	informacion_presentada	a
296	vision	d
296	consecuencias	b
296	que_muestra	d
296	intencion	a
296	localizacion_problema	c
296	involucrados	b g e c
296	formalidad	a
296	nivel_educacion	b
296	tono	a
296	emociones	a
296	tipo_entidad	h
296	origen_entidad	b
296	proposito	g e d
296	informacion_presentada	a
296	vision	d
296	consecuencias	a
296	que_muestra	d
296	intencion	c
296	localizacion_problema	b
296	involucrados	f e c
296	formalidad	a
296	nivel_educacion	b
296	tono	a
296	emociones	h
296	tipo_entidad	h
296	origen_entidad	b
296	proposito	d
296	informacion_presentada	a
296	vision	d
296	consecuencias	b
296	que_muestra	c
296	intencion	f
296	localizacion_problema	b
296	involucrados	c
296	formalidad	a
296	nivel_educacion	b
296	tono	a
296	emociones	h
491	tipo_entidad	h
491	origen_entidad	b
491	proposito	d
491	informacion_presentada	a
491	vision	d
491	consecuencias	c
491	que_muestra	c
491	intencion	a
491	localizacion_problema	b
491	involucrados	b
491	formalidad	a
491	nivel_educacion	b
491	tono	b
491	emociones	h
491	tipo_entidad	h
491	origen_entidad	b
491	proposito	d
491	informacion_presentada	a
491	vision	d
491	consecuencias	c
491	que_muestra	c
491	intencion	a
491	localizacion_problema	b
491	involucrados	f h c
491	formalidad	a
491	nivel_educacion	b
491	tono	b
491	emociones	g
491	tipo_entidad	h
491	origen_entidad	b
491	proposito	d
491	informacion_presentada	a
491	vision	d
491	consecuencias	c
491	que_muestra	c
491	intencion	e
491	localizacion_problema	b
491	involucrados	f e c
491	formalidad	a
491	nivel_educacion	b
491	tono	b
491	emociones	h
418	tipo_entidad	b
418	origen_entidad	a
418	proposito	d
418	informacion_presentada	a
418	vision	d
418	consecuencias	a
418	que_muestra	c
418	intencion	b
418	localizacion_problema	b
418	involucrados	a
418	formalidad	a
418	nivel_educacion	b
418	tono	a
418	emociones	h
418	tipo_entidad	b
418	origen_entidad	a
418	proposito	d
418	informacion_presentada	a
418	vision	d
418	consecuencias	a
418	que_muestra	c
418	intencion	a
418	localizacion_problema	b
418	involucrados	c
418	formalidad	a
418	nivel_educacion	b
418	tono	a
418	emociones	h
418	tipo_entidad	b
418	origen_entidad	a
418	proposito	d
418	informacion_presentada	a
418	vision	d
418	consecuencias	a
418	que_muestra	d
418	intencion	c
418	localizacion_problema	b
418	involucrados	f
418	formalidad	a
418	nivel_educacion	b
418	tono	b
418	emociones	g
175	tipo_entidad	h
175	origen_entidad	a
175	proposito	d
175	informacion_presentada	a
175	vision	d
175	consecuencias	c
175	que_muestra	c
175	intencion	a
175	localizacion_problema	b
175	involucrados	f g e d
175	formalidad	a
175	nivel_educacion	b
175	tono	b
175	emociones	h
175	tipo_entidad	h
175	origen_entidad	a
175	proposito	d
175	informacion_presentada	a
175	vision	d
175	consecuencias	c
175	que_muestra	b
175	intencion	a
175	localizacion_problema	b
175	involucrados	f e c d
175	formalidad	a
175	nivel_educacion	b
175	tono	b
175	emociones	g
175	tipo_entidad	h
175	origen_entidad	b
175	proposito	d
175	informacion_presentada	a
175	vision	d
175	consecuencias	c
175	que_muestra	d
175	intencion	a
175	localizacion_problema	b
175	involucrados	f g c
175	formalidad	a
175	nivel_educacion	b
175	tono	b
175	emociones	h
27	tipo_entidad	b
27	origen_entidad	a
27	proposito	i h d
27	informacion_presentada	a
27	vision	d
27	consecuencias	d
27	que_muestra	b
27	intencion	a
27	localizacion_problema	b
27	involucrados	f
27	formalidad	a
27	nivel_educacion	b
27	tono	b
27	emociones	a e b d
27	tipo_entidad	b
27	origen_entidad	b
27	proposito	h e d
27	informacion_presentada	a
27	vision	d
27	consecuencias	a b
27	que_muestra	c
27	intencion	e
27	localizacion_problema	b
27	involucrados	e a b c h
27	formalidad	a
27	nivel_educacion	b
27	tono	b
27	emociones	g
27	tipo_entidad	b
27	origen_entidad	b
27	proposito	d
27	informacion_presentada	a
27	vision	d
27	consecuencias	a
27	que_muestra	c
27	intencion	a e b
27	localizacion_problema	b
27	involucrados	f e
27	formalidad	a
27	nivel_educacion	b
27	tono	b
27	emociones	f g c d
136	tipo_entidad	h
136	origen_entidad	a
136	proposito	d
136	informacion_presentada	a
136	vision	d
136	consecuencias	d
136	que_muestra	c
136	intencion	a
136	localizacion_problema	b
136	involucrados	c
136	formalidad	a
136	nivel_educacion	b
136	tono	b
136	emociones	h
136	tipo_entidad	h
136	origen_entidad	a
136	proposito	d
136	informacion_presentada	a
136	vision	d
136	consecuencias	d
136	que_muestra	d
136	intencion	a
136	localizacion_problema	b
136	involucrados	a f b d
136	formalidad	a
136	nivel_educacion	b
136	tono	b
136	emociones	h
136	tipo_entidad	h
136	origen_entidad	b
136	proposito	d
136	informacion_presentada	a
136	vision	d
136	consecuencias	d
136	que_muestra	d
136	intencion	a
136	localizacion_problema	c
136	involucrados	c
136	formalidad	a
136	nivel_educacion	b
136	tono	b
136	emociones	g
355	tipo_entidad	h
355	origen_entidad	b
355	proposito	b
355	informacion_presentada	a
355	vision	d
355	consecuencias	c
355	que_muestra	b
355	intencion	a
355	localizacion_problema	c
355	involucrados	f
355	formalidad	a
355	nivel_educacion	b
355	tono	b
355	emociones	g
355	tipo_entidad	h
355	origen_entidad	b
355	proposito	b
355	informacion_presentada	a
355	vision	d
355	consecuencias	c
355	que_muestra	c
355	intencion	b
355	localizacion_problema	c
355	involucrados	c
355	formalidad	a
355	nivel_educacion	b
355	tono	b
355	emociones	f
355	tipo_entidad	h
355	origen_entidad	b
355	proposito	b
355	informacion_presentada	a
355	vision	d
355	consecuencias	c
355	que_muestra	d
355	intencion	a
355	localizacion_problema	c
355	involucrados	f g c
355	formalidad	a
355	nivel_educacion	b
355	tono	b
355	emociones	e
100	tipo_entidad	h
100	origen_entidad	b
100	proposito	d
100	informacion_presentada	a
100	vision	d
100	consecuencias	a
100	que_muestra	c
100	intencion	a
100	localizacion_problema	b
100	involucrados	e c
100	formalidad	a
100	nivel_educacion	b
100	tono	a
100	emociones	d
100	tipo_entidad	h
100	origen_entidad	b
100	proposito	g h d
100	informacion_presentada	a
100	vision	d
100	consecuencias	b
100	que_muestra	c
100	intencion	a
100	localizacion_problema	b
100	involucrados	e
100	formalidad	a
100	nivel_educacion	b
100	tono	a
100	emociones	e
100	tipo_entidad	b
100	origen_entidad	a
100	proposito	d
100	informacion_presentada	a
100	vision	d
100	consecuencias	a
100	que_muestra	c
100	intencion	a e c b
100	localizacion_problema	b
100	involucrados	b
100	formalidad	a
100	nivel_educacion	b
100	tono	a
100	emociones	c
177	tipo_entidad	h
177	origen_entidad	b
177	proposito	d
177	informacion_presentada	a
177	vision	d
177	consecuencias	c
177	que_muestra	d
177	intencion	a
177	localizacion_problema	b
177	involucrados	c
177	formalidad	a
177	nivel_educacion	b
177	tono	b
177	emociones	h
177	tipo_entidad	h
177	origen_entidad	b
177	proposito	d
177	informacion_presentada	a
177	vision	d
177	consecuencias	d
177	que_muestra	b
177	intencion	a
177	localizacion_problema	c
177	involucrados	a f b
177	formalidad	a
177	nivel_educacion	b
177	tono	b
177	emociones	h
177	tipo_entidad	h
177	origen_entidad	b
177	proposito	d
177	informacion_presentada	a
177	vision	d
177	consecuencias	c
177	que_muestra	b
177	intencion	a
177	localizacion_problema	b
177	involucrados	c
177	formalidad	a
177	nivel_educacion	b
177	tono	b
177	emociones	h
392	tipo_entidad	b
392	origen_entidad	b
392	proposito	d
392	informacion_presentada	a
392	vision	d
392	consecuencias	c
392	que_muestra	d
392	intencion	f
392	localizacion_problema	b
392	involucrados	c
392	formalidad	a
392	nivel_educacion	b
392	tono	a
392	emociones	h
392	tipo_entidad	b
392	origen_entidad	b
392	proposito	d
392	informacion_presentada	a
392	vision	d
392	consecuencias	c
392	que_muestra	d
392	intencion	c
392	localizacion_problema	c
392	involucrados	e
392	formalidad	a
392	nivel_educacion	b
392	tono	a
392	emociones	h
392	tipo_entidad	b
392	origen_entidad	b
392	proposito	d
392	informacion_presentada	a
392	vision	d
392	consecuencias	c
392	que_muestra	d
392	intencion	a
392	localizacion_problema	b
392	involucrados	e
392	formalidad	a
392	nivel_educacion	b
392	tono	a
392	emociones	h
528	tipo_entidad	b
528	origen_entidad	a
528	proposito	d
528	informacion_presentada	a
528	vision	d
528	consecuencias	a
528	que_muestra	c
528	intencion	a
528	localizacion_problema	b
528	involucrados	c
528	formalidad	a
528	nivel_educacion	b
528	tono	a
528	emociones	h
528	tipo_entidad	b
528	origen_entidad	a
528	proposito	d
528	informacion_presentada	a
528	vision	d
528	consecuencias	a
528	que_muestra	d
528	intencion	a
528	localizacion_problema	c
528	involucrados	b
528	formalidad	a
528	nivel_educacion	b
528	tono	a
528	emociones	a
528	tipo_entidad	b
528	origen_entidad	a
528	proposito	d
528	informacion_presentada	a
528	vision	d
528	consecuencias	c
528	que_muestra	d
528	intencion	d
528	localizacion_problema	b
528	involucrados	f
528	formalidad	a
528	nivel_educacion	b
528	tono	a
528	emociones	a
426	tipo_entidad	h
426	origen_entidad	b
426	proposito	d
426	informacion_presentada	a
426	vision	d
426	consecuencias	c
426	que_muestra	d
426	intencion	a
426	localizacion_problema	a
426	involucrados	b
426	formalidad	a
426	nivel_educacion	b
426	tono	b
426	emociones	h
426	tipo_entidad	h
426	origen_entidad	b
426	proposito	c
426	informacion_presentada	a
426	vision	d
426	consecuencias	c
426	que_muestra	d
426	intencion	a
426	localizacion_problema	a
426	involucrados	f e
426	formalidad	a
426	nivel_educacion	b
426	tono	b
426	emociones	h
426	tipo_entidad	h
426	origen_entidad	b
426	proposito	d
426	informacion_presentada	a
426	vision	d
426	consecuencias	c
426	que_muestra	d
426	intencion	a
426	localizacion_problema	a
426	involucrados	b
426	formalidad	a
426	nivel_educacion	b
426	tono	b
426	emociones	h
95	tipo_entidad	h
95	origen_entidad	b
95	proposito	d
95	informacion_presentada	a
95	vision	d
95	consecuencias	a
95	que_muestra	c
95	intencion	a
95	localizacion_problema	b
95	involucrados	b e c
95	formalidad	a
95	nivel_educacion	b
95	tono	a
95	emociones	e
95	tipo_entidad	h
95	origen_entidad	b
95	proposito	e d
95	informacion_presentada	a b
95	vision	d
95	consecuencias	a
95	que_muestra	c
95	intencion	a
95	localizacion_problema	b
95	involucrados	b c f
95	formalidad	a
95	nivel_educacion	b
95	tono	b
95	emociones	e
95	tipo_entidad	h
95	origen_entidad	b
95	proposito	d
95	informacion_presentada	a
95	vision	d
95	consecuencias	a
95	que_muestra	c
95	intencion	a
95	localizacion_problema	b
95	involucrados	f c
95	formalidad	a
95	nivel_educacion	b
95	tono	a
95	emociones	g
347	tipo_entidad	h
347	origen_entidad	a
347	proposito	b
347	informacion_presentada	a
347	vision	d
347	consecuencias	c
347	que_muestra	b
347	intencion	b
347	localizacion_problema	b
347	involucrados	c
347	formalidad	a
347	nivel_educacion	b
347	tono	b
347	emociones	c
347	tipo_entidad	d
347	origen_entidad	b
347	proposito	e
347	informacion_presentada	a
347	vision	d
347	consecuencias	b
347	que_muestra	d
347	intencion	e
347	localizacion_problema	c
347	involucrados	c
347	formalidad	a
347	nivel_educacion	b
347	tono	b
347	emociones	c
347	tipo_entidad	h
347	origen_entidad	a
347	proposito	d
347	informacion_presentada	a
347	vision	d
347	consecuencias	d
347	que_muestra	d
347	intencion	a
347	localizacion_problema	c
347	involucrados	f c d
347	formalidad	a
347	nivel_educacion	b
347	tono	b
347	emociones	g
173	tipo_entidad	h
173	origen_entidad	b
173	proposito	b
173	informacion_presentada	a
173	vision	d
173	consecuencias	c
173	que_muestra	c
173	intencion	c
173	localizacion_problema	b
173	involucrados	f g c
173	formalidad	a
173	nivel_educacion	b
173	tono	b
173	emociones	c
173	tipo_entidad	h
173	origen_entidad	a
173	proposito	b
173	informacion_presentada	a
173	vision	d
173	consecuencias	c
173	que_muestra	c
173	intencion	c
173	localizacion_problema	b
173	involucrados	b f
173	formalidad	a
173	nivel_educacion	b
173	tono	a
173	emociones	h
173	tipo_entidad	h
173	origen_entidad	a
173	proposito	b
173	informacion_presentada	a
173	vision	d
173	consecuencias	c
173	que_muestra	c
173	intencion	c
173	localizacion_problema	b
173	involucrados	c
173	formalidad	a
173	nivel_educacion	b
173	tono	a
173	emociones	e
501	tipo_entidad	h
501	origen_entidad	b
501	proposito	d
501	informacion_presentada	a
501	vision	d
501	consecuencias	c
501	que_muestra	a
501	intencion	c
501	localizacion_problema	b
501	involucrados	f g c d
501	formalidad	a
501	nivel_educacion	b
501	tono	a
501	emociones	e
501	tipo_entidad	h
501	origen_entidad	b
501	proposito	d
501	informacion_presentada	a
501	vision	d
501	consecuencias	c
501	que_muestra	c
501	intencion	c
501	localizacion_problema	b
501	involucrados	d
501	formalidad	a
501	nivel_educacion	b
501	tono	a
501	emociones	h
501	tipo_entidad	h
501	origen_entidad	b
501	proposito	d
501	informacion_presentada	a
501	vision	d
501	consecuencias	c
501	que_muestra	c
501	intencion	c
501	localizacion_problema	b
501	involucrados	b
501	formalidad	a
501	nivel_educacion	b
501	tono	a
501	emociones	a
9	tipo_entidad	h
9	origen_entidad	b
9	proposito	d
9	informacion_presentada	a
9	vision	a
9	consecuencias	a
9	que_muestra	d
9	intencion	b
9	localizacion_problema	c
9	involucrados	c
9	formalidad	a
9	nivel_educacion	a
9	tono	b
9	emociones	f g e a b c d h
9	tipo_entidad	h
9	origen_entidad	b
9	proposito	a h b d
9	informacion_presentada	a
9	vision	a
9	consecuencias	d
9	que_muestra	d
9	intencion	c
9	localizacion_problema	c
9	involucrados	c
9	formalidad	a
9	nivel_educacion	b
9	tono	b
9	emociones	e a b d h
9	tipo_entidad	h
9	origen_entidad	b
9	proposito	d
9	informacion_presentada	a
9	vision	d
9	consecuencias	a
9	que_muestra	a
9	intencion	a
9	localizacion_problema	c
9	involucrados	c
9	formalidad	a
9	nivel_educacion	a
9	tono	b
9	emociones	h
575	tipo_entidad	h
575	origen_entidad	b
575	proposito	d
575	informacion_presentada	a
575	vision	d
575	consecuencias	a
575	que_muestra	c
575	intencion	a
575	localizacion_problema	b
575	involucrados	a
575	formalidad	a
575	nivel_educacion	b
575	tono	b
575	emociones	e
575	tipo_entidad	h
575	origen_entidad	b
575	proposito	d
575	informacion_presentada	a
575	vision	d
575	consecuencias	a
575	que_muestra	d
575	intencion	a
575	localizacion_problema	c
575	involucrados	c
575	formalidad	a
575	nivel_educacion	b
575	tono	b
575	emociones	h
575	tipo_entidad	h
575	origen_entidad	b
575	proposito	d
575	informacion_presentada	a
575	vision	d
575	consecuencias	a
575	que_muestra	c
575	intencion	a
575	localizacion_problema	b
575	involucrados	b
575	formalidad	a
575	nivel_educacion	b
575	tono	b
575	emociones	h
373	tipo_entidad	h
373	origen_entidad	b
373	proposito	d
373	informacion_presentada	a
373	vision	d
373	consecuencias	c
373	que_muestra	c
373	intencion	a
373	localizacion_problema	b
373	involucrados	c
373	formalidad	a
373	nivel_educacion	b
373	tono	b
373	emociones	e
373	tipo_entidad	h
373	origen_entidad	b
373	proposito	d
373	informacion_presentada	a
373	vision	d
373	consecuencias	c
373	que_muestra	c
373	intencion	b
373	localizacion_problema	b
373	involucrados	a e c f
373	formalidad	a
373	nivel_educacion	b
373	tono	b
373	emociones	h
373	tipo_entidad	h
373	origen_entidad	b
373	proposito	d
373	informacion_presentada	a
373	vision	d
373	consecuencias	c
373	que_muestra	d
373	intencion	b
373	localizacion_problema	b
373	involucrados	f e c d
373	formalidad	a
373	nivel_educacion	b
373	tono	b
373	emociones	h
462	tipo_entidad	b
462	origen_entidad	a
462	proposito	d
462	informacion_presentada	a
462	vision	d
462	consecuencias	b
462	que_muestra	c
462	intencion	b
462	localizacion_problema	c
462	involucrados	b
462	formalidad	a
462	nivel_educacion	b
462	tono	a
462	emociones	h
462	tipo_entidad	b
462	origen_entidad	b
462	proposito	d
462	informacion_presentada	a
462	vision	d
462	consecuencias	d
462	que_muestra	c
462	intencion	c
462	localizacion_problema	c
462	involucrados	b
462	formalidad	a
462	nivel_educacion	b
462	tono	a
462	emociones	g
462	tipo_entidad	b
462	origen_entidad	b
462	proposito	d
462	informacion_presentada	a
462	vision	d
462	consecuencias	d
462	que_muestra	c
462	intencion	c
462	localizacion_problema	c
462	involucrados	b
462	formalidad	a
462	nivel_educacion	b
462	tono	a
462	emociones	h
